Match_ID,Season,Match_Date,City,Venue,Team1,Team2,Toss_Winner,Toss_Decision,Winner,Win_By_Runs,Win_By_Wickets,Player_of_Match,Result,Innings,Batting_Team,Bowling_Team,Batsman,Bowler,Runs_Scored,Extra_Runs,Total_Runs,Wickets,Over,Ball
IPL2018_001,2018,2018-04-07,Bengaluru,M. Chinnaswamy Stadium,Mumbai Indians,Chennai Super Kings,Chennai Super Kings,bat,Mumbai Indians,52,0,Ravindra Jadeja,runs,1,Mumbai Indians,Chennai Super Kings,Shreyas Iyer,Ravindra Jadeja,6,0,6,0,1,1
IPL2018_001,2018,2018-04-07,Bengaluru,M. Chinnaswamy Stadium,Mumbai Indians,Chennai Super Kings,Chennai Super Kings,bat,Mumbai Indians,52,0,Ravindra Jadeja,runs,1,Mumbai Indians,Chennai Super Kings,Ishan Kishan,Faf du Plessis,0,0,0,0,1,2
IPL2018_001,2018,2018-04-07,Bengaluru,M. Chinnaswamy Stadium,Mumbai Indians,Chennai Super Kings,Chennai Super Kings,bat,Mumbai Indians,52,0,Ravindra Jadeja,runs,1,Mumbai Indians,Chennai Super Kings,MS Dhoni,Mohammed Siraj,4,0,4,0,1,3
IPL2018_001,2018,2018-04-07,Bengaluru,M. Chinnaswamy Stadium,Mumbai Indians,Chennai Super Kings,Chennai Super Kings,bat,Mumbai Indians,52,0,Ravindra Jadeja,runs,1,Mumbai Indians,Chennai Super Kings,David Warner,Rohit Sharma,0,1,1,0,1,4
IPL2018_001,2018,2018-04-07,Bengaluru,M. Chinnaswamy Stadium,Mumbai Indians,Chennai Super Kings,Chennai Super Kings,bat,Mumbai Indians,52,0,Ravindra Jadeja,runs,1,Mumbai Indians,Chennai Super Kings,Virat Kohli,MS Dhoni,0,0,0,0,1,5
IPL2018_001,2018,2018-04-07,Bengaluru,M. Chinnaswamy Stadium,Mumbai Indians,Chennai Super Kings,Chennai Super Kings,bat,Mumbai Indians,52,0,Ravindra Jadeja,runs,1,Mumbai Indians,Chennai Super Kings,Jasprit Bumrah,Rashid Khan,0,0,0,0,1,6
IPL2018_001,2018,2018-04-07,Bengaluru,M. Chinnaswamy Stadium,Mumbai Indians,Chennai Super Kings,Chennai Super Kings,bat,Mumbai Indians,52,0,Ravindra Jadeja,runs,1,Mumbai Indians,Chennai Super Kings,Yashasvi Jaiswal,Trent Boult,0,0,0,0,2,1
IPL2018_001,2018,2018-04-07,Bengaluru,M. Chinnaswamy Stadium,Mumbai Indians,Chennai Super Kings,Chennai Super Kings,bat,Mumbai Indians,52,0,Ravindra Jadeja,runs,1,Mumbai Indians,Chennai Super Kings,Virat Kohli,Faf du Plessis,0,0,0,0,2,2
IPL2018_001,2018,2018-04-07,Bengaluru,M. Chinnaswamy Stadium,Mumbai Indians,Chennai Super Kings,Chennai Super Kings,bat,Mumbai Indians,52,0,Ravindra Jadeja,runs,1,Mumbai Indians,Chennai Super Kings,Jasprit Bumrah,Shikhar Dhawan,3,0,3,0,2,3
IPL2018_001,2018,2018-04-07,Bengaluru,M. Chinnaswamy Stadium,Mumbai Indians,Chennai Super Kings,Chennai Super Kings,bat,Mumbai Indians,52,0,Ravindra Jadeja,runs,1,Mumbai Indians,Chennai Super Kings,Pat Cummins,Shikhar Dhawan,1,0,1,0,2,4
IPL2018_001,2018,2018-04-07,Bengaluru,M. Chinnaswamy Stadium,Mumbai Indians,Chennai Super Kings,Chennai Super Kings,bat,Mumbai Indians,52,0,Ravindra Jadeja,runs,2,Chennai Super Kings,Mumbai Indians,Faf du Plessis,David Warner,0,0,0,0,1,1
IPL2018_001,2018,2018-04-07,Bengaluru,M. Chinnaswamy Stadium,Mumbai Indians,Chennai Super Kings,Chennai Super Kings,bat,Mumbai Indians,52,0,Ravindra Jadeja,runs,2,Chennai Super Kings,Mumbai Indians,Rashid Khan,Andre Russell,6,0,6,0,1,2
IPL2018_001,2018,2018-04-07,Bengaluru,M. Chinnaswamy Stadium,Mumbai Indians,Chennai Super Kings,Chennai Super Kings,bat,Mumbai Indians,52,0,Ravindra Jadeja,runs,2,Chennai Super Kings,Mumbai Indians,Mohammed Siraj,Suryakumar Yadav,0,0,0,0,1,3
IPL2018_001,2018,2018-04-07,Bengaluru,M. Chinnaswamy Stadium,Mumbai Indians,Chennai Super Kings,Chennai Super Kings,bat,Mumbai Indians,52,0,Ravindra Jadeja,runs,2,Chennai Super Kings,Mumbai Indians,Nicholas Pooran,Tilak Varma,0,0,0,1,1,4
IPL2018_001,2018,2018-04-07,Bengaluru,M. Chinnaswamy Stadium,Mumbai Indians,Chennai Super Kings,Chennai Super Kings,bat,Mumbai Indians,52,0,Ravindra Jadeja,runs,2,Chennai Super Kings,Mumbai Indians,Virat Kohli,Bhuvneshwar Kumar,4,0,4,0,1,5
IPL2018_001,2018,2018-04-07,Bengaluru,M. Chinnaswamy Stadium,Mumbai Indians,Chennai Super Kings,Chennai Super Kings,bat,Mumbai Indians,52,0,Ravindra Jadeja,runs,2,Chennai Super Kings,Mumbai Indians,Nicholas Pooran,Sanju Samson,0,0,0,0,1,6
IPL2018_001,2018,2018-04-07,Bengaluru,M. Chinnaswamy Stadium,Mumbai Indians,Chennai Super Kings,Chennai Super Kings,bat,Mumbai Indians,52,0,Ravindra Jadeja,runs,2,Chennai Super Kings,Mumbai Indians,Shikhar Dhawan,David Warner,0,1,1,0,2,1
IPL2018_001,2018,2018-04-07,Bengaluru,M. Chinnaswamy Stadium,Mumbai Indians,Chennai Super Kings,Chennai Super Kings,bat,Mumbai Indians,52,0,Ravindra Jadeja,runs,2,Chennai Super Kings,Mumbai Indians,KL Rahul,Suryakumar Yadav,4,0,4,0,2,2
IPL2018_001,2018,2018-04-07,Bengaluru,M. Chinnaswamy Stadium,Mumbai Indians,Chennai Super Kings,Chennai Super Kings,bat,Mumbai Indians,52,0,Ravindra Jadeja,runs,2,Chennai Super Kings,Mumbai Indians,Jos Buttler,Jasprit Bumrah,4,0,4,0,2,3
IPL2018_001,2018,2018-04-07,Bengaluru,M. Chinnaswamy Stadium,Mumbai Indians,Chennai Super Kings,Chennai Super Kings,bat,Mumbai Indians,52,0,Ravindra Jadeja,runs,2,Chennai Super Kings,Mumbai Indians,Bhuvneshwar Kumar,KL Rahul,0,0,0,0,2,4
IPL2019_002,2019,2018-04-10,Hyderabad,Rajiv Gandhi International Stadium,Mumbai Indians,Lucknow Super Giants,Lucknow Super Giants,bat,Lucknow Super Giants,0,2,Trent Boult,wickets,1,Mumbai Indians,Lucknow Super Giants,Nicholas Pooran,Rohit Sharma,1,0,1,0,1,1
IPL2019_002,2019,2018-04-10,Hyderabad,Rajiv Gandhi International Stadium,Mumbai Indians,Lucknow Super Giants,Lucknow Super Giants,bat,Lucknow Super Giants,0,2,Trent Boult,wickets,1,Mumbai Indians,Lucknow Super Giants,Ravindra Jadeja,Andre Russell,2,0,2,0,1,2
IPL2019_002,2019,2018-04-10,Hyderabad,Rajiv Gandhi International Stadium,Mumbai Indians,Lucknow Super Giants,Lucknow Super Giants,bat,Lucknow Super Giants,0,2,Trent Boult,wickets,1,Mumbai Indians,Lucknow Super Giants,Faf du Plessis,Shubman Gill,0,0,0,0,1,3
IPL2019_002,2019,2018-04-10,Hyderabad,Rajiv Gandhi International Stadium,Mumbai Indians,Lucknow Super Giants,Lucknow Super Giants,bat,Lucknow Super Giants,0,2,Trent Boult,wickets,1,Mumbai Indians,Lucknow Super Giants,Prithvi Shaw,Hardik Pandya,1,0,1,1,1,4
IPL2019_002,2019,2018-04-10,Hyderabad,Rajiv Gandhi International Stadium,Mumbai Indians,Lucknow Super Giants,Lucknow Super Giants,bat,Lucknow Super Giants,0,2,Trent Boult,wickets,1,Mumbai Indians,Lucknow Super Giants,MS Dhoni,Faf du Plessis,0,0,0,0,1,5
IPL2019_002,2019,2018-04-10,Hyderabad,Rajiv Gandhi International Stadium,Mumbai Indians,Lucknow Super Giants,Lucknow Super Giants,bat,Lucknow Super Giants,0,2,Trent Boult,wickets,1,Mumbai Indians,Lucknow Super Giants,Ruturaj Gaikwad,Glenn Maxwell,2,1,3,0,1,6
IPL2019_002,2019,2018-04-10,Hyderabad,Rajiv Gandhi International Stadium,Mumbai Indians,Lucknow Super Giants,Lucknow Super Giants,bat,Lucknow Super Giants,0,2,Trent Boult,wickets,1,Mumbai Indians,Lucknow Super Giants,Pat Cummins,Trent Boult,4,0,4,0,2,1
IPL2019_002,2019,2018-04-10,Hyderabad,Rajiv Gandhi International Stadium,Mumbai Indians,Lucknow Super Giants,Lucknow Super Giants,bat,Lucknow Super Giants,0,2,Trent Boult,wickets,1,Mumbai Indians,Lucknow Super Giants,Ishan Kishan,Tilak Varma,0,0,0,0,2,2
IPL2019_002,2019,2018-04-10,Hyderabad,Rajiv Gandhi International Stadium,Mumbai Indians,Lucknow Super Giants,Lucknow Super Giants,bat,Lucknow Super Giants,0,2,Trent Boult,wickets,1,Mumbai Indians,Lucknow Super Giants,Rishabh Pant,Mohammed Siraj,2,0,2,0,2,3
IPL2019_002,2019,2018-04-10,Hyderabad,Rajiv Gandhi International Stadium,Mumbai Indians,Lucknow Super Giants,Lucknow Super Giants,bat,Lucknow Super Giants,0,2,Trent Boult,wickets,1,Mumbai Indians,Lucknow Super Giants,Jasprit Bumrah,Shikhar Dhawan,1,0,1,0,2,4
IPL2019_002,2019,2018-04-10,Hyderabad,Rajiv Gandhi International Stadium,Mumbai Indians,Lucknow Super Giants,Lucknow Super Giants,bat,Lucknow Super Giants,0,2,Trent Boult,wickets,2,Lucknow Super Giants,Mumbai Indians,MS Dhoni,Rohit Sharma,4,0,4,0,1,1
IPL2019_002,2019,2018-04-10,Hyderabad,Rajiv Gandhi International Stadium,Mumbai Indians,Lucknow Super Giants,Lucknow Super Giants,bat,Lucknow Super Giants,0,2,Trent Boult,wickets,2,Lucknow Super Giants,Mumbai Indians,Shreyas Iyer,Rashid Khan,0,0,0,0,1,2
IPL2019_002,2019,2018-04-10,Hyderabad,Rajiv Gandhi International Stadium,Mumbai Indians,Lucknow Super Giants,Lucknow Super Giants,bat,Lucknow Super Giants,0,2,Trent Boult,wickets,2,Lucknow Super Giants,Mumbai Indians,Bhuvneshwar Kumar,Ruturaj Gaikwad,0,0,0,0,1,3
IPL2019_002,2019,2018-04-10,Hyderabad,Rajiv Gandhi International Stadium,Mumbai Indians,Lucknow Super Giants,Lucknow Super Giants,bat,Lucknow Super Giants,0,2,Trent Boult,wickets,2,Lucknow Super Giants,Mumbai Indians,MS Dhoni,Tilak Varma,4,0,4,0,1,4
IPL2019_002,2019,2018-04-10,Hyderabad,Rajiv Gandhi International Stadium,Mumbai Indians,Lucknow Super Giants,Lucknow Super Giants,bat,Lucknow Super Giants,0,2,Trent Boult,wickets,2,Lucknow Super Giants,Mumbai Indians,Rashid Khan,Tilak Varma,2,0,2,0,1,5
IPL2019_002,2019,2018-04-10,Hyderabad,Rajiv Gandhi International Stadium,Mumbai Indians,Lucknow Super Giants,Lucknow Super Giants,bat,Lucknow Super Giants,0,2,Trent Boult,wickets,2,Lucknow Super Giants,Mumbai Indians,Shubman Gill,Hardik Pandya,1,0,1,0,1,6
IPL2019_002,2019,2018-04-10,Hyderabad,Rajiv Gandhi International Stadium,Mumbai Indians,Lucknow Super Giants,Lucknow Super Giants,bat,Lucknow Super Giants,0,2,Trent Boult,wickets,2,Lucknow Super Giants,Mumbai Indians,Suryakumar Yadav,Andre Russell,1,0,1,0,2,1
IPL2019_002,2019,2018-04-10,Hyderabad,Rajiv Gandhi International Stadium,Mumbai Indians,Lucknow Super Giants,Lucknow Super Giants,bat,Lucknow Super Giants,0,2,Trent Boult,wickets,2,Lucknow Super Giants,Mumbai Indians,Pat Cummins,Glenn Maxwell,2,0,2,0,2,2
IPL2019_002,2019,2018-04-10,Hyderabad,Rajiv Gandhi International Stadium,Mumbai Indians,Lucknow Super Giants,Lucknow Super Giants,bat,Lucknow Super Giants,0,2,Trent Boult,wickets,2,Lucknow Super Giants,Mumbai Indians,Rishabh Pant,Sanju Samson,1,0,1,0,2,3
IPL2019_002,2019,2018-04-10,Hyderabad,Rajiv Gandhi International Stadium,Mumbai Indians,Lucknow Super Giants,Lucknow Super Giants,bat,Lucknow Super Giants,0,2,Trent Boult,wickets,2,Lucknow Super Giants,Mumbai Indians,Rishabh Pant,Rishabh Pant,4,0,4,0,2,4
IPL2020_003,2020,2018-04-13,Bengaluru,M. Chinnaswamy Stadium,Kolkata Knight Riders,Rajasthan Royals,Kolkata Knight Riders,bat,Kolkata Knight Riders,0,9,Andre Russell,wickets,1,Kolkata Knight Riders,Rajasthan Royals,Suryakumar Yadav,Prithvi Shaw,0,0,0,0,1,1
IPL2020_003,2020,2018-04-13,Bengaluru,M. Chinnaswamy Stadium,Kolkata Knight Riders,Rajasthan Royals,Kolkata Knight Riders,bat,Kolkata Knight Riders,0,9,Andre Russell,wickets,1,Kolkata Knight Riders,Rajasthan Royals,Pat Cummins,Shikhar Dhawan,1,0,1,0,1,2
IPL2020_003,2020,2018-04-13,Bengaluru,M. Chinnaswamy Stadium,Kolkata Knight Riders,Rajasthan Royals,Kolkata Knight Riders,bat,Kolkata Knight Riders,0,9,Andre Russell,wickets,1,Kolkata Knight Riders,Rajasthan Royals,Faf du Plessis,Rashid Khan,0,0,0,0,1,3
IPL2020_003,2020,2018-04-13,Bengaluru,M. Chinnaswamy Stadium,Kolkata Knight Riders,Rajasthan Royals,Kolkata Knight Riders,bat,Kolkata Knight Riders,0,9,Andre Russell,wickets,1,Kolkata Knight Riders,Rajasthan Royals,Shreyas Iyer,KL Rahul,0,0,0,0,1,4
IPL2020_003,2020,2018-04-13,Bengaluru,M. Chinnaswamy Stadium,Kolkata Knight Riders,Rajasthan Royals,Kolkata Knight Riders,bat,Kolkata Knight Riders,0,9,Andre Russell,wickets,1,Kolkata Knight Riders,Rajasthan Royals,Glenn Maxwell,Bhuvneshwar Kumar,4,0,4,0,1,5
IPL2020_003,2020,2018-04-13,Bengaluru,M. Chinnaswamy Stadium,Kolkata Knight Riders,Rajasthan Royals,Kolkata Knight Riders,bat,Kolkata Knight Riders,0,9,Andre Russell,wickets,1,Kolkata Knight Riders,Rajasthan Royals,Bhuvneshwar Kumar,Rohit Sharma,2,0,2,0,1,6
IPL2020_003,2020,2018-04-13,Bengaluru,M. Chinnaswamy Stadium,Kolkata Knight Riders,Rajasthan Royals,Kolkata Knight Riders,bat,Kolkata Knight Riders,0,9,Andre Russell,wickets,1,Kolkata Knight Riders,Rajasthan Royals,Rashid Khan,Glenn Maxwell,6,0,6,0,2,1
IPL2020_003,2020,2018-04-13,Bengaluru,M. Chinnaswamy Stadium,Kolkata Knight Riders,Rajasthan Royals,Kolkata Knight Riders,bat,Kolkata Knight Riders,0,9,Andre Russell,wickets,1,Kolkata Knight Riders,Rajasthan Royals,Rohit Sharma,Nicholas Pooran,0,0,0,1,2,2
IPL2020_003,2020,2018-04-13,Bengaluru,M. Chinnaswamy Stadium,Kolkata Knight Riders,Rajasthan Royals,Kolkata Knight Riders,bat,Kolkata Knight Riders,0,9,Andre Russell,wickets,1,Kolkata Knight Riders,Rajasthan Royals,KL Rahul,Hardik Pandya,2,0,2,0,2,3
IPL2020_003,2020,2018-04-13,Bengaluru,M. Chinnaswamy Stadium,Kolkata Knight Riders,Rajasthan Royals,Kolkata Knight Riders,bat,Kolkata Knight Riders,0,9,Andre Russell,wickets,1,Kolkata Knight Riders,Rajasthan Royals,Suryakumar Yadav,MS Dhoni,0,0,0,0,2,4
IPL2020_003,2020,2018-04-13,Bengaluru,M. Chinnaswamy Stadium,Kolkata Knight Riders,Rajasthan Royals,Kolkata Knight Riders,bat,Kolkata Knight Riders,0,9,Andre Russell,wickets,2,Rajasthan Royals,Kolkata Knight Riders,Jasprit Bumrah,Prithvi Shaw,0,0,0,0,1,1
IPL2020_003,2020,2018-04-13,Bengaluru,M. Chinnaswamy Stadium,Kolkata Knight Riders,Rajasthan Royals,Kolkata Knight Riders,bat,Kolkata Knight Riders,0,9,Andre Russell,wickets,2,Rajasthan Royals,Kolkata Knight Riders,Mohammed Siraj,Ishan Kishan,0,0,0,0,1,2
IPL2020_003,2020,2018-04-13,Bengaluru,M. Chinnaswamy Stadium,Kolkata Knight Riders,Rajasthan Royals,Kolkata Knight Riders,bat,Kolkata Knight Riders,0,9,Andre Russell,wickets,2,Rajasthan Royals,Kolkata Knight Riders,Shikhar Dhawan,KL Rahul,0,0,0,0,1,3
IPL2020_003,2020,2018-04-13,Bengaluru,M. Chinnaswamy Stadium,Kolkata Knight Riders,Rajasthan Royals,Kolkata Knight Riders,bat,Kolkata Knight Riders,0,9,Andre Russell,wickets,2,Rajasthan Royals,Kolkata Knight Riders,Jasprit Bumrah,Pat Cummins,2,0,2,0,1,4
IPL2020_003,2020,2018-04-13,Bengaluru,M. Chinnaswamy Stadium,Kolkata Knight Riders,Rajasthan Royals,Kolkata Knight Riders,bat,Kolkata Knight Riders,0,9,Andre Russell,wickets,2,Rajasthan Royals,Kolkata Knight Riders,Sunil Narine,Hardik Pandya,0,0,0,0,1,5
IPL2020_003,2020,2018-04-13,Bengaluru,M. Chinnaswamy Stadium,Kolkata Knight Riders,Rajasthan Royals,Kolkata Knight Riders,bat,Kolkata Knight Riders,0,9,Andre Russell,wickets,2,Rajasthan Royals,Kolkata Knight Riders,Ishan Kishan,Prithvi Shaw,0,0,0,0,1,6
IPL2020_003,2020,2018-04-13,Bengaluru,M. Chinnaswamy Stadium,Kolkata Knight Riders,Rajasthan Royals,Kolkata Knight Riders,bat,Kolkata Knight Riders,0,9,Andre Russell,wickets,2,Rajasthan Royals,Kolkata Knight Riders,Pat Cummins,Andre Russell,2,0,2,0,2,1
IPL2020_003,2020,2018-04-13,Bengaluru,M. Chinnaswamy Stadium,Kolkata Knight Riders,Rajasthan Royals,Kolkata Knight Riders,bat,Kolkata Knight Riders,0,9,Andre Russell,wickets,2,Rajasthan Royals,Kolkata Knight Riders,Jos Buttler,Suryakumar Yadav,0,0,0,0,2,2
IPL2020_003,2020,2018-04-13,Bengaluru,M. Chinnaswamy Stadium,Kolkata Knight Riders,Rajasthan Royals,Kolkata Knight Riders,bat,Kolkata Knight Riders,0,9,Andre Russell,wickets,2,Rajasthan Royals,Kolkata Knight Riders,Jos Buttler,Rashid Khan,2,0,2,0,2,3
IPL2020_003,2020,2018-04-13,Bengaluru,M. Chinnaswamy Stadium,Kolkata Knight Riders,Rajasthan Royals,Kolkata Knight Riders,bat,Kolkata Knight Riders,0,9,Andre Russell,wickets,2,Rajasthan Royals,Kolkata Knight Riders,Ravindra Jadeja,Faf du Plessis,0,0,0,0,2,4
IPL2021_004,2021,2018-04-16,Kolkata,Eden Gardens,Gujarat Titans,Rajasthan Royals,Rajasthan Royals,field,Rajasthan Royals,0,0,Jos Buttler,normal,1,Gujarat Titans,Rajasthan Royals,Sunil Narine,MS Dhoni,4,0,4,0,1,1
IPL2021_004,2021,2018-04-16,Kolkata,Eden Gardens,Gujarat Titans,Rajasthan Royals,Rajasthan Royals,field,Rajasthan Royals,0,0,Jos Buttler,normal,1,Gujarat Titans,Rajasthan Royals,Bhuvneshwar Kumar,Rohit Sharma,2,0,2,0,1,2
IPL2021_004,2021,2018-04-16,Kolkata,Eden Gardens,Gujarat Titans,Rajasthan Royals,Rajasthan Royals,field,Rajasthan Royals,0,0,Jos Buttler,normal,1,Gujarat Titans,Rajasthan Royals,Tilak Varma,Shubman Gill,1,0,1,0,1,3
IPL2021_004,2021,2018-04-16,Kolkata,Eden Gardens,Gujarat Titans,Rajasthan Royals,Rajasthan Royals,field,Rajasthan Royals,0,0,Jos Buttler,normal,1,Gujarat Titans,Rajasthan Royals,Jos Buttler,Pat Cummins,4,0,4,0,1,4
IPL2021_004,2021,2018-04-16,Kolkata,Eden Gardens,Gujarat Titans,Rajasthan Royals,Rajasthan Royals,field,Rajasthan Royals,0,0,Jos Buttler,normal,1,Gujarat Titans,Rajasthan Royals,Sanju Samson,Nicholas Pooran,1,0,1,0,1,5
IPL2021_004,2021,2018-04-16,Kolkata,Eden Gardens,Gujarat Titans,Rajasthan Royals,Rajasthan Royals,field,Rajasthan Royals,0,0,Jos Buttler,normal,1,Gujarat Titans,Rajasthan Royals,Shreyas Iyer,David Warner,4,0,4,0,1,6
IPL2021_004,2021,2018-04-16,Kolkata,Eden Gardens,Gujarat Titans,Rajasthan Royals,Rajasthan Royals,field,Rajasthan Royals,0,0,Jos Buttler,normal,1,Gujarat Titans,Rajasthan Royals,Trent Boult,MS Dhoni,2,0,2,0,2,1
IPL2021_004,2021,2018-04-16,Kolkata,Eden Gardens,Gujarat Titans,Rajasthan Royals,Rajasthan Royals,field,Rajasthan Royals,0,0,Jos Buttler,normal,1,Gujarat Titans,Rajasthan Royals,Hardik Pandya,Hardik Pandya,4,0,4,1,2,2
IPL2021_004,2021,2018-04-16,Kolkata,Eden Gardens,Gujarat Titans,Rajasthan Royals,Rajasthan Royals,field,Rajasthan Royals,0,0,Jos Buttler,normal,1,Gujarat Titans,Rajasthan Royals,Trent Boult,Andre Russell,0,0,0,1,2,3
IPL2021_004,2021,2018-04-16,Kolkata,Eden Gardens,Gujarat Titans,Rajasthan Royals,Rajasthan Royals,field,Rajasthan Royals,0,0,Jos Buttler,normal,1,Gujarat Titans,Rajasthan Royals,Yashasvi Jaiswal,Suryakumar Yadav,0,0,0,0,2,4
IPL2021_004,2021,2018-04-16,Kolkata,Eden Gardens,Gujarat Titans,Rajasthan Royals,Rajasthan Royals,field,Rajasthan Royals,0,0,Jos Buttler,normal,2,Rajasthan Royals,Gujarat Titans,Faf du Plessis,Tilak Varma,2,0,2,0,1,1
IPL2021_004,2021,2018-04-16,Kolkata,Eden Gardens,Gujarat Titans,Rajasthan Royals,Rajasthan Royals,field,Rajasthan Royals,0,0,Jos Buttler,normal,2,Rajasthan Royals,Gujarat Titans,Virat Kohli,Shreyas Iyer,0,0,0,0,1,2
IPL2021_004,2021,2018-04-16,Kolkata,Eden Gardens,Gujarat Titans,Rajasthan Royals,Rajasthan Royals,field,Rajasthan Royals,0,0,Jos Buttler,normal,2,Rajasthan Royals,Gujarat Titans,Ravindra Jadeja,Shubman Gill,2,0,2,0,1,3
IPL2021_004,2021,2018-04-16,Kolkata,Eden Gardens,Gujarat Titans,Rajasthan Royals,Rajasthan Royals,field,Rajasthan Royals,0,0,Jos Buttler,normal,2,Rajasthan Royals,Gujarat Titans,Shreyas Iyer,Ishan Kishan,1,0,1,0,1,4
IPL2021_004,2021,2018-04-16,Kolkata,Eden Gardens,Gujarat Titans,Rajasthan Royals,Rajasthan Royals,field,Rajasthan Royals,0,0,Jos Buttler,normal,2,Rajasthan Royals,Gujarat Titans,Faf du Plessis,Bhuvneshwar Kumar,0,0,0,0,1,5
IPL2021_004,2021,2018-04-16,Kolkata,Eden Gardens,Gujarat Titans,Rajasthan Royals,Rajasthan Royals,field,Rajasthan Royals,0,0,Jos Buttler,normal,2,Rajasthan Royals,Gujarat Titans,Suryakumar Yadav,Bhuvneshwar Kumar,1,0,1,0,1,6
IPL2021_004,2021,2018-04-16,Kolkata,Eden Gardens,Gujarat Titans,Rajasthan Royals,Rajasthan Royals,field,Rajasthan Royals,0,0,Jos Buttler,normal,2,Rajasthan Royals,Gujarat Titans,Pat Cummins,KL Rahul,3,0,3,0,2,1
IPL2021_004,2021,2018-04-16,Kolkata,Eden Gardens,Gujarat Titans,Rajasthan Royals,Rajasthan Royals,field,Rajasthan Royals,0,0,Jos Buttler,normal,2,Rajasthan Royals,Gujarat Titans,Shubman Gill,Ruturaj Gaikwad,1,0,1,0,2,2
IPL2021_004,2021,2018-04-16,Kolkata,Eden Gardens,Gujarat Titans,Rajasthan Royals,Rajasthan Royals,field,Rajasthan Royals,0,0,Jos Buttler,normal,2,Rajasthan Royals,Gujarat Titans,David Warner,Sanju Samson,0,0,0,0,2,3
IPL2021_004,2021,2018-04-16,Kolkata,Eden Gardens,Gujarat Titans,Rajasthan Royals,Rajasthan Royals,field,Rajasthan Royals,0,0,Jos Buttler,normal,2,Rajasthan Royals,Gujarat Titans,Andre Russell,Virat Kohli,0,1,1,0,2,4
IPL2022_005,2022,2018-04-19,Dubai,Dubai International Cricket Stadium,Rajasthan Royals,Gujarat Titans,Rajasthan Royals,bat,Gujarat Titans,0,0,Yashasvi Jaiswal,normal,1,Rajasthan Royals,Gujarat Titans,Jasprit Bumrah,Jos Buttler,4,0,4,1,1,1
IPL2022_005,2022,2018-04-19,Dubai,Dubai International Cricket Stadium,Rajasthan Royals,Gujarat Titans,Rajasthan Royals,bat,Gujarat Titans,0,0,Yashasvi Jaiswal,normal,1,Rajasthan Royals,Gujarat Titans,Rishabh Pant,Bhuvneshwar Kumar,4,0,4,0,1,2
IPL2022_005,2022,2018-04-19,Dubai,Dubai International Cricket Stadium,Rajasthan Royals,Gujarat Titans,Rajasthan Royals,bat,Gujarat Titans,0,0,Yashasvi Jaiswal,normal,1,Rajasthan Royals,Gujarat Titans,Sanju Samson,Faf du Plessis,6,0,6,0,1,3
IPL2022_005,2022,2018-04-19,Dubai,Dubai International Cricket Stadium,Rajasthan Royals,Gujarat Titans,Rajasthan Royals,bat,Gujarat Titans,0,0,Yashasvi Jaiswal,normal,1,Rajasthan Royals,Gujarat Titans,Bhuvneshwar Kumar,Prithvi Shaw,1,0,1,0,1,4
IPL2022_005,2022,2018-04-19,Dubai,Dubai International Cricket Stadium,Rajasthan Royals,Gujarat Titans,Rajasthan Royals,bat,Gujarat Titans,0,0,Yashasvi Jaiswal,normal,1,Rajasthan Royals,Gujarat Titans,Yashasvi Jaiswal,Prithvi Shaw,0,0,0,0,1,5
IPL2022_005,2022,2018-04-19,Dubai,Dubai International Cricket Stadium,Rajasthan Royals,Gujarat Titans,Rajasthan Royals,bat,Gujarat Titans,0,0,Yashasvi Jaiswal,normal,1,Rajasthan Royals,Gujarat Titans,Virat Kohli,Trent Boult,2,0,2,0,1,6
IPL2022_005,2022,2018-04-19,Dubai,Dubai International Cricket Stadium,Rajasthan Royals,Gujarat Titans,Rajasthan Royals,bat,Gujarat Titans,0,0,Yashasvi Jaiswal,normal,1,Rajasthan Royals,Gujarat Titans,KL Rahul,Sunil Narine,2,2,4,0,2,1
IPL2022_005,2022,2018-04-19,Dubai,Dubai International Cricket Stadium,Rajasthan Royals,Gujarat Titans,Rajasthan Royals,bat,Gujarat Titans,0,0,Yashasvi Jaiswal,normal,1,Rajasthan Royals,Gujarat Titans,Virat Kohli,Shubman Gill,1,0,1,0,2,2
IPL2022_005,2022,2018-04-19,Dubai,Dubai International Cricket Stadium,Rajasthan Royals,Gujarat Titans,Rajasthan Royals,bat,Gujarat Titans,0,0,Yashasvi Jaiswal,normal,1,Rajasthan Royals,Gujarat Titans,Prithvi Shaw,Rishabh Pant,2,0,2,0,2,3
IPL2022_005,2022,2018-04-19,Dubai,Dubai International Cricket Stadium,Rajasthan Royals,Gujarat Titans,Rajasthan Royals,bat,Gujarat Titans,0,0,Yashasvi Jaiswal,normal,1,Rajasthan Royals,Gujarat Titans,Ishan Kishan,Glenn Maxwell,0,0,0,0,2,4
IPL2022_005,2022,2018-04-19,Dubai,Dubai International Cricket Stadium,Rajasthan Royals,Gujarat Titans,Rajasthan Royals,bat,Gujarat Titans,0,0,Yashasvi Jaiswal,normal,2,Gujarat Titans,Rajasthan Royals,Nicholas Pooran,Ruturaj Gaikwad,4,0,4,0,1,1
IPL2022_005,2022,2018-04-19,Dubai,Dubai International Cricket Stadium,Rajasthan Royals,Gujarat Titans,Rajasthan Royals,bat,Gujarat Titans,0,0,Yashasvi Jaiswal,normal,2,Gujarat Titans,Rajasthan Royals,Rashid Khan,Rohit Sharma,1,0,1,0,1,2
IPL2022_005,2022,2018-04-19,Dubai,Dubai International Cricket Stadium,Rajasthan Royals,Gujarat Titans,Rajasthan Royals,bat,Gujarat Titans,0,0,Yashasvi Jaiswal,normal,2,Gujarat Titans,Rajasthan Royals,Rashid Khan,Ishan Kishan,2,0,2,0,1,3
IPL2022_005,2022,2018-04-19,Dubai,Dubai International Cricket Stadium,Rajasthan Royals,Gujarat Titans,Rajasthan Royals,bat,Gujarat Titans,0,0,Yashasvi Jaiswal,normal,2,Gujarat Titans,Rajasthan Royals,Mohammed Siraj,MS Dhoni,1,0,1,0,1,4
IPL2022_005,2022,2018-04-19,Dubai,Dubai International Cricket Stadium,Rajasthan Royals,Gujarat Titans,Rajasthan Royals,bat,Gujarat Titans,0,0,Yashasvi Jaiswal,normal,2,Gujarat Titans,Rajasthan Royals,MS Dhoni,Ravindra Jadeja,1,0,1,0,1,5
IPL2022_005,2022,2018-04-19,Dubai,Dubai International Cricket Stadium,Rajasthan Royals,Gujarat Titans,Rajasthan Royals,bat,Gujarat Titans,0,0,Yashasvi Jaiswal,normal,2,Gujarat Titans,Rajasthan Royals,Sunil Narine,Glenn Maxwell,1,0,1,0,1,6
IPL2022_005,2022,2018-04-19,Dubai,Dubai International Cricket Stadium,Rajasthan Royals,Gujarat Titans,Rajasthan Royals,bat,Gujarat Titans,0,0,Yashasvi Jaiswal,normal,2,Gujarat Titans,Rajasthan Royals,MS Dhoni,Bhuvneshwar Kumar,0,0,0,0,2,1
IPL2022_005,2022,2018-04-19,Dubai,Dubai International Cricket Stadium,Rajasthan Royals,Gujarat Titans,Rajasthan Royals,bat,Gujarat Titans,0,0,Yashasvi Jaiswal,normal,2,Gujarat Titans,Rajasthan Royals,Faf du Plessis,Bhuvneshwar Kumar,1,0,1,0,2,2
IPL2022_005,2022,2018-04-19,Dubai,Dubai International Cricket Stadium,Rajasthan Royals,Gujarat Titans,Rajasthan Royals,bat,Gujarat Titans,0,0,Yashasvi Jaiswal,normal,2,Gujarat Titans,Rajasthan Royals,Jos Buttler,Jos Buttler,2,0,2,0,2,3
IPL2022_005,2022,2018-04-19,Dubai,Dubai International Cricket Stadium,Rajasthan Royals,Gujarat Titans,Rajasthan Royals,bat,Gujarat Titans,0,0,Yashasvi Jaiswal,normal,2,Gujarat Titans,Rajasthan Royals,Shreyas Iyer,Sunil Narine,0,0,0,0,2,4
IPL2023_006,2023,2018-04-22,Lucknow,BRSABV Ekana Cricket Stadium,Gujarat Titans,Royal Challengers Bengaluru,Royal Challengers Bengaluru,field,Gujarat Titans,0,0,Bhuvneshwar Kumar,normal,1,Gujarat Titans,Royal Challengers Bengaluru,Shikhar Dhawan,Jasprit Bumrah,1,0,1,0,1,1
IPL2023_006,2023,2018-04-22,Lucknow,BRSABV Ekana Cricket Stadium,Gujarat Titans,Royal Challengers Bengaluru,Royal Challengers Bengaluru,field,Gujarat Titans,0,0,Bhuvneshwar Kumar,normal,1,Gujarat Titans,Royal Challengers Bengaluru,Shikhar Dhawan,Ruturaj Gaikwad,6,0,6,0,1,2
IPL2023_006,2023,2018-04-22,Lucknow,BRSABV Ekana Cricket Stadium,Gujarat Titans,Royal Challengers Bengaluru,Royal Challengers Bengaluru,field,Gujarat Titans,0,0,Bhuvneshwar Kumar,normal,1,Gujarat Titans,Royal Challengers Bengaluru,Hardik Pandya,Shreyas Iyer,3,0,3,0,1,3
IPL2023_006,2023,2018-04-22,Lucknow,BRSABV Ekana Cricket Stadium,Gujarat Titans,Royal Challengers Bengaluru,Royal Challengers Bengaluru,field,Gujarat Titans,0,0,Bhuvneshwar Kumar,normal,1,Gujarat Titans,Royal Challengers Bengaluru,Pat Cummins,Rishabh Pant,0,0,0,0,1,4
IPL2023_006,2023,2018-04-22,Lucknow,BRSABV Ekana Cricket Stadium,Gujarat Titans,Royal Challengers Bengaluru,Royal Challengers Bengaluru,field,Gujarat Titans,0,0,Bhuvneshwar Kumar,normal,1,Gujarat Titans,Royal Challengers Bengaluru,Andre Russell,Ishan Kishan,4,0,4,0,1,5
IPL2023_006,2023,2018-04-22,Lucknow,BRSABV Ekana Cricket Stadium,Gujarat Titans,Royal Challengers Bengaluru,Royal Challengers Bengaluru,field,Gujarat Titans,0,0,Bhuvneshwar Kumar,normal,1,Gujarat Titans,Royal Challengers Bengaluru,Yashasvi Jaiswal,Andre Russell,0,0,0,0,1,6
IPL2023_006,2023,2018-04-22,Lucknow,BRSABV Ekana Cricket Stadium,Gujarat Titans,Royal Challengers Bengaluru,Royal Challengers Bengaluru,field,Gujarat Titans,0,0,Bhuvneshwar Kumar,normal,1,Gujarat Titans,Royal Challengers Bengaluru,Shubman Gill,Rashid Khan,1,0,1,0,2,1
IPL2023_006,2023,2018-04-22,Lucknow,BRSABV Ekana Cricket Stadium,Gujarat Titans,Royal Challengers Bengaluru,Royal Challengers Bengaluru,field,Gujarat Titans,0,0,Bhuvneshwar Kumar,normal,1,Gujarat Titans,Royal Challengers Bengaluru,Rashid Khan,MS Dhoni,0,1,1,0,2,2
IPL2023_006,2023,2018-04-22,Lucknow,BRSABV Ekana Cricket Stadium,Gujarat Titans,Royal Challengers Bengaluru,Royal Challengers Bengaluru,field,Gujarat Titans,0,0,Bhuvneshwar Kumar,normal,1,Gujarat Titans,Royal Challengers Bengaluru,KL Rahul,Virat Kohli,1,0,1,0,2,3
IPL2023_006,2023,2018-04-22,Lucknow,BRSABV Ekana Cricket Stadium,Gujarat Titans,Royal Challengers Bengaluru,Royal Challengers Bengaluru,field,Gujarat Titans,0,0,Bhuvneshwar Kumar,normal,1,Gujarat Titans,Royal Challengers Bengaluru,Mohammed Siraj,Faf du Plessis,0,0,0,0,2,4
IPL2023_006,2023,2018-04-22,Lucknow,BRSABV Ekana Cricket Stadium,Gujarat Titans,Royal Challengers Bengaluru,Royal Challengers Bengaluru,field,Gujarat Titans,0,0,Bhuvneshwar Kumar,normal,2,Royal Challengers Bengaluru,Gujarat Titans,Rashid Khan,Mohammed Siraj,0,0,0,1,1,1
IPL2023_006,2023,2018-04-22,Lucknow,BRSABV Ekana Cricket Stadium,Gujarat Titans,Royal Challengers Bengaluru,Royal Challengers Bengaluru,field,Gujarat Titans,0,0,Bhuvneshwar Kumar,normal,2,Royal Challengers Bengaluru,Gujarat Titans,Rashid Khan,Virat Kohli,0,0,0,0,1,2
IPL2023_006,2023,2018-04-22,Lucknow,BRSABV Ekana Cricket Stadium,Gujarat Titans,Royal Challengers Bengaluru,Royal Challengers Bengaluru,field,Gujarat Titans,0,0,Bhuvneshwar Kumar,normal,2,Royal Challengers Bengaluru,Gujarat Titans,MS Dhoni,Shikhar Dhawan,1,0,1,0,1,3
IPL2023_006,2023,2018-04-22,Lucknow,BRSABV Ekana Cricket Stadium,Gujarat Titans,Royal Challengers Bengaluru,Royal Challengers Bengaluru,field,Gujarat Titans,0,0,Bhuvneshwar Kumar,normal,2,Royal Challengers Bengaluru,Gujarat Titans,Pat Cummins,Rohit Sharma,1,0,1,0,1,4
IPL2023_006,2023,2018-04-22,Lucknow,BRSABV Ekana Cricket Stadium,Gujarat Titans,Royal Challengers Bengaluru,Royal Challengers Bengaluru,field,Gujarat Titans,0,0,Bhuvneshwar Kumar,normal,2,Royal Challengers Bengaluru,Gujarat Titans,Rashid Khan,MS Dhoni,1,0,1,0,1,5
IPL2023_006,2023,2018-04-22,Lucknow,BRSABV Ekana Cricket Stadium,Gujarat Titans,Royal Challengers Bengaluru,Royal Challengers Bengaluru,field,Gujarat Titans,0,0,Bhuvneshwar Kumar,normal,2,Royal Challengers Bengaluru,Gujarat Titans,Ishan Kishan,Rohit Sharma,0,0,0,0,1,6
IPL2023_006,2023,2018-04-22,Lucknow,BRSABV Ekana Cricket Stadium,Gujarat Titans,Royal Challengers Bengaluru,Royal Challengers Bengaluru,field,Gujarat Titans,0,0,Bhuvneshwar Kumar,normal,2,Royal Challengers Bengaluru,Gujarat Titans,Tilak Varma,KL Rahul,1,0,1,0,2,1
IPL2023_006,2023,2018-04-22,Lucknow,BRSABV Ekana Cricket Stadium,Gujarat Titans,Royal Challengers Bengaluru,Royal Challengers Bengaluru,field,Gujarat Titans,0,0,Bhuvneshwar Kumar,normal,2,Royal Challengers Bengaluru,Gujarat Titans,MS Dhoni,Yashasvi Jaiswal,0,0,0,0,2,2
IPL2023_006,2023,2018-04-22,Lucknow,BRSABV Ekana Cricket Stadium,Gujarat Titans,Royal Challengers Bengaluru,Royal Challengers Bengaluru,field,Gujarat Titans,0,0,Bhuvneshwar Kumar,normal,2,Royal Challengers Bengaluru,Gujarat Titans,Rashid Khan,Suryakumar Yadav,0,0,0,0,2,3
IPL2023_006,2023,2018-04-22,Lucknow,BRSABV Ekana Cricket Stadium,Gujarat Titans,Royal Challengers Bengaluru,Royal Challengers Bengaluru,field,Gujarat Titans,0,0,Bhuvneshwar Kumar,normal,2,Royal Challengers Bengaluru,Gujarat Titans,Shreyas Iyer,Sunil Narine,1,0,1,0,2,4
IPL2024_007,2024,2018-04-25,Ahmedabad,Narendra Modi Stadium,Kolkata Knight Riders,Gujarat Titans,Kolkata Knight Riders,field,Kolkata Knight Riders,0,1,Nicholas Pooran,wickets,1,Kolkata Knight Riders,Gujarat Titans,Jasprit Bumrah,Shubman Gill,4,0,4,0,1,1
IPL2024_007,2024,2018-04-25,Ahmedabad,Narendra Modi Stadium,Kolkata Knight Riders,Gujarat Titans,Kolkata Knight Riders,field,Kolkata Knight Riders,0,1,Nicholas Pooran,wickets,1,Kolkata Knight Riders,Gujarat Titans,Shubman Gill,Shreyas Iyer,4,0,4,0,1,2
IPL2024_007,2024,2018-04-25,Ahmedabad,Narendra Modi Stadium,Kolkata Knight Riders,Gujarat Titans,Kolkata Knight Riders,field,Kolkata Knight Riders,0,1,Nicholas Pooran,wickets,1,Kolkata Knight Riders,Gujarat Titans,David Warner,Rishabh Pant,0,0,0,0,1,3
IPL2024_007,2024,2018-04-25,Ahmedabad,Narendra Modi Stadium,Kolkata Knight Riders,Gujarat Titans,Kolkata Knight Riders,field,Kolkata Knight Riders,0,1,Nicholas Pooran,wickets,1,Kolkata Knight Riders,Gujarat Titans,David Warner,David Warner,0,0,0,0,1,4
IPL2024_007,2024,2018-04-25,Ahmedabad,Narendra Modi Stadium,Kolkata Knight Riders,Gujarat Titans,Kolkata Knight Riders,field,Kolkata Knight Riders,0,1,Nicholas Pooran,wickets,1,Kolkata Knight Riders,Gujarat Titans,Andre Russell,Tilak Varma,2,0,2,0,1,5
IPL2024_007,2024,2018-04-25,Ahmedabad,Narendra Modi Stadium,Kolkata Knight Riders,Gujarat Titans,Kolkata Knight Riders,field,Kolkata Knight Riders,0,1,Nicholas Pooran,wickets,1,Kolkata Knight Riders,Gujarat Titans,Ravindra Jadeja,Rohit Sharma,1,0,1,0,1,6
IPL2024_007,2024,2018-04-25,Ahmedabad,Narendra Modi Stadium,Kolkata Knight Riders,Gujarat Titans,Kolkata Knight Riders,field,Kolkata Knight Riders,0,1,Nicholas Pooran,wickets,1,Kolkata Knight Riders,Gujarat Titans,Shreyas Iyer,Pat Cummins,2,0,2,0,2,1
IPL2024_007,2024,2018-04-25,Ahmedabad,Narendra Modi Stadium,Kolkata Knight Riders,Gujarat Titans,Kolkata Knight Riders,field,Kolkata Knight Riders,0,1,Nicholas Pooran,wickets,1,Kolkata Knight Riders,Gujarat Titans,Pat Cummins,Shubman Gill,0,0,0,0,2,2
IPL2024_007,2024,2018-04-25,Ahmedabad,Narendra Modi Stadium,Kolkata Knight Riders,Gujarat Titans,Kolkata Knight Riders,field,Kolkata Knight Riders,0,1,Nicholas Pooran,wickets,1,Kolkata Knight Riders,Gujarat Titans,Rohit Sharma,Hardik Pandya,1,0,1,0,2,3
IPL2024_007,2024,2018-04-25,Ahmedabad,Narendra Modi Stadium,Kolkata Knight Riders,Gujarat Titans,Kolkata Knight Riders,field,Kolkata Knight Riders,0,1,Nicholas Pooran,wickets,1,Kolkata Knight Riders,Gujarat Titans,Ravindra Jadeja,KL Rahul,1,0,1,0,2,4
IPL2024_007,2024,2018-04-25,Ahmedabad,Narendra Modi Stadium,Kolkata Knight Riders,Gujarat Titans,Kolkata Knight Riders,field,Kolkata Knight Riders,0,1,Nicholas Pooran,wickets,2,Gujarat Titans,Kolkata Knight Riders,Nicholas Pooran,Tilak Varma,0,0,0,0,1,1
IPL2024_007,2024,2018-04-25,Ahmedabad,Narendra Modi Stadium,Kolkata Knight Riders,Gujarat Titans,Kolkata Knight Riders,field,Kolkata Knight Riders,0,1,Nicholas Pooran,wickets,2,Gujarat Titans,Kolkata Knight Riders,Shubman Gill,Rashid Khan,1,0,1,0,1,2
IPL2024_007,2024,2018-04-25,Ahmedabad,Narendra Modi Stadium,Kolkata Knight Riders,Gujarat Titans,Kolkata Knight Riders,field,Kolkata Knight Riders,0,1,Nicholas Pooran,wickets,2,Gujarat Titans,Kolkata Knight Riders,Jasprit Bumrah,Jasprit Bumrah,2,0,2,0,1,3
IPL2024_007,2024,2018-04-25,Ahmedabad,Narendra Modi Stadium,Kolkata Knight Riders,Gujarat Titans,Kolkata Knight Riders,field,Kolkata Knight Riders,0,1,Nicholas Pooran,wickets,2,Gujarat Titans,Kolkata Knight Riders,Faf du Plessis,Andre Russell,1,0,1,0,1,4
IPL2024_007,2024,2018-04-25,Ahmedabad,Narendra Modi Stadium,Kolkata Knight Riders,Gujarat Titans,Kolkata Knight Riders,field,Kolkata Knight Riders,0,1,Nicholas Pooran,wickets,2,Gujarat Titans,Kolkata Knight Riders,Jos Buttler,David Warner,0,0,0,0,1,5
IPL2024_007,2024,2018-04-25,Ahmedabad,Narendra Modi Stadium,Kolkata Knight Riders,Gujarat Titans,Kolkata Knight Riders,field,Kolkata Knight Riders,0,1,Nicholas Pooran,wickets,2,Gujarat Titans,Kolkata Knight Riders,Sanju Samson,Suryakumar Yadav,6,0,6,0,1,6
IPL2024_007,2024,2018-04-25,Ahmedabad,Narendra Modi Stadium,Kolkata Knight Riders,Gujarat Titans,Kolkata Knight Riders,field,Kolkata Knight Riders,0,1,Nicholas Pooran,wickets,2,Gujarat Titans,Kolkata Knight Riders,Andre Russell,Rashid Khan,6,0,6,0,2,1
IPL2024_007,2024,2018-04-25,Ahmedabad,Narendra Modi Stadium,Kolkata Knight Riders,Gujarat Titans,Kolkata Knight Riders,field,Kolkata Knight Riders,0,1,Nicholas Pooran,wickets,2,Gujarat Titans,Kolkata Knight Riders,Tilak Varma,Prithvi Shaw,1,0,1,0,2,2
IPL2024_007,2024,2018-04-25,Ahmedabad,Narendra Modi Stadium,Kolkata Knight Riders,Gujarat Titans,Kolkata Knight Riders,field,Kolkata Knight Riders,0,1,Nicholas Pooran,wickets,2,Gujarat Titans,Kolkata Knight Riders,MS Dhoni,Andre Russell,2,0,2,0,2,3
IPL2024_007,2024,2018-04-25,Ahmedabad,Narendra Modi Stadium,Kolkata Knight Riders,Gujarat Titans,Kolkata Knight Riders,field,Kolkata Knight Riders,0,1,Nicholas Pooran,wickets,2,Gujarat Titans,Kolkata Knight Riders,Nicholas Pooran,Tilak Varma,4,0,4,0,2,4
IPL2025_008,2025,2018-04-28,Kolkata,Eden Gardens,Gujarat Titans,Mumbai Indians,Gujarat Titans,bat,Gujarat Titans,0,5,Sanju Samson,wickets,1,Gujarat Titans,Mumbai Indians,Sunil Narine,Sunil Narine,1,0,1,0,1,1
IPL2025_008,2025,2018-04-28,Kolkata,Eden Gardens,Gujarat Titans,Mumbai Indians,Gujarat Titans,bat,Gujarat Titans,0,5,Sanju Samson,wickets,1,Gujarat Titans,Mumbai Indians,Jasprit Bumrah,Tilak Varma,1,0,1,0,1,2
IPL2025_008,2025,2018-04-28,Kolkata,Eden Gardens,Gujarat Titans,Mumbai Indians,Gujarat Titans,bat,Gujarat Titans,0,5,Sanju Samson,wickets,1,Gujarat Titans,Mumbai Indians,Hardik Pandya,Ishan Kishan,0,0,0,0,1,3
IPL2025_008,2025,2018-04-28,Kolkata,Eden Gardens,Gujarat Titans,Mumbai Indians,Gujarat Titans,bat,Gujarat Titans,0,5,Sanju Samson,wickets,1,Gujarat Titans,Mumbai Indians,Rohit Sharma,Sanju Samson,2,0,2,0,1,4
IPL2025_008,2025,2018-04-28,Kolkata,Eden Gardens,Gujarat Titans,Mumbai Indians,Gujarat Titans,bat,Gujarat Titans,0,5,Sanju Samson,wickets,1,Gujarat Titans,Mumbai Indians,Hardik Pandya,Virat Kohli,2,0,2,0,1,5
IPL2025_008,2025,2018-04-28,Kolkata,Eden Gardens,Gujarat Titans,Mumbai Indians,Gujarat Titans,bat,Gujarat Titans,0,5,Sanju Samson,wickets,1,Gujarat Titans,Mumbai Indians,Hardik Pandya,Suryakumar Yadav,2,0,2,0,1,6
IPL2025_008,2025,2018-04-28,Kolkata,Eden Gardens,Gujarat Titans,Mumbai Indians,Gujarat Titans,bat,Gujarat Titans,0,5,Sanju Samson,wickets,1,Gujarat Titans,Mumbai Indians,Prithvi Shaw,Nicholas Pooran,6,0,6,0,2,1
IPL2025_008,2025,2018-04-28,Kolkata,Eden Gardens,Gujarat Titans,Mumbai Indians,Gujarat Titans,bat,Gujarat Titans,0,5,Sanju Samson,wickets,1,Gujarat Titans,Mumbai Indians,Nicholas Pooran,Andre Russell,4,1,5,0,2,2
IPL2025_008,2025,2018-04-28,Kolkata,Eden Gardens,Gujarat Titans,Mumbai Indians,Gujarat Titans,bat,Gujarat Titans,0,5,Sanju Samson,wickets,1,Gujarat Titans,Mumbai Indians,Ruturaj Gaikwad,David Warner,2,0,2,0,2,3
IPL2025_008,2025,2018-04-28,Kolkata,Eden Gardens,Gujarat Titans,Mumbai Indians,Gujarat Titans,bat,Gujarat Titans,0,5,Sanju Samson,wickets,1,Gujarat Titans,Mumbai Indians,Shikhar Dhawan,Ravindra Jadeja,2,0,2,0,2,4
IPL2025_008,2025,2018-04-28,Kolkata,Eden Gardens,Gujarat Titans,Mumbai Indians,Gujarat Titans,bat,Gujarat Titans,0,5,Sanju Samson,wickets,2,Mumbai Indians,Gujarat Titans,Nicholas Pooran,Faf du Plessis,4,0,4,0,1,1
IPL2025_008,2025,2018-04-28,Kolkata,Eden Gardens,Gujarat Titans,Mumbai Indians,Gujarat Titans,bat,Gujarat Titans,0,5,Sanju Samson,wickets,2,Mumbai Indians,Gujarat Titans,Shreyas Iyer,Shikhar Dhawan,0,0,0,0,1,2
IPL2025_008,2025,2018-04-28,Kolkata,Eden Gardens,Gujarat Titans,Mumbai Indians,Gujarat Titans,bat,Gujarat Titans,0,5,Sanju Samson,wickets,2,Mumbai Indians,Gujarat Titans,Sunil Narine,Jos Buttler,0,0,0,0,1,3
IPL2025_008,2025,2018-04-28,Kolkata,Eden Gardens,Gujarat Titans,Mumbai Indians,Gujarat Titans,bat,Gujarat Titans,0,5,Sanju Samson,wickets,2,Mumbai Indians,Gujarat Titans,Jasprit Bumrah,Ruturaj Gaikwad,2,0,2,0,1,4
IPL2025_008,2025,2018-04-28,Kolkata,Eden Gardens,Gujarat Titans,Mumbai Indians,Gujarat Titans,bat,Gujarat Titans,0,5,Sanju Samson,wickets,2,Mumbai Indians,Gujarat Titans,Jasprit Bumrah,Rohit Sharma,1,0,1,0,1,5
IPL2025_008,2025,2018-04-28,Kolkata,Eden Gardens,Gujarat Titans,Mumbai Indians,Gujarat Titans,bat,Gujarat Titans,0,5,Sanju Samson,wickets,2,Mumbai Indians,Gujarat Titans,Mohammed Siraj,Ravindra Jadeja,0,1,1,1,1,6
IPL2025_008,2025,2018-04-28,Kolkata,Eden Gardens,Gujarat Titans,Mumbai Indians,Gujarat Titans,bat,Gujarat Titans,0,5,Sanju Samson,wickets,2,Mumbai Indians,Gujarat Titans,Faf du Plessis,Rohit Sharma,6,0,6,0,2,1
IPL2025_008,2025,2018-04-28,Kolkata,Eden Gardens,Gujarat Titans,Mumbai Indians,Gujarat Titans,bat,Gujarat Titans,0,5,Sanju Samson,wickets,2,Mumbai Indians,Gujarat Titans,Ravindra Jadeja,KL Rahul,1,2,3,0,2,2
IPL2025_008,2025,2018-04-28,Kolkata,Eden Gardens,Gujarat Titans,Mumbai Indians,Gujarat Titans,bat,Gujarat Titans,0,5,Sanju Samson,wickets,2,Mumbai Indians,Gujarat Titans,Rohit Sharma,Rohit Sharma,1,1,2,0,2,3
IPL2025_008,2025,2018-04-28,Kolkata,Eden Gardens,Gujarat Titans,Mumbai Indians,Gujarat Titans,bat,Gujarat Titans,0,5,Sanju Samson,wickets,2,Mumbai Indians,Gujarat Titans,Mohammed Siraj,Sunil Narine,2,0,2,0,2,4
IPL2026_009,2026,2018-05-01,Bengaluru,M. Chinnaswamy Stadium,Gujarat Titans,Lucknow Super Giants,Gujarat Titans,bat,Gujarat Titans,0,0,MS Dhoni,normal,1,Gujarat Titans,Lucknow Super Giants,MS Dhoni,Shreyas Iyer,2,0,2,0,1,1
IPL2026_009,2026,2018-05-01,Bengaluru,M. Chinnaswamy Stadium,Gujarat Titans,Lucknow Super Giants,Gujarat Titans,bat,Gujarat Titans,0,0,MS Dhoni,normal,1,Gujarat Titans,Lucknow Super Giants,Tilak Varma,Rashid Khan,0,0,0,0,1,2
IPL2026_009,2026,2018-05-01,Bengaluru,M. Chinnaswamy Stadium,Gujarat Titans,Lucknow Super Giants,Gujarat Titans,bat,Gujarat Titans,0,0,MS Dhoni,normal,1,Gujarat Titans,Lucknow Super Giants,Hardik Pandya,Shubman Gill,4,0,4,0,1,3
IPL2026_009,2026,2018-05-01,Bengaluru,M. Chinnaswamy Stadium,Gujarat Titans,Lucknow Super Giants,Gujarat Titans,bat,Gujarat Titans,0,0,MS Dhoni,normal,1,Gujarat Titans,Lucknow Super Giants,Ishan Kishan,Mohammed Siraj,0,0,0,0,1,4
IPL2026_009,2026,2018-05-01,Bengaluru,M. Chinnaswamy Stadium,Gujarat Titans,Lucknow Super Giants,Gujarat Titans,bat,Gujarat Titans,0,0,MS Dhoni,normal,1,Gujarat Titans,Lucknow Super Giants,Rashid Khan,Mohammed Siraj,1,0,1,0,1,5
IPL2026_009,2026,2018-05-01,Bengaluru,M. Chinnaswamy Stadium,Gujarat Titans,Lucknow Super Giants,Gujarat Titans,bat,Gujarat Titans,0,0,MS Dhoni,normal,1,Gujarat Titans,Lucknow Super Giants,Trent Boult,Rohit Sharma,6,2,8,0,1,6
IPL2026_009,2026,2018-05-01,Bengaluru,M. Chinnaswamy Stadium,Gujarat Titans,Lucknow Super Giants,Gujarat Titans,bat,Gujarat Titans,0,0,MS Dhoni,normal,1,Gujarat Titans,Lucknow Super Giants,Trent Boult,MS Dhoni,1,0,1,0,2,1
IPL2026_009,2026,2018-05-01,Bengaluru,M. Chinnaswamy Stadium,Gujarat Titans,Lucknow Super Giants,Gujarat Titans,bat,Gujarat Titans,0,0,MS Dhoni,normal,1,Gujarat Titans,Lucknow Super Giants,David Warner,Shreyas Iyer,2,0,2,0,2,2
IPL2026_009,2026,2018-05-01,Bengaluru,M. Chinnaswamy Stadium,Gujarat Titans,Lucknow Super Giants,Gujarat Titans,bat,Gujarat Titans,0,0,MS Dhoni,normal,1,Gujarat Titans,Lucknow Super Giants,Mohammed Siraj,Mohammed Siraj,4,1,5,0,2,3
IPL2026_009,2026,2018-05-01,Bengaluru,M. Chinnaswamy Stadium,Gujarat Titans,Lucknow Super Giants,Gujarat Titans,bat,Gujarat Titans,0,0,MS Dhoni,normal,1,Gujarat Titans,Lucknow Super Giants,Yashasvi Jaiswal,KL Rahul,2,0,2,0,2,4
IPL2026_009,2026,2018-05-01,Bengaluru,M. Chinnaswamy Stadium,Gujarat Titans,Lucknow Super Giants,Gujarat Titans,bat,Gujarat Titans,0,0,MS Dhoni,normal,2,Lucknow Super Giants,Gujarat Titans,Prithvi Shaw,Suryakumar Yadav,4,0,4,1,1,1
IPL2026_009,2026,2018-05-01,Bengaluru,M. Chinnaswamy Stadium,Gujarat Titans,Lucknow Super Giants,Gujarat Titans,bat,Gujarat Titans,0,0,MS Dhoni,normal,2,Lucknow Super Giants,Gujarat Titans,Jasprit Bumrah,Shreyas Iyer,1,0,1,0,1,2
IPL2026_009,2026,2018-05-01,Bengaluru,M. Chinnaswamy Stadium,Gujarat Titans,Lucknow Super Giants,Gujarat Titans,bat,Gujarat Titans,0,0,MS Dhoni,normal,2,Lucknow Super Giants,Gujarat Titans,Shikhar Dhawan,KL Rahul,0,0,0,0,1,3
IPL2026_009,2026,2018-05-01,Bengaluru,M. Chinnaswamy Stadium,Gujarat Titans,Lucknow Super Giants,Gujarat Titans,bat,Gujarat Titans,0,0,MS Dhoni,normal,2,Lucknow Super Giants,Gujarat Titans,Rashid Khan,Suryakumar Yadav,6,0,6,0,1,4
IPL2026_009,2026,2018-05-01,Bengaluru,M. Chinnaswamy Stadium,Gujarat Titans,Lucknow Super Giants,Gujarat Titans,bat,Gujarat Titans,0,0,MS Dhoni,normal,2,Lucknow Super Giants,Gujarat Titans,Hardik Pandya,Jos Buttler,1,0,1,0,1,5
IPL2026_009,2026,2018-05-01,Bengaluru,M. Chinnaswamy Stadium,Gujarat Titans,Lucknow Super Giants,Gujarat Titans,bat,Gujarat Titans,0,0,MS Dhoni,normal,2,Lucknow Super Giants,Gujarat Titans,Shreyas Iyer,Pat Cummins,0,0,0,0,1,6
IPL2026_009,2026,2018-05-01,Bengaluru,M. Chinnaswamy Stadium,Gujarat Titans,Lucknow Super Giants,Gujarat Titans,bat,Gujarat Titans,0,0,MS Dhoni,normal,2,Lucknow Super Giants,Gujarat Titans,Ruturaj Gaikwad,Andre Russell,6,2,8,0,2,1
IPL2026_009,2026,2018-05-01,Bengaluru,M. Chinnaswamy Stadium,Gujarat Titans,Lucknow Super Giants,Gujarat Titans,bat,Gujarat Titans,0,0,MS Dhoni,normal,2,Lucknow Super Giants,Gujarat Titans,KL Rahul,Prithvi Shaw,2,1,3,0,2,2
IPL2026_009,2026,2018-05-01,Bengaluru,M. Chinnaswamy Stadium,Gujarat Titans,Lucknow Super Giants,Gujarat Titans,bat,Gujarat Titans,0,0,MS Dhoni,normal,2,Lucknow Super Giants,Gujarat Titans,Bhuvneshwar Kumar,Prithvi Shaw,0,0,0,0,2,3
IPL2026_009,2026,2018-05-01,Bengaluru,M. Chinnaswamy Stadium,Gujarat Titans,Lucknow Super Giants,Gujarat Titans,bat,Gujarat Titans,0,0,MS Dhoni,normal,2,Lucknow Super Giants,Gujarat Titans,MS Dhoni,Virat Kohli,6,0,6,0,2,4
IPL2018_010,2018,2018-05-04,Bengaluru,M. Chinnaswamy Stadium,Punjab Kings,Mumbai Indians,Punjab Kings,bat,Mumbai Indians,0,1,Prithvi Shaw,wickets,1,Punjab Kings,Mumbai Indians,Ishan Kishan,MS Dhoni,2,0,2,0,1,1
IPL2018_010,2018,2018-05-04,Bengaluru,M. Chinnaswamy Stadium,Punjab Kings,Mumbai Indians,Punjab Kings,bat,Mumbai Indians,0,1,Prithvi Shaw,wickets,1,Punjab Kings,Mumbai Indians,Ishan Kishan,Rashid Khan,0,0,0,0,1,2
IPL2018_010,2018,2018-05-04,Bengaluru,M. Chinnaswamy Stadium,Punjab Kings,Mumbai Indians,Punjab Kings,bat,Mumbai Indians,0,1,Prithvi Shaw,wickets,1,Punjab Kings,Mumbai Indians,Rishabh Pant,Ruturaj Gaikwad,4,0,4,0,1,3
IPL2018_010,2018,2018-05-04,Bengaluru,M. Chinnaswamy Stadium,Punjab Kings,Mumbai Indians,Punjab Kings,bat,Mumbai Indians,0,1,Prithvi Shaw,wickets,1,Punjab Kings,Mumbai Indians,Sanju Samson,Andre Russell,6,0,6,0,1,4
IPL2018_010,2018,2018-05-04,Bengaluru,M. Chinnaswamy Stadium,Punjab Kings,Mumbai Indians,Punjab Kings,bat,Mumbai Indians,0,1,Prithvi Shaw,wickets,1,Punjab Kings,Mumbai Indians,Glenn Maxwell,Faf du Plessis,1,0,1,0,1,5
IPL2018_010,2018,2018-05-04,Bengaluru,M. Chinnaswamy Stadium,Punjab Kings,Mumbai Indians,Punjab Kings,bat,Mumbai Indians,0,1,Prithvi Shaw,wickets,1,Punjab Kings,Mumbai Indians,Shikhar Dhawan,Ruturaj Gaikwad,3,0,3,0,1,6
IPL2018_010,2018,2018-05-04,Bengaluru,M. Chinnaswamy Stadium,Punjab Kings,Mumbai Indians,Punjab Kings,bat,Mumbai Indians,0,1,Prithvi Shaw,wickets,1,Punjab Kings,Mumbai Indians,Trent Boult,Nicholas Pooran,4,0,4,0,2,1
IPL2018_010,2018,2018-05-04,Bengaluru,M. Chinnaswamy Stadium,Punjab Kings,Mumbai Indians,Punjab Kings,bat,Mumbai Indians,0,1,Prithvi Shaw,wickets,1,Punjab Kings,Mumbai Indians,Pat Cummins,Yashasvi Jaiswal,2,0,2,0,2,2
IPL2018_010,2018,2018-05-04,Bengaluru,M. Chinnaswamy Stadium,Punjab Kings,Mumbai Indians,Punjab Kings,bat,Mumbai Indians,0,1,Prithvi Shaw,wickets,1,Punjab Kings,Mumbai Indians,Virat Kohli,Shreyas Iyer,0,0,0,0,2,3
IPL2018_010,2018,2018-05-04,Bengaluru,M. Chinnaswamy Stadium,Punjab Kings,Mumbai Indians,Punjab Kings,bat,Mumbai Indians,0,1,Prithvi Shaw,wickets,1,Punjab Kings,Mumbai Indians,Glenn Maxwell,Faf du Plessis,1,0,1,0,2,4
IPL2018_010,2018,2018-05-04,Bengaluru,M. Chinnaswamy Stadium,Punjab Kings,Mumbai Indians,Punjab Kings,bat,Mumbai Indians,0,1,Prithvi Shaw,wickets,2,Mumbai Indians,Punjab Kings,Ruturaj Gaikwad,Prithvi Shaw,1,0,1,0,1,1
IPL2018_010,2018,2018-05-04,Bengaluru,M. Chinnaswamy Stadium,Punjab Kings,Mumbai Indians,Punjab Kings,bat,Mumbai Indians,0,1,Prithvi Shaw,wickets,2,Mumbai Indians,Punjab Kings,Shreyas Iyer,Shubman Gill,1,0,1,0,1,2
IPL2018_010,2018,2018-05-04,Bengaluru,M. Chinnaswamy Stadium,Punjab Kings,Mumbai Indians,Punjab Kings,bat,Mumbai Indians,0,1,Prithvi Shaw,wickets,2,Mumbai Indians,Punjab Kings,Ishan Kishan,Jos Buttler,0,0,0,0,1,3
IPL2018_010,2018,2018-05-04,Bengaluru,M. Chinnaswamy Stadium,Punjab Kings,Mumbai Indians,Punjab Kings,bat,Mumbai Indians,0,1,Prithvi Shaw,wickets,2,Mumbai Indians,Punjab Kings,Suryakumar Yadav,Shubman Gill,1,0,1,0,1,4
IPL2018_010,2018,2018-05-04,Bengaluru,M. Chinnaswamy Stadium,Punjab Kings,Mumbai Indians,Punjab Kings,bat,Mumbai Indians,0,1,Prithvi Shaw,wickets,2,Mumbai Indians,Punjab Kings,Ishan Kishan,Shubman Gill,1,0,1,0,1,5
IPL2018_010,2018,2018-05-04,Bengaluru,M. Chinnaswamy Stadium,Punjab Kings,Mumbai Indians,Punjab Kings,bat,Mumbai Indians,0,1,Prithvi Shaw,wickets,2,Mumbai Indians,Punjab Kings,Ravindra Jadeja,Faf du Plessis,1,0,1,0,1,6
IPL2018_010,2018,2018-05-04,Bengaluru,M. Chinnaswamy Stadium,Punjab Kings,Mumbai Indians,Punjab Kings,bat,Mumbai Indians,0,1,Prithvi Shaw,wickets,2,Mumbai Indians,Punjab Kings,Jos Buttler,Suryakumar Yadav,0,0,0,0,2,1
IPL2018_010,2018,2018-05-04,Bengaluru,M. Chinnaswamy Stadium,Punjab Kings,Mumbai Indians,Punjab Kings,bat,Mumbai Indians,0,1,Prithvi Shaw,wickets,2,Mumbai Indians,Punjab Kings,Ruturaj Gaikwad,Trent Boult,4,0,4,0,2,2
IPL2018_010,2018,2018-05-04,Bengaluru,M. Chinnaswamy Stadium,Punjab Kings,Mumbai Indians,Punjab Kings,bat,Mumbai Indians,0,1,Prithvi Shaw,wickets,2,Mumbai Indians,Punjab Kings,Jasprit Bumrah,Shikhar Dhawan,2,0,2,0,2,3
IPL2018_010,2018,2018-05-04,Bengaluru,M. Chinnaswamy Stadium,Punjab Kings,Mumbai Indians,Punjab Kings,bat,Mumbai Indians,0,1,Prithvi Shaw,wickets,2,Mumbai Indians,Punjab Kings,KL Rahul,Jasprit Bumrah,1,0,1,1,2,4
IPL2019_011,2019,2018-05-07,Chennai,MA Chidambaram Stadium,Rajasthan Royals,Gujarat Titans,Gujarat Titans,field,Rajasthan Royals,0,6,Pat Cummins,wickets,1,Rajasthan Royals,Gujarat Titans,Glenn Maxwell,Suryakumar Yadav,0,0,0,0,1,1
IPL2019_011,2019,2018-05-07,Chennai,MA Chidambaram Stadium,Rajasthan Royals,Gujarat Titans,Gujarat Titans,field,Rajasthan Royals,0,6,Pat Cummins,wickets,1,Rajasthan Royals,Gujarat Titans,Rohit Sharma,Virat Kohli,1,0,1,0,1,2
IPL2019_011,2019,2018-05-07,Chennai,MA Chidambaram Stadium,Rajasthan Royals,Gujarat Titans,Gujarat Titans,field,Rajasthan Royals,0,6,Pat Cummins,wickets,1,Rajasthan Royals,Gujarat Titans,KL Rahul,Bhuvneshwar Kumar,0,0,0,0,1,3
IPL2019_011,2019,2018-05-07,Chennai,MA Chidambaram Stadium,Rajasthan Royals,Gujarat Titans,Gujarat Titans,field,Rajasthan Royals,0,6,Pat Cummins,wickets,1,Rajasthan Royals,Gujarat Titans,Jos Buttler,Pat Cummins,0,0,0,0,1,4
IPL2019_011,2019,2018-05-07,Chennai,MA Chidambaram Stadium,Rajasthan Royals,Gujarat Titans,Gujarat Titans,field,Rajasthan Royals,0,6,Pat Cummins,wickets,1,Rajasthan Royals,Gujarat Titans,Suryakumar Yadav,Sanju Samson,0,0,0,0,1,5
IPL2019_011,2019,2018-05-07,Chennai,MA Chidambaram Stadium,Rajasthan Royals,Gujarat Titans,Gujarat Titans,field,Rajasthan Royals,0,6,Pat Cummins,wickets,1,Rajasthan Royals,Gujarat Titans,Ravindra Jadeja,Andre Russell,2,0,2,0,1,6
IPL2019_011,2019,2018-05-07,Chennai,MA Chidambaram Stadium,Rajasthan Royals,Gujarat Titans,Gujarat Titans,field,Rajasthan Royals,0,6,Pat Cummins,wickets,1,Rajasthan Royals,Gujarat Titans,Faf du Plessis,Shikhar Dhawan,1,0,1,0,2,1
IPL2019_011,2019,2018-05-07,Chennai,MA Chidambaram Stadium,Rajasthan Royals,Gujarat Titans,Gujarat Titans,field,Rajasthan Royals,0,6,Pat Cummins,wickets,1,Rajasthan Royals,Gujarat Titans,David Warner,Faf du Plessis,1,0,1,0,2,2
IPL2019_011,2019,2018-05-07,Chennai,MA Chidambaram Stadium,Rajasthan Royals,Gujarat Titans,Gujarat Titans,field,Rajasthan Royals,0,6,Pat Cummins,wickets,1,Rajasthan Royals,Gujarat Titans,Virat Kohli,Shubman Gill,0,0,0,0,2,3
IPL2019_011,2019,2018-05-07,Chennai,MA Chidambaram Stadium,Rajasthan Royals,Gujarat Titans,Gujarat Titans,field,Rajasthan Royals,0,6,Pat Cummins,wickets,1,Rajasthan Royals,Gujarat Titans,MS Dhoni,Ishan Kishan,4,0,4,0,2,4
IPL2019_011,2019,2018-05-07,Chennai,MA Chidambaram Stadium,Rajasthan Royals,Gujarat Titans,Gujarat Titans,field,Rajasthan Royals,0,6,Pat Cummins,wickets,2,Gujarat Titans,Rajasthan Royals,Shikhar Dhawan,Ishan Kishan,0,0,0,0,1,1
IPL2019_011,2019,2018-05-07,Chennai,MA Chidambaram Stadium,Rajasthan Royals,Gujarat Titans,Gujarat Titans,field,Rajasthan Royals,0,6,Pat Cummins,wickets,2,Gujarat Titans,Rajasthan Royals,Jos Buttler,Faf du Plessis,0,0,0,0,1,2
IPL2019_011,2019,2018-05-07,Chennai,MA Chidambaram Stadium,Rajasthan Royals,Gujarat Titans,Gujarat Titans,field,Rajasthan Royals,0,6,Pat Cummins,wickets,2,Gujarat Titans,Rajasthan Royals,Rohit Sharma,Glenn Maxwell,0,0,0,0,1,3
IPL2019_011,2019,2018-05-07,Chennai,MA Chidambaram Stadium,Rajasthan Royals,Gujarat Titans,Gujarat Titans,field,Rajasthan Royals,0,6,Pat Cummins,wickets,2,Gujarat Titans,Rajasthan Royals,Rishabh Pant,Mohammed Siraj,1,0,1,0,1,4
IPL2019_011,2019,2018-05-07,Chennai,MA Chidambaram Stadium,Rajasthan Royals,Gujarat Titans,Gujarat Titans,field,Rajasthan Royals,0,6,Pat Cummins,wickets,2,Gujarat Titans,Rajasthan Royals,Faf du Plessis,Jos Buttler,1,0,1,0,1,5
IPL2019_011,2019,2018-05-07,Chennai,MA Chidambaram Stadium,Rajasthan Royals,Gujarat Titans,Gujarat Titans,field,Rajasthan Royals,0,6,Pat Cummins,wickets,2,Gujarat Titans,Rajasthan Royals,David Warner,Jos Buttler,1,0,1,0,1,6
IPL2019_011,2019,2018-05-07,Chennai,MA Chidambaram Stadium,Rajasthan Royals,Gujarat Titans,Gujarat Titans,field,Rajasthan Royals,0,6,Pat Cummins,wickets,2,Gujarat Titans,Rajasthan Royals,Rohit Sharma,Ruturaj Gaikwad,1,0,1,0,2,1
IPL2019_011,2019,2018-05-07,Chennai,MA Chidambaram Stadium,Rajasthan Royals,Gujarat Titans,Gujarat Titans,field,Rajasthan Royals,0,6,Pat Cummins,wickets,2,Gujarat Titans,Rajasthan Royals,Rishabh Pant,Ishan Kishan,0,0,0,0,2,2
IPL2019_011,2019,2018-05-07,Chennai,MA Chidambaram Stadium,Rajasthan Royals,Gujarat Titans,Gujarat Titans,field,Rajasthan Royals,0,6,Pat Cummins,wickets,2,Gujarat Titans,Rajasthan Royals,Prithvi Shaw,Nicholas Pooran,2,0,2,0,2,3
IPL2019_011,2019,2018-05-07,Chennai,MA Chidambaram Stadium,Rajasthan Royals,Gujarat Titans,Gujarat Titans,field,Rajasthan Royals,0,6,Pat Cummins,wickets,2,Gujarat Titans,Rajasthan Royals,Tilak Varma,Rohit Sharma,6,0,6,0,2,4
IPL2020_012,2020,2018-05-10,Lucknow,BRSABV Ekana Cricket Stadium,Sunrisers Hyderabad,Kolkata Knight Riders,Sunrisers Hyderabad,bat,Kolkata Knight Riders,0,6,Ishan Kishan,wickets,1,Sunrisers Hyderabad,Kolkata Knight Riders,Trent Boult,Ravindra Jadeja,0,0,0,0,1,1
IPL2020_012,2020,2018-05-10,Lucknow,BRSABV Ekana Cricket Stadium,Sunrisers Hyderabad,Kolkata Knight Riders,Sunrisers Hyderabad,bat,Kolkata Knight Riders,0,6,Ishan Kishan,wickets,1,Sunrisers Hyderabad,Kolkata Knight Riders,Jos Buttler,Prithvi Shaw,4,0,4,0,1,2
IPL2020_012,2020,2018-05-10,Lucknow,BRSABV Ekana Cricket Stadium,Sunrisers Hyderabad,Kolkata Knight Riders,Sunrisers Hyderabad,bat,Kolkata Knight Riders,0,6,Ishan Kishan,wickets,1,Sunrisers Hyderabad,Kolkata Knight Riders,Prithvi Shaw,Rashid Khan,0,0,0,0,1,3
IPL2020_012,2020,2018-05-10,Lucknow,BRSABV Ekana Cricket Stadium,Sunrisers Hyderabad,Kolkata Knight Riders,Sunrisers Hyderabad,bat,Kolkata Knight Riders,0,6,Ishan Kishan,wickets,1,Sunrisers Hyderabad,Kolkata Knight Riders,Tilak Varma,Sanju Samson,0,0,0,0,1,4
IPL2020_012,2020,2018-05-10,Lucknow,BRSABV Ekana Cricket Stadium,Sunrisers Hyderabad,Kolkata Knight Riders,Sunrisers Hyderabad,bat,Kolkata Knight Riders,0,6,Ishan Kishan,wickets,1,Sunrisers Hyderabad,Kolkata Knight Riders,Nicholas Pooran,Nicholas Pooran,4,0,4,0,1,5
IPL2020_012,2020,2018-05-10,Lucknow,BRSABV Ekana Cricket Stadium,Sunrisers Hyderabad,Kolkata Knight Riders,Sunrisers Hyderabad,bat,Kolkata Knight Riders,0,6,Ishan Kishan,wickets,1,Sunrisers Hyderabad,Kolkata Knight Riders,Sanju Samson,Ishan Kishan,0,1,1,0,1,6
IPL2020_012,2020,2018-05-10,Lucknow,BRSABV Ekana Cricket Stadium,Sunrisers Hyderabad,Kolkata Knight Riders,Sunrisers Hyderabad,bat,Kolkata Knight Riders,0,6,Ishan Kishan,wickets,1,Sunrisers Hyderabad,Kolkata Knight Riders,David Warner,Virat Kohli,2,0,2,0,2,1
IPL2020_012,2020,2018-05-10,Lucknow,BRSABV Ekana Cricket Stadium,Sunrisers Hyderabad,Kolkata Knight Riders,Sunrisers Hyderabad,bat,Kolkata Knight Riders,0,6,Ishan Kishan,wickets,1,Sunrisers Hyderabad,Kolkata Knight Riders,Sanju Samson,Ravindra Jadeja,1,0,1,0,2,2
IPL2020_012,2020,2018-05-10,Lucknow,BRSABV Ekana Cricket Stadium,Sunrisers Hyderabad,Kolkata Knight Riders,Sunrisers Hyderabad,bat,Kolkata Knight Riders,0,6,Ishan Kishan,wickets,1,Sunrisers Hyderabad,Kolkata Knight Riders,Prithvi Shaw,KL Rahul,0,1,1,0,2,3
IPL2020_012,2020,2018-05-10,Lucknow,BRSABV Ekana Cricket Stadium,Sunrisers Hyderabad,Kolkata Knight Riders,Sunrisers Hyderabad,bat,Kolkata Knight Riders,0,6,Ishan Kishan,wickets,1,Sunrisers Hyderabad,Kolkata Knight Riders,Nicholas Pooran,Prithvi Shaw,0,0,0,0,2,4
IPL2020_012,2020,2018-05-10,Lucknow,BRSABV Ekana Cricket Stadium,Sunrisers Hyderabad,Kolkata Knight Riders,Sunrisers Hyderabad,bat,Kolkata Knight Riders,0,6,Ishan Kishan,wickets,2,Kolkata Knight Riders,Sunrisers Hyderabad,David Warner,Nicholas Pooran,2,0,2,0,1,1
IPL2020_012,2020,2018-05-10,Lucknow,BRSABV Ekana Cricket Stadium,Sunrisers Hyderabad,Kolkata Knight Riders,Sunrisers Hyderabad,bat,Kolkata Knight Riders,0,6,Ishan Kishan,wickets,2,Kolkata Knight Riders,Sunrisers Hyderabad,Shreyas Iyer,Tilak Varma,1,1,2,0,1,2
IPL2020_012,2020,2018-05-10,Lucknow,BRSABV Ekana Cricket Stadium,Sunrisers Hyderabad,Kolkata Knight Riders,Sunrisers Hyderabad,bat,Kolkata Knight Riders,0,6,Ishan Kishan,wickets,2,Kolkata Knight Riders,Sunrisers Hyderabad,Ravindra Jadeja,Nicholas Pooran,1,0,1,0,1,3
IPL2020_012,2020,2018-05-10,Lucknow,BRSABV Ekana Cricket Stadium,Sunrisers Hyderabad,Kolkata Knight Riders,Sunrisers Hyderabad,bat,Kolkata Knight Riders,0,6,Ishan Kishan,wickets,2,Kolkata Knight Riders,Sunrisers Hyderabad,Rashid Khan,Suryakumar Yadav,1,0,1,0,1,4
IPL2020_012,2020,2018-05-10,Lucknow,BRSABV Ekana Cricket Stadium,Sunrisers Hyderabad,Kolkata Knight Riders,Sunrisers Hyderabad,bat,Kolkata Knight Riders,0,6,Ishan Kishan,wickets,2,Kolkata Knight Riders,Sunrisers Hyderabad,Sanju Samson,Nicholas Pooran,2,0,2,0,1,5
IPL2020_012,2020,2018-05-10,Lucknow,BRSABV Ekana Cricket Stadium,Sunrisers Hyderabad,Kolkata Knight Riders,Sunrisers Hyderabad,bat,Kolkata Knight Riders,0,6,Ishan Kishan,wickets,2,Kolkata Knight Riders,Sunrisers Hyderabad,Shikhar Dhawan,Shubman Gill,0,0,0,0,1,6
IPL2020_012,2020,2018-05-10,Lucknow,BRSABV Ekana Cricket Stadium,Sunrisers Hyderabad,Kolkata Knight Riders,Sunrisers Hyderabad,bat,Kolkata Knight Riders,0,6,Ishan Kishan,wickets,2,Kolkata Knight Riders,Sunrisers Hyderabad,Hardik Pandya,Tilak Varma,2,0,2,0,2,1
IPL2020_012,2020,2018-05-10,Lucknow,BRSABV Ekana Cricket Stadium,Sunrisers Hyderabad,Kolkata Knight Riders,Sunrisers Hyderabad,bat,Kolkata Knight Riders,0,6,Ishan Kishan,wickets,2,Kolkata Knight Riders,Sunrisers Hyderabad,Rohit Sharma,Tilak Varma,4,0,4,0,2,2
IPL2020_012,2020,2018-05-10,Lucknow,BRSABV Ekana Cricket Stadium,Sunrisers Hyderabad,Kolkata Knight Riders,Sunrisers Hyderabad,bat,Kolkata Knight Riders,0,6,Ishan Kishan,wickets,2,Kolkata Knight Riders,Sunrisers Hyderabad,Sunil Narine,Rashid Khan,4,2,6,0,2,3
IPL2020_012,2020,2018-05-10,Lucknow,BRSABV Ekana Cricket Stadium,Sunrisers Hyderabad,Kolkata Knight Riders,Sunrisers Hyderabad,bat,Kolkata Knight Riders,0,6,Ishan Kishan,wickets,2,Kolkata Knight Riders,Sunrisers Hyderabad,Jasprit Bumrah,Glenn Maxwell,1,1,2,0,2,4
IPL2021_013,2021,2018-05-13,Mumbai,Wankhede Stadium,Punjab Kings,Sunrisers Hyderabad,Sunrisers Hyderabad,bat,Punjab Kings,60,0,Shreyas Iyer,runs,1,Punjab Kings,Sunrisers Hyderabad,Hardik Pandya,KL Rahul,4,0,4,0,1,1
IPL2021_013,2021,2018-05-13,Mumbai,Wankhede Stadium,Punjab Kings,Sunrisers Hyderabad,Sunrisers Hyderabad,bat,Punjab Kings,60,0,Shreyas Iyer,runs,1,Punjab Kings,Sunrisers Hyderabad,Suryakumar Yadav,Tilak Varma,0,0,0,0,1,2
IPL2021_013,2021,2018-05-13,Mumbai,Wankhede Stadium,Punjab Kings,Sunrisers Hyderabad,Sunrisers Hyderabad,bat,Punjab Kings,60,0,Shreyas Iyer,runs,1,Punjab Kings,Sunrisers Hyderabad,MS Dhoni,Bhuvneshwar Kumar,4,0,4,0,1,3
IPL2021_013,2021,2018-05-13,Mumbai,Wankhede Stadium,Punjab Kings,Sunrisers Hyderabad,Sunrisers Hyderabad,bat,Punjab Kings,60,0,Shreyas Iyer,runs,1,Punjab Kings,Sunrisers Hyderabad,Suryakumar Yadav,Rishabh Pant,1,0,1,0,1,4
IPL2021_013,2021,2018-05-13,Mumbai,Wankhede Stadium,Punjab Kings,Sunrisers Hyderabad,Sunrisers Hyderabad,bat,Punjab Kings,60,0,Shreyas Iyer,runs,1,Punjab Kings,Sunrisers Hyderabad,Pat Cummins,Yashasvi Jaiswal,4,0,4,0,1,5
IPL2021_013,2021,2018-05-13,Mumbai,Wankhede Stadium,Punjab Kings,Sunrisers Hyderabad,Sunrisers Hyderabad,bat,Punjab Kings,60,0,Shreyas Iyer,runs,1,Punjab Kings,Sunrisers Hyderabad,Hardik Pandya,Shreyas Iyer,1,0,1,0,1,6
IPL2021_013,2021,2018-05-13,Mumbai,Wankhede Stadium,Punjab Kings,Sunrisers Hyderabad,Sunrisers Hyderabad,bat,Punjab Kings,60,0,Shreyas Iyer,runs,1,Punjab Kings,Sunrisers Hyderabad,Glenn Maxwell,Faf du Plessis,1,0,1,0,2,1
IPL2021_013,2021,2018-05-13,Mumbai,Wankhede Stadium,Punjab Kings,Sunrisers Hyderabad,Sunrisers Hyderabad,bat,Punjab Kings,60,0,Shreyas Iyer,runs,1,Punjab Kings,Sunrisers Hyderabad,KL Rahul,Virat Kohli,1,0,1,0,2,2
IPL2021_013,2021,2018-05-13,Mumbai,Wankhede Stadium,Punjab Kings,Sunrisers Hyderabad,Sunrisers Hyderabad,bat,Punjab Kings,60,0,Shreyas Iyer,runs,1,Punjab Kings,Sunrisers Hyderabad,Shubman Gill,Ishan Kishan,2,0,2,0,2,3
IPL2021_013,2021,2018-05-13,Mumbai,Wankhede Stadium,Punjab Kings,Sunrisers Hyderabad,Sunrisers Hyderabad,bat,Punjab Kings,60,0,Shreyas Iyer,runs,1,Punjab Kings,Sunrisers Hyderabad,Suryakumar Yadav,Sanju Samson,2,0,2,0,2,4
IPL2021_013,2021,2018-05-13,Mumbai,Wankhede Stadium,Punjab Kings,Sunrisers Hyderabad,Sunrisers Hyderabad,bat,Punjab Kings,60,0,Shreyas Iyer,runs,2,Sunrisers Hyderabad,Punjab Kings,Mohammed Siraj,Suryakumar Yadav,3,0,3,0,1,1
IPL2021_013,2021,2018-05-13,Mumbai,Wankhede Stadium,Punjab Kings,Sunrisers Hyderabad,Sunrisers Hyderabad,bat,Punjab Kings,60,0,Shreyas Iyer,runs,2,Sunrisers Hyderabad,Punjab Kings,Rohit Sharma,Shubman Gill,4,0,4,0,1,2
IPL2021_013,2021,2018-05-13,Mumbai,Wankhede Stadium,Punjab Kings,Sunrisers Hyderabad,Sunrisers Hyderabad,bat,Punjab Kings,60,0,Shreyas Iyer,runs,2,Sunrisers Hyderabad,Punjab Kings,Trent Boult,David Warner,0,0,0,0,1,3
IPL2021_013,2021,2018-05-13,Mumbai,Wankhede Stadium,Punjab Kings,Sunrisers Hyderabad,Sunrisers Hyderabad,bat,Punjab Kings,60,0,Shreyas Iyer,runs,2,Sunrisers Hyderabad,Punjab Kings,Rishabh Pant,Ravindra Jadeja,0,0,0,0,1,4
IPL2021_013,2021,2018-05-13,Mumbai,Wankhede Stadium,Punjab Kings,Sunrisers Hyderabad,Sunrisers Hyderabad,bat,Punjab Kings,60,0,Shreyas Iyer,runs,2,Sunrisers Hyderabad,Punjab Kings,Nicholas Pooran,KL Rahul,4,0,4,0,1,5
IPL2021_013,2021,2018-05-13,Mumbai,Wankhede Stadium,Punjab Kings,Sunrisers Hyderabad,Sunrisers Hyderabad,bat,Punjab Kings,60,0,Shreyas Iyer,runs,2,Sunrisers Hyderabad,Punjab Kings,David Warner,Trent Boult,0,0,0,0,1,6
IPL2021_013,2021,2018-05-13,Mumbai,Wankhede Stadium,Punjab Kings,Sunrisers Hyderabad,Sunrisers Hyderabad,bat,Punjab Kings,60,0,Shreyas Iyer,runs,2,Sunrisers Hyderabad,Punjab Kings,Yashasvi Jaiswal,Shubman Gill,1,0,1,0,2,1
IPL2021_013,2021,2018-05-13,Mumbai,Wankhede Stadium,Punjab Kings,Sunrisers Hyderabad,Sunrisers Hyderabad,bat,Punjab Kings,60,0,Shreyas Iyer,runs,2,Sunrisers Hyderabad,Punjab Kings,Hardik Pandya,Ishan Kishan,0,0,0,0,2,2
IPL2021_013,2021,2018-05-13,Mumbai,Wankhede Stadium,Punjab Kings,Sunrisers Hyderabad,Sunrisers Hyderabad,bat,Punjab Kings,60,0,Shreyas Iyer,runs,2,Sunrisers Hyderabad,Punjab Kings,Mohammed Siraj,Jasprit Bumrah,2,0,2,0,2,3
IPL2021_013,2021,2018-05-13,Mumbai,Wankhede Stadium,Punjab Kings,Sunrisers Hyderabad,Sunrisers Hyderabad,bat,Punjab Kings,60,0,Shreyas Iyer,runs,2,Sunrisers Hyderabad,Punjab Kings,Suryakumar Yadav,Rohit Sharma,0,0,0,0,2,4
IPL2022_014,2022,2018-05-16,Chennai,MA Chidambaram Stadium,Delhi Capitals,Chennai Super Kings,Delhi Capitals,field,Chennai Super Kings,0,8,Shreyas Iyer,wickets,1,Delhi Capitals,Chennai Super Kings,Trent Boult,KL Rahul,1,0,1,0,1,1
IPL2022_014,2022,2018-05-16,Chennai,MA Chidambaram Stadium,Delhi Capitals,Chennai Super Kings,Delhi Capitals,field,Chennai Super Kings,0,8,Shreyas Iyer,wickets,1,Delhi Capitals,Chennai Super Kings,Shreyas Iyer,Tilak Varma,4,0,4,0,1,2
IPL2022_014,2022,2018-05-16,Chennai,MA Chidambaram Stadium,Delhi Capitals,Chennai Super Kings,Delhi Capitals,field,Chennai Super Kings,0,8,Shreyas Iyer,wickets,1,Delhi Capitals,Chennai Super Kings,Shubman Gill,Ravindra Jadeja,1,0,1,1,1,3
IPL2022_014,2022,2018-05-16,Chennai,MA Chidambaram Stadium,Delhi Capitals,Chennai Super Kings,Delhi Capitals,field,Chennai Super Kings,0,8,Shreyas Iyer,wickets,1,Delhi Capitals,Chennai Super Kings,Ishan Kishan,Ruturaj Gaikwad,4,1,5,0,1,4
IPL2022_014,2022,2018-05-16,Chennai,MA Chidambaram Stadium,Delhi Capitals,Chennai Super Kings,Delhi Capitals,field,Chennai Super Kings,0,8,Shreyas Iyer,wickets,1,Delhi Capitals,Chennai Super Kings,Yashasvi Jaiswal,Ruturaj Gaikwad,2,1,3,0,1,5
IPL2022_014,2022,2018-05-16,Chennai,MA Chidambaram Stadium,Delhi Capitals,Chennai Super Kings,Delhi Capitals,field,Chennai Super Kings,0,8,Shreyas Iyer,wickets,1,Delhi Capitals,Chennai Super Kings,Shreyas Iyer,David Warner,0,0,0,0,1,6
IPL2022_014,2022,2018-05-16,Chennai,MA Chidambaram Stadium,Delhi Capitals,Chennai Super Kings,Delhi Capitals,field,Chennai Super Kings,0,8,Shreyas Iyer,wickets,1,Delhi Capitals,Chennai Super Kings,KL Rahul,Hardik Pandya,1,0,1,0,2,1
IPL2022_014,2022,2018-05-16,Chennai,MA Chidambaram Stadium,Delhi Capitals,Chennai Super Kings,Delhi Capitals,field,Chennai Super Kings,0,8,Shreyas Iyer,wickets,1,Delhi Capitals,Chennai Super Kings,Shikhar Dhawan,Ruturaj Gaikwad,4,0,4,0,2,2
IPL2022_014,2022,2018-05-16,Chennai,MA Chidambaram Stadium,Delhi Capitals,Chennai Super Kings,Delhi Capitals,field,Chennai Super Kings,0,8,Shreyas Iyer,wickets,1,Delhi Capitals,Chennai Super Kings,Faf du Plessis,Jos Buttler,6,0,6,0,2,3
IPL2022_014,2022,2018-05-16,Chennai,MA Chidambaram Stadium,Delhi Capitals,Chennai Super Kings,Delhi Capitals,field,Chennai Super Kings,0,8,Shreyas Iyer,wickets,1,Delhi Capitals,Chennai Super Kings,Jasprit Bumrah,David Warner,4,0,4,0,2,4
IPL2022_014,2022,2018-05-16,Chennai,MA Chidambaram Stadium,Delhi Capitals,Chennai Super Kings,Delhi Capitals,field,Chennai Super Kings,0,8,Shreyas Iyer,wickets,2,Chennai Super Kings,Delhi Capitals,Shreyas Iyer,Hardik Pandya,1,0,1,0,1,1
IPL2022_014,2022,2018-05-16,Chennai,MA Chidambaram Stadium,Delhi Capitals,Chennai Super Kings,Delhi Capitals,field,Chennai Super Kings,0,8,Shreyas Iyer,wickets,2,Chennai Super Kings,Delhi Capitals,Shreyas Iyer,Ravindra Jadeja,1,0,1,1,1,2
IPL2022_014,2022,2018-05-16,Chennai,MA Chidambaram Stadium,Delhi Capitals,Chennai Super Kings,Delhi Capitals,field,Chennai Super Kings,0,8,Shreyas Iyer,wickets,2,Chennai Super Kings,Delhi Capitals,Ishan Kishan,Sanju Samson,1,0,1,0,1,3
IPL2022_014,2022,2018-05-16,Chennai,MA Chidambaram Stadium,Delhi Capitals,Chennai Super Kings,Delhi Capitals,field,Chennai Super Kings,0,8,Shreyas Iyer,wickets,2,Chennai Super Kings,Delhi Capitals,Trent Boult,Mohammed Siraj,4,0,4,0,1,4
IPL2022_014,2022,2018-05-16,Chennai,MA Chidambaram Stadium,Delhi Capitals,Chennai Super Kings,Delhi Capitals,field,Chennai Super Kings,0,8,Shreyas Iyer,wickets,2,Chennai Super Kings,Delhi Capitals,Ruturaj Gaikwad,Hardik Pandya,2,0,2,0,1,5
IPL2022_014,2022,2018-05-16,Chennai,MA Chidambaram Stadium,Delhi Capitals,Chennai Super Kings,Delhi Capitals,field,Chennai Super Kings,0,8,Shreyas Iyer,wickets,2,Chennai Super Kings,Delhi Capitals,Faf du Plessis,Glenn Maxwell,1,0,1,0,1,6
IPL2022_014,2022,2018-05-16,Chennai,MA Chidambaram Stadium,Delhi Capitals,Chennai Super Kings,Delhi Capitals,field,Chennai Super Kings,0,8,Shreyas Iyer,wickets,2,Chennai Super Kings,Delhi Capitals,Virat Kohli,Ruturaj Gaikwad,1,0,1,0,2,1
IPL2022_014,2022,2018-05-16,Chennai,MA Chidambaram Stadium,Delhi Capitals,Chennai Super Kings,Delhi Capitals,field,Chennai Super Kings,0,8,Shreyas Iyer,wickets,2,Chennai Super Kings,Delhi Capitals,Ruturaj Gaikwad,Jasprit Bumrah,1,0,1,0,2,2
IPL2022_014,2022,2018-05-16,Chennai,MA Chidambaram Stadium,Delhi Capitals,Chennai Super Kings,Delhi Capitals,field,Chennai Super Kings,0,8,Shreyas Iyer,wickets,2,Chennai Super Kings,Delhi Capitals,David Warner,Nicholas Pooran,0,0,0,0,2,3
IPL2022_014,2022,2018-05-16,Chennai,MA Chidambaram Stadium,Delhi Capitals,Chennai Super Kings,Delhi Capitals,field,Chennai Super Kings,0,8,Shreyas Iyer,wickets,2,Chennai Super Kings,Delhi Capitals,Mohammed Siraj,Trent Boult,6,0,6,0,2,4
IPL2023_015,2023,2018-05-19,Lucknow,BRSABV Ekana Cricket Stadium,Sunrisers Hyderabad,Punjab Kings,Punjab Kings,field,Sunrisers Hyderabad,0,0,Sunil Narine,normal,1,Sunrisers Hyderabad,Punjab Kings,Sanju Samson,Shreyas Iyer,0,2,2,0,1,1
IPL2023_015,2023,2018-05-19,Lucknow,BRSABV Ekana Cricket Stadium,Sunrisers Hyderabad,Punjab Kings,Punjab Kings,field,Sunrisers Hyderabad,0,0,Sunil Narine,normal,1,Sunrisers Hyderabad,Punjab Kings,MS Dhoni,Ruturaj Gaikwad,1,0,1,0,1,2
IPL2023_015,2023,2018-05-19,Lucknow,BRSABV Ekana Cricket Stadium,Sunrisers Hyderabad,Punjab Kings,Punjab Kings,field,Sunrisers Hyderabad,0,0,Sunil Narine,normal,1,Sunrisers Hyderabad,Punjab Kings,Yashasvi Jaiswal,Shreyas Iyer,0,0,0,0,1,3
IPL2023_015,2023,2018-05-19,Lucknow,BRSABV Ekana Cricket Stadium,Sunrisers Hyderabad,Punjab Kings,Punjab Kings,field,Sunrisers Hyderabad,0,0,Sunil Narine,normal,1,Sunrisers Hyderabad,Punjab Kings,Pat Cummins,Trent Boult,0,0,0,0,1,4
IPL2023_015,2023,2018-05-19,Lucknow,BRSABV Ekana Cricket Stadium,Sunrisers Hyderabad,Punjab Kings,Punjab Kings,field,Sunrisers Hyderabad,0,0,Sunil Narine,normal,1,Sunrisers Hyderabad,Punjab Kings,KL Rahul,MS Dhoni,1,0,1,0,1,5
IPL2023_015,2023,2018-05-19,Lucknow,BRSABV Ekana Cricket Stadium,Sunrisers Hyderabad,Punjab Kings,Punjab Kings,field,Sunrisers Hyderabad,0,0,Sunil Narine,normal,1,Sunrisers Hyderabad,Punjab Kings,Glenn Maxwell,Bhuvneshwar Kumar,1,0,1,0,1,6
IPL2023_015,2023,2018-05-19,Lucknow,BRSABV Ekana Cricket Stadium,Sunrisers Hyderabad,Punjab Kings,Punjab Kings,field,Sunrisers Hyderabad,0,0,Sunil Narine,normal,1,Sunrisers Hyderabad,Punjab Kings,Rashid Khan,Shreyas Iyer,1,0,1,0,2,1
IPL2023_015,2023,2018-05-19,Lucknow,BRSABV Ekana Cricket Stadium,Sunrisers Hyderabad,Punjab Kings,Punjab Kings,field,Sunrisers Hyderabad,0,0,Sunil Narine,normal,1,Sunrisers Hyderabad,Punjab Kings,Ruturaj Gaikwad,Rashid Khan,0,0,0,0,2,2
IPL2023_015,2023,2018-05-19,Lucknow,BRSABV Ekana Cricket Stadium,Sunrisers Hyderabad,Punjab Kings,Punjab Kings,field,Sunrisers Hyderabad,0,0,Sunil Narine,normal,1,Sunrisers Hyderabad,Punjab Kings,Nicholas Pooran,Jasprit Bumrah,1,0,1,0,2,3
IPL2023_015,2023,2018-05-19,Lucknow,BRSABV Ekana Cricket Stadium,Sunrisers Hyderabad,Punjab Kings,Punjab Kings,field,Sunrisers Hyderabad,0,0,Sunil Narine,normal,1,Sunrisers Hyderabad,Punjab Kings,Jos Buttler,Virat Kohli,1,0,1,0,2,4
IPL2023_015,2023,2018-05-19,Lucknow,BRSABV Ekana Cricket Stadium,Sunrisers Hyderabad,Punjab Kings,Punjab Kings,field,Sunrisers Hyderabad,0,0,Sunil Narine,normal,2,Punjab Kings,Sunrisers Hyderabad,Rohit Sharma,Rashid Khan,2,0,2,1,1,1
IPL2023_015,2023,2018-05-19,Lucknow,BRSABV Ekana Cricket Stadium,Sunrisers Hyderabad,Punjab Kings,Punjab Kings,field,Sunrisers Hyderabad,0,0,Sunil Narine,normal,2,Punjab Kings,Sunrisers Hyderabad,Sunil Narine,Trent Boult,0,0,0,0,1,2
IPL2023_015,2023,2018-05-19,Lucknow,BRSABV Ekana Cricket Stadium,Sunrisers Hyderabad,Punjab Kings,Punjab Kings,field,Sunrisers Hyderabad,0,0,Sunil Narine,normal,2,Punjab Kings,Sunrisers Hyderabad,Tilak Varma,Bhuvneshwar Kumar,0,0,0,0,1,3
IPL2023_015,2023,2018-05-19,Lucknow,BRSABV Ekana Cricket Stadium,Sunrisers Hyderabad,Punjab Kings,Punjab Kings,field,Sunrisers Hyderabad,0,0,Sunil Narine,normal,2,Punjab Kings,Sunrisers Hyderabad,MS Dhoni,Andre Russell,0,0,0,0,1,4
IPL2023_015,2023,2018-05-19,Lucknow,BRSABV Ekana Cricket Stadium,Sunrisers Hyderabad,Punjab Kings,Punjab Kings,field,Sunrisers Hyderabad,0,0,Sunil Narine,normal,2,Punjab Kings,Sunrisers Hyderabad,David Warner,Ishan Kishan,0,0,0,0,1,5
IPL2023_015,2023,2018-05-19,Lucknow,BRSABV Ekana Cricket Stadium,Sunrisers Hyderabad,Punjab Kings,Punjab Kings,field,Sunrisers Hyderabad,0,0,Sunil Narine,normal,2,Punjab Kings,Sunrisers Hyderabad,Pat Cummins,Mohammed Siraj,4,0,4,0,1,6
IPL2023_015,2023,2018-05-19,Lucknow,BRSABV Ekana Cricket Stadium,Sunrisers Hyderabad,Punjab Kings,Punjab Kings,field,Sunrisers Hyderabad,0,0,Sunil Narine,normal,2,Punjab Kings,Sunrisers Hyderabad,Jasprit Bumrah,Shikhar Dhawan,2,0,2,0,2,1
IPL2023_015,2023,2018-05-19,Lucknow,BRSABV Ekana Cricket Stadium,Sunrisers Hyderabad,Punjab Kings,Punjab Kings,field,Sunrisers Hyderabad,0,0,Sunil Narine,normal,2,Punjab Kings,Sunrisers Hyderabad,Shikhar Dhawan,Hardik Pandya,4,0,4,0,2,2
IPL2023_015,2023,2018-05-19,Lucknow,BRSABV Ekana Cricket Stadium,Sunrisers Hyderabad,Punjab Kings,Punjab Kings,field,Sunrisers Hyderabad,0,0,Sunil Narine,normal,2,Punjab Kings,Sunrisers Hyderabad,Sunil Narine,Hardik Pandya,0,0,0,0,2,3
IPL2023_015,2023,2018-05-19,Lucknow,BRSABV Ekana Cricket Stadium,Sunrisers Hyderabad,Punjab Kings,Punjab Kings,field,Sunrisers Hyderabad,0,0,Sunil Narine,normal,2,Punjab Kings,Sunrisers Hyderabad,Rashid Khan,Jos Buttler,1,0,1,0,2,4
IPL2024_016,2024,2018-05-22,Abu Dhabi,Sheikh Zayed Stadium,Chennai Super Kings,Mumbai Indians,Mumbai Indians,bat,Chennai Super Kings,0,5,Yashasvi Jaiswal,wickets,1,Chennai Super Kings,Mumbai Indians,Rohit Sharma,Faf du Plessis,1,0,1,0,1,1
IPL2024_016,2024,2018-05-22,Abu Dhabi,Sheikh Zayed Stadium,Chennai Super Kings,Mumbai Indians,Mumbai Indians,bat,Chennai Super Kings,0,5,Yashasvi Jaiswal,wickets,1,Chennai Super Kings,Mumbai Indians,Rashid Khan,Prithvi Shaw,1,0,1,0,1,2
IPL2024_016,2024,2018-05-22,Abu Dhabi,Sheikh Zayed Stadium,Chennai Super Kings,Mumbai Indians,Mumbai Indians,bat,Chennai Super Kings,0,5,Yashasvi Jaiswal,wickets,1,Chennai Super Kings,Mumbai Indians,Tilak Varma,Shubman Gill,1,0,1,0,1,3
IPL2024_016,2024,2018-05-22,Abu Dhabi,Sheikh Zayed Stadium,Chennai Super Kings,Mumbai Indians,Mumbai Indians,bat,Chennai Super Kings,0,5,Yashasvi Jaiswal,wickets,1,Chennai Super Kings,Mumbai Indians,Andre Russell,Jos Buttler,0,1,1,0,1,4
IPL2024_016,2024,2018-05-22,Abu Dhabi,Sheikh Zayed Stadium,Chennai Super Kings,Mumbai Indians,Mumbai Indians,bat,Chennai Super Kings,0,5,Yashasvi Jaiswal,wickets,1,Chennai Super Kings,Mumbai Indians,Nicholas Pooran,Andre Russell,0,0,0,0,1,5
IPL2024_016,2024,2018-05-22,Abu Dhabi,Sheikh Zayed Stadium,Chennai Super Kings,Mumbai Indians,Mumbai Indians,bat,Chennai Super Kings,0,5,Yashasvi Jaiswal,wickets,1,Chennai Super Kings,Mumbai Indians,Shreyas Iyer,Yashasvi Jaiswal,4,0,4,0,1,6
IPL2024_016,2024,2018-05-22,Abu Dhabi,Sheikh Zayed Stadium,Chennai Super Kings,Mumbai Indians,Mumbai Indians,bat,Chennai Super Kings,0,5,Yashasvi Jaiswal,wickets,1,Chennai Super Kings,Mumbai Indians,Faf du Plessis,Trent Boult,0,0,0,0,2,1
IPL2024_016,2024,2018-05-22,Abu Dhabi,Sheikh Zayed Stadium,Chennai Super Kings,Mumbai Indians,Mumbai Indians,bat,Chennai Super Kings,0,5,Yashasvi Jaiswal,wickets,1,Chennai Super Kings,Mumbai Indians,KL Rahul,Bhuvneshwar Kumar,2,0,2,0,2,2
IPL2024_016,2024,2018-05-22,Abu Dhabi,Sheikh Zayed Stadium,Chennai Super Kings,Mumbai Indians,Mumbai Indians,bat,Chennai Super Kings,0,5,Yashasvi Jaiswal,wickets,1,Chennai Super Kings,Mumbai Indians,Ishan Kishan,Andre Russell,4,2,6,0,2,3
IPL2024_016,2024,2018-05-22,Abu Dhabi,Sheikh Zayed Stadium,Chennai Super Kings,Mumbai Indians,Mumbai Indians,bat,Chennai Super Kings,0,5,Yashasvi Jaiswal,wickets,1,Chennai Super Kings,Mumbai Indians,Trent Boult,Glenn Maxwell,0,0,0,1,2,4
IPL2024_016,2024,2018-05-22,Abu Dhabi,Sheikh Zayed Stadium,Chennai Super Kings,Mumbai Indians,Mumbai Indians,bat,Chennai Super Kings,0,5,Yashasvi Jaiswal,wickets,2,Mumbai Indians,Chennai Super Kings,Ravindra Jadeja,Ishan Kishan,4,0,4,0,1,1
IPL2024_016,2024,2018-05-22,Abu Dhabi,Sheikh Zayed Stadium,Chennai Super Kings,Mumbai Indians,Mumbai Indians,bat,Chennai Super Kings,0,5,Yashasvi Jaiswal,wickets,2,Mumbai Indians,Chennai Super Kings,Yashasvi Jaiswal,David Warner,0,0,0,0,1,2
IPL2024_016,2024,2018-05-22,Abu Dhabi,Sheikh Zayed Stadium,Chennai Super Kings,Mumbai Indians,Mumbai Indians,bat,Chennai Super Kings,0,5,Yashasvi Jaiswal,wickets,2,Mumbai Indians,Chennai Super Kings,Glenn Maxwell,Prithvi Shaw,4,0,4,1,1,3
IPL2024_016,2024,2018-05-22,Abu Dhabi,Sheikh Zayed Stadium,Chennai Super Kings,Mumbai Indians,Mumbai Indians,bat,Chennai Super Kings,0,5,Yashasvi Jaiswal,wickets,2,Mumbai Indians,Chennai Super Kings,Faf du Plessis,Andre Russell,0,0,0,0,1,4
IPL2024_016,2024,2018-05-22,Abu Dhabi,Sheikh Zayed Stadium,Chennai Super Kings,Mumbai Indians,Mumbai Indians,bat,Chennai Super Kings,0,5,Yashasvi Jaiswal,wickets,2,Mumbai Indians,Chennai Super Kings,Ishan Kishan,Sanju Samson,1,0,1,0,1,5
IPL2024_016,2024,2018-05-22,Abu Dhabi,Sheikh Zayed Stadium,Chennai Super Kings,Mumbai Indians,Mumbai Indians,bat,Chennai Super Kings,0,5,Yashasvi Jaiswal,wickets,2,Mumbai Indians,Chennai Super Kings,Ravindra Jadeja,Tilak Varma,0,0,0,0,1,6
IPL2024_016,2024,2018-05-22,Abu Dhabi,Sheikh Zayed Stadium,Chennai Super Kings,Mumbai Indians,Mumbai Indians,bat,Chennai Super Kings,0,5,Yashasvi Jaiswal,wickets,2,Mumbai Indians,Chennai Super Kings,Sunil Narine,Andre Russell,1,0,1,1,2,1
IPL2024_016,2024,2018-05-22,Abu Dhabi,Sheikh Zayed Stadium,Chennai Super Kings,Mumbai Indians,Mumbai Indians,bat,Chennai Super Kings,0,5,Yashasvi Jaiswal,wickets,2,Mumbai Indians,Chennai Super Kings,Suryakumar Yadav,Bhuvneshwar Kumar,0,0,0,0,2,2
IPL2024_016,2024,2018-05-22,Abu Dhabi,Sheikh Zayed Stadium,Chennai Super Kings,Mumbai Indians,Mumbai Indians,bat,Chennai Super Kings,0,5,Yashasvi Jaiswal,wickets,2,Mumbai Indians,Chennai Super Kings,Rashid Khan,Glenn Maxwell,2,0,2,0,2,3
IPL2024_016,2024,2018-05-22,Abu Dhabi,Sheikh Zayed Stadium,Chennai Super Kings,Mumbai Indians,Mumbai Indians,bat,Chennai Super Kings,0,5,Yashasvi Jaiswal,wickets,2,Mumbai Indians,Chennai Super Kings,Pat Cummins,Suryakumar Yadav,0,0,0,0,2,4
IPL2025_017,2025,2018-05-25,Chennai,MA Chidambaram Stadium,Gujarat Titans,Punjab Kings,Gujarat Titans,field,Punjab Kings,0,7,Shikhar Dhawan,wickets,1,Gujarat Titans,Punjab Kings,Rashid Khan,Suryakumar Yadav,2,1,3,0,1,1
IPL2025_017,2025,2018-05-25,Chennai,MA Chidambaram Stadium,Gujarat Titans,Punjab Kings,Gujarat Titans,field,Punjab Kings,0,7,Shikhar Dhawan,wickets,1,Gujarat Titans,Punjab Kings,KL Rahul,KL Rahul,6,0,6,0,1,2
IPL2025_017,2025,2018-05-25,Chennai,MA Chidambaram Stadium,Gujarat Titans,Punjab Kings,Gujarat Titans,field,Punjab Kings,0,7,Shikhar Dhawan,wickets,1,Gujarat Titans,Punjab Kings,Ishan Kishan,Faf du Plessis,0,0,0,0,1,3
IPL2025_017,2025,2018-05-25,Chennai,MA Chidambaram Stadium,Gujarat Titans,Punjab Kings,Gujarat Titans,field,Punjab Kings,0,7,Shikhar Dhawan,wickets,1,Gujarat Titans,Punjab Kings,MS Dhoni,Jos Buttler,4,0,4,0,1,4
IPL2025_017,2025,2018-05-25,Chennai,MA Chidambaram Stadium,Gujarat Titans,Punjab Kings,Gujarat Titans,field,Punjab Kings,0,7,Shikhar Dhawan,wickets,1,Gujarat Titans,Punjab Kings,Jos Buttler,Rashid Khan,0,0,0,0,1,5
IPL2025_017,2025,2018-05-25,Chennai,MA Chidambaram Stadium,Gujarat Titans,Punjab Kings,Gujarat Titans,field,Punjab Kings,0,7,Shikhar Dhawan,wickets,1,Gujarat Titans,Punjab Kings,Hardik Pandya,Shikhar Dhawan,1,0,1,0,1,6
IPL2025_017,2025,2018-05-25,Chennai,MA Chidambaram Stadium,Gujarat Titans,Punjab Kings,Gujarat Titans,field,Punjab Kings,0,7,Shikhar Dhawan,wickets,1,Gujarat Titans,Punjab Kings,Jos Buttler,Shikhar Dhawan,2,0,2,0,2,1
IPL2025_017,2025,2018-05-25,Chennai,MA Chidambaram Stadium,Gujarat Titans,Punjab Kings,Gujarat Titans,field,Punjab Kings,0,7,Shikhar Dhawan,wickets,1,Gujarat Titans,Punjab Kings,Jasprit Bumrah,MS Dhoni,0,0,0,1,2,2
IPL2025_017,2025,2018-05-25,Chennai,MA Chidambaram Stadium,Gujarat Titans,Punjab Kings,Gujarat Titans,field,Punjab Kings,0,7,Shikhar Dhawan,wickets,1,Gujarat Titans,Punjab Kings,David Warner,David Warner,6,0,6,0,2,3
IPL2025_017,2025,2018-05-25,Chennai,MA Chidambaram Stadium,Gujarat Titans,Punjab Kings,Gujarat Titans,field,Punjab Kings,0,7,Shikhar Dhawan,wickets,1,Gujarat Titans,Punjab Kings,KL Rahul,Faf du Plessis,0,0,0,0,2,4
IPL2025_017,2025,2018-05-25,Chennai,MA Chidambaram Stadium,Gujarat Titans,Punjab Kings,Gujarat Titans,field,Punjab Kings,0,7,Shikhar Dhawan,wickets,2,Punjab Kings,Gujarat Titans,Andre Russell,David Warner,3,0,3,0,1,1
IPL2025_017,2025,2018-05-25,Chennai,MA Chidambaram Stadium,Gujarat Titans,Punjab Kings,Gujarat Titans,field,Punjab Kings,0,7,Shikhar Dhawan,wickets,2,Punjab Kings,Gujarat Titans,Rohit Sharma,Jasprit Bumrah,0,1,1,0,1,2
IPL2025_017,2025,2018-05-25,Chennai,MA Chidambaram Stadium,Gujarat Titans,Punjab Kings,Gujarat Titans,field,Punjab Kings,0,7,Shikhar Dhawan,wickets,2,Punjab Kings,Gujarat Titans,Glenn Maxwell,David Warner,2,0,2,0,1,3
IPL2025_017,2025,2018-05-25,Chennai,MA Chidambaram Stadium,Gujarat Titans,Punjab Kings,Gujarat Titans,field,Punjab Kings,0,7,Shikhar Dhawan,wickets,2,Punjab Kings,Gujarat Titans,Hardik Pandya,Ishan Kishan,2,2,4,0,1,4
IPL2025_017,2025,2018-05-25,Chennai,MA Chidambaram Stadium,Gujarat Titans,Punjab Kings,Gujarat Titans,field,Punjab Kings,0,7,Shikhar Dhawan,wickets,2,Punjab Kings,Gujarat Titans,Bhuvneshwar Kumar,Mohammed Siraj,2,0,2,0,1,5
IPL2025_017,2025,2018-05-25,Chennai,MA Chidambaram Stadium,Gujarat Titans,Punjab Kings,Gujarat Titans,field,Punjab Kings,0,7,Shikhar Dhawan,wickets,2,Punjab Kings,Gujarat Titans,Shikhar Dhawan,Virat Kohli,2,0,2,0,1,6
IPL2025_017,2025,2018-05-25,Chennai,MA Chidambaram Stadium,Gujarat Titans,Punjab Kings,Gujarat Titans,field,Punjab Kings,0,7,Shikhar Dhawan,wickets,2,Punjab Kings,Gujarat Titans,Tilak Varma,Ishan Kishan,6,0,6,0,2,1
IPL2025_017,2025,2018-05-25,Chennai,MA Chidambaram Stadium,Gujarat Titans,Punjab Kings,Gujarat Titans,field,Punjab Kings,0,7,Shikhar Dhawan,wickets,2,Punjab Kings,Gujarat Titans,Bhuvneshwar Kumar,Mohammed Siraj,0,0,0,0,2,2
IPL2025_017,2025,2018-05-25,Chennai,MA Chidambaram Stadium,Gujarat Titans,Punjab Kings,Gujarat Titans,field,Punjab Kings,0,7,Shikhar Dhawan,wickets,2,Punjab Kings,Gujarat Titans,Hardik Pandya,Sunil Narine,0,0,0,0,2,3
IPL2025_017,2025,2018-05-25,Chennai,MA Chidambaram Stadium,Gujarat Titans,Punjab Kings,Gujarat Titans,field,Punjab Kings,0,7,Shikhar Dhawan,wickets,2,Punjab Kings,Gujarat Titans,Virat Kohli,Rishabh Pant,3,0,3,0,2,4
IPL2026_018,2026,2018-05-28,Kolkata,Eden Gardens,Rajasthan Royals,Delhi Capitals,Delhi Capitals,bat,Delhi Capitals,0,3,Suryakumar Yadav,wickets,1,Rajasthan Royals,Delhi Capitals,Sunil Narine,Virat Kohli,0,0,0,1,1,1
IPL2026_018,2026,2018-05-28,Kolkata,Eden Gardens,Rajasthan Royals,Delhi Capitals,Delhi Capitals,bat,Delhi Capitals,0,3,Suryakumar Yadav,wickets,1,Rajasthan Royals,Delhi Capitals,Hardik Pandya,KL Rahul,1,0,1,0,1,2
IPL2026_018,2026,2018-05-28,Kolkata,Eden Gardens,Rajasthan Royals,Delhi Capitals,Delhi Capitals,bat,Delhi Capitals,0,3,Suryakumar Yadav,wickets,1,Rajasthan Royals,Delhi Capitals,Shreyas Iyer,Shreyas Iyer,0,0,0,0,1,3
IPL2026_018,2026,2018-05-28,Kolkata,Eden Gardens,Rajasthan Royals,Delhi Capitals,Delhi Capitals,bat,Delhi Capitals,0,3,Suryakumar Yadav,wickets,1,Rajasthan Royals,Delhi Capitals,Nicholas Pooran,Hardik Pandya,2,0,2,0,1,4
IPL2026_018,2026,2018-05-28,Kolkata,Eden Gardens,Rajasthan Royals,Delhi Capitals,Delhi Capitals,bat,Delhi Capitals,0,3,Suryakumar Yadav,wickets,1,Rajasthan Royals,Delhi Capitals,Ravindra Jadeja,Sanju Samson,1,0,1,0,1,5
IPL2026_018,2026,2018-05-28,Kolkata,Eden Gardens,Rajasthan Royals,Delhi Capitals,Delhi Capitals,bat,Delhi Capitals,0,3,Suryakumar Yadav,wickets,1,Rajasthan Royals,Delhi Capitals,Glenn Maxwell,Andre Russell,2,0,2,0,1,6
IPL2026_018,2026,2018-05-28,Kolkata,Eden Gardens,Rajasthan Royals,Delhi Capitals,Delhi Capitals,bat,Delhi Capitals,0,3,Suryakumar Yadav,wickets,1,Rajasthan Royals,Delhi Capitals,Prithvi Shaw,Jos Buttler,0,0,0,0,2,1
IPL2026_018,2026,2018-05-28,Kolkata,Eden Gardens,Rajasthan Royals,Delhi Capitals,Delhi Capitals,bat,Delhi Capitals,0,3,Suryakumar Yadav,wickets,1,Rajasthan Royals,Delhi Capitals,Trent Boult,Faf du Plessis,0,0,0,0,2,2
IPL2026_018,2026,2018-05-28,Kolkata,Eden Gardens,Rajasthan Royals,Delhi Capitals,Delhi Capitals,bat,Delhi Capitals,0,3,Suryakumar Yadav,wickets,1,Rajasthan Royals,Delhi Capitals,Virat Kohli,Prithvi Shaw,4,0,4,0,2,3
IPL2026_018,2026,2018-05-28,Kolkata,Eden Gardens,Rajasthan Royals,Delhi Capitals,Delhi Capitals,bat,Delhi Capitals,0,3,Suryakumar Yadav,wickets,1,Rajasthan Royals,Delhi Capitals,Hardik Pandya,Mohammed Siraj,1,0,1,0,2,4
IPL2026_018,2026,2018-05-28,Kolkata,Eden Gardens,Rajasthan Royals,Delhi Capitals,Delhi Capitals,bat,Delhi Capitals,0,3,Suryakumar Yadav,wickets,2,Delhi Capitals,Rajasthan Royals,Mohammed Siraj,Shreyas Iyer,1,0,1,0,1,1
IPL2026_018,2026,2018-05-28,Kolkata,Eden Gardens,Rajasthan Royals,Delhi Capitals,Delhi Capitals,bat,Delhi Capitals,0,3,Suryakumar Yadav,wickets,2,Delhi Capitals,Rajasthan Royals,Virat Kohli,MS Dhoni,6,0,6,0,1,2
IPL2026_018,2026,2018-05-28,Kolkata,Eden Gardens,Rajasthan Royals,Delhi Capitals,Delhi Capitals,bat,Delhi Capitals,0,3,Suryakumar Yadav,wickets,2,Delhi Capitals,Rajasthan Royals,Pat Cummins,David Warner,1,0,1,0,1,3
IPL2026_018,2026,2018-05-28,Kolkata,Eden Gardens,Rajasthan Royals,Delhi Capitals,Delhi Capitals,bat,Delhi Capitals,0,3,Suryakumar Yadav,wickets,2,Delhi Capitals,Rajasthan Royals,Jos Buttler,Tilak Varma,0,0,0,0,1,4
IPL2026_018,2026,2018-05-28,Kolkata,Eden Gardens,Rajasthan Royals,Delhi Capitals,Delhi Capitals,bat,Delhi Capitals,0,3,Suryakumar Yadav,wickets,2,Delhi Capitals,Rajasthan Royals,Andre Russell,Sanju Samson,0,0,0,1,1,5
IPL2026_018,2026,2018-05-28,Kolkata,Eden Gardens,Rajasthan Royals,Delhi Capitals,Delhi Capitals,bat,Delhi Capitals,0,3,Suryakumar Yadav,wickets,2,Delhi Capitals,Rajasthan Royals,Rohit Sharma,Suryakumar Yadav,0,2,2,0,1,6
IPL2026_018,2026,2018-05-28,Kolkata,Eden Gardens,Rajasthan Royals,Delhi Capitals,Delhi Capitals,bat,Delhi Capitals,0,3,Suryakumar Yadav,wickets,2,Delhi Capitals,Rajasthan Royals,Hardik Pandya,KL Rahul,1,0,1,0,2,1
IPL2026_018,2026,2018-05-28,Kolkata,Eden Gardens,Rajasthan Royals,Delhi Capitals,Delhi Capitals,bat,Delhi Capitals,0,3,Suryakumar Yadav,wickets,2,Delhi Capitals,Rajasthan Royals,Jasprit Bumrah,Andre Russell,4,0,4,0,2,2
IPL2026_018,2026,2018-05-28,Kolkata,Eden Gardens,Rajasthan Royals,Delhi Capitals,Delhi Capitals,bat,Delhi Capitals,0,3,Suryakumar Yadav,wickets,2,Delhi Capitals,Rajasthan Royals,KL Rahul,KL Rahul,1,0,1,0,2,3
IPL2026_018,2026,2018-05-28,Kolkata,Eden Gardens,Rajasthan Royals,Delhi Capitals,Delhi Capitals,bat,Delhi Capitals,0,3,Suryakumar Yadav,wickets,2,Delhi Capitals,Rajasthan Royals,Bhuvneshwar Kumar,Ishan Kishan,1,0,1,0,2,4
IPL2018_019,2018,2018-05-31,Ahmedabad,Narendra Modi Stadium,Delhi Capitals,Rajasthan Royals,Rajasthan Royals,field,Delhi Capitals,0,0,Virat Kohli,normal,1,Delhi Capitals,Rajasthan Royals,Faf du Plessis,Rohit Sharma,6,0,6,0,1,1
IPL2018_019,2018,2018-05-31,Ahmedabad,Narendra Modi Stadium,Delhi Capitals,Rajasthan Royals,Rajasthan Royals,field,Delhi Capitals,0,0,Virat Kohli,normal,1,Delhi Capitals,Rajasthan Royals,Rishabh Pant,Rashid Khan,2,0,2,0,1,2
IPL2018_019,2018,2018-05-31,Ahmedabad,Narendra Modi Stadium,Delhi Capitals,Rajasthan Royals,Rajasthan Royals,field,Delhi Capitals,0,0,Virat Kohli,normal,1,Delhi Capitals,Rajasthan Royals,Pat Cummins,MS Dhoni,0,0,0,0,1,3
IPL2018_019,2018,2018-05-31,Ahmedabad,Narendra Modi Stadium,Delhi Capitals,Rajasthan Royals,Rajasthan Royals,field,Delhi Capitals,0,0,Virat Kohli,normal,1,Delhi Capitals,Rajasthan Royals,Bhuvneshwar Kumar,Pat Cummins,0,0,0,0,1,4
IPL2018_019,2018,2018-05-31,Ahmedabad,Narendra Modi Stadium,Delhi Capitals,Rajasthan Royals,Rajasthan Royals,field,Delhi Capitals,0,0,Virat Kohli,normal,1,Delhi Capitals,Rajasthan Royals,Rohit Sharma,Bhuvneshwar Kumar,0,1,1,0,1,5
IPL2018_019,2018,2018-05-31,Ahmedabad,Narendra Modi Stadium,Delhi Capitals,Rajasthan Royals,Rajasthan Royals,field,Delhi Capitals,0,0,Virat Kohli,normal,1,Delhi Capitals,Rajasthan Royals,Virat Kohli,Rashid Khan,4,2,6,0,1,6
IPL2018_019,2018,2018-05-31,Ahmedabad,Narendra Modi Stadium,Delhi Capitals,Rajasthan Royals,Rajasthan Royals,field,Delhi Capitals,0,0,Virat Kohli,normal,1,Delhi Capitals,Rajasthan Royals,Jasprit Bumrah,Glenn Maxwell,1,0,1,0,2,1
IPL2018_019,2018,2018-05-31,Ahmedabad,Narendra Modi Stadium,Delhi Capitals,Rajasthan Royals,Rajasthan Royals,field,Delhi Capitals,0,0,Virat Kohli,normal,1,Delhi Capitals,Rajasthan Royals,Virat Kohli,Trent Boult,0,0,0,0,2,2
IPL2018_019,2018,2018-05-31,Ahmedabad,Narendra Modi Stadium,Delhi Capitals,Rajasthan Royals,Rajasthan Royals,field,Delhi Capitals,0,0,Virat Kohli,normal,1,Delhi Capitals,Rajasthan Royals,Jos Buttler,Rashid Khan,0,0,0,0,2,3
IPL2018_019,2018,2018-05-31,Ahmedabad,Narendra Modi Stadium,Delhi Capitals,Rajasthan Royals,Rajasthan Royals,field,Delhi Capitals,0,0,Virat Kohli,normal,1,Delhi Capitals,Rajasthan Royals,Jos Buttler,Sunil Narine,1,0,1,0,2,4
IPL2018_019,2018,2018-05-31,Ahmedabad,Narendra Modi Stadium,Delhi Capitals,Rajasthan Royals,Rajasthan Royals,field,Delhi Capitals,0,0,Virat Kohli,normal,2,Rajasthan Royals,Delhi Capitals,Shreyas Iyer,Shubman Gill,0,0,0,0,1,1
IPL2018_019,2018,2018-05-31,Ahmedabad,Narendra Modi Stadium,Delhi Capitals,Rajasthan Royals,Rajasthan Royals,field,Delhi Capitals,0,0,Virat Kohli,normal,2,Rajasthan Royals,Delhi Capitals,Mohammed Siraj,Jasprit Bumrah,6,0,6,0,1,2
IPL2018_019,2018,2018-05-31,Ahmedabad,Narendra Modi Stadium,Delhi Capitals,Rajasthan Royals,Rajasthan Royals,field,Delhi Capitals,0,0,Virat Kohli,normal,2,Rajasthan Royals,Delhi Capitals,Andre Russell,Shikhar Dhawan,2,0,2,0,1,3
IPL2018_019,2018,2018-05-31,Ahmedabad,Narendra Modi Stadium,Delhi Capitals,Rajasthan Royals,Rajasthan Royals,field,Delhi Capitals,0,0,Virat Kohli,normal,2,Rajasthan Royals,Delhi Capitals,Suryakumar Yadav,Bhuvneshwar Kumar,1,0,1,0,1,4
IPL2018_019,2018,2018-05-31,Ahmedabad,Narendra Modi Stadium,Delhi Capitals,Rajasthan Royals,Rajasthan Royals,field,Delhi Capitals,0,0,Virat Kohli,normal,2,Rajasthan Royals,Delhi Capitals,Rishabh Pant,Sanju Samson,2,0,2,0,1,5
IPL2018_019,2018,2018-05-31,Ahmedabad,Narendra Modi Stadium,Delhi Capitals,Rajasthan Royals,Rajasthan Royals,field,Delhi Capitals,0,0,Virat Kohli,normal,2,Rajasthan Royals,Delhi Capitals,Trent Boult,Trent Boult,0,0,0,0,1,6
IPL2018_019,2018,2018-05-31,Ahmedabad,Narendra Modi Stadium,Delhi Capitals,Rajasthan Royals,Rajasthan Royals,field,Delhi Capitals,0,0,Virat Kohli,normal,2,Rajasthan Royals,Delhi Capitals,Ravindra Jadeja,Shikhar Dhawan,4,0,4,0,2,1
IPL2018_019,2018,2018-05-31,Ahmedabad,Narendra Modi Stadium,Delhi Capitals,Rajasthan Royals,Rajasthan Royals,field,Delhi Capitals,0,0,Virat Kohli,normal,2,Rajasthan Royals,Delhi Capitals,Shubman Gill,Bhuvneshwar Kumar,1,0,1,0,2,2
IPL2018_019,2018,2018-05-31,Ahmedabad,Narendra Modi Stadium,Delhi Capitals,Rajasthan Royals,Rajasthan Royals,field,Delhi Capitals,0,0,Virat Kohli,normal,2,Rajasthan Royals,Delhi Capitals,Glenn Maxwell,Sanju Samson,2,0,2,0,2,3
IPL2018_019,2018,2018-05-31,Ahmedabad,Narendra Modi Stadium,Delhi Capitals,Rajasthan Royals,Rajasthan Royals,field,Delhi Capitals,0,0,Virat Kohli,normal,2,Rajasthan Royals,Delhi Capitals,Ruturaj Gaikwad,Shubman Gill,4,0,4,0,2,4
IPL2019_020,2019,2018-06-03,Abu Dhabi,Sheikh Zayed Stadium,Lucknow Super Giants,Chennai Super Kings,Chennai Super Kings,field,Chennai Super Kings,59,0,Jasprit Bumrah,runs,1,Lucknow Super Giants,Chennai Super Kings,Mohammed Siraj,Shikhar Dhawan,4,0,4,0,1,1
IPL2019_020,2019,2018-06-03,Abu Dhabi,Sheikh Zayed Stadium,Lucknow Super Giants,Chennai Super Kings,Chennai Super Kings,field,Chennai Super Kings,59,0,Jasprit Bumrah,runs,1,Lucknow Super Giants,Chennai Super Kings,Glenn Maxwell,Pat Cummins,2,0,2,0,1,2
IPL2019_020,2019,2018-06-03,Abu Dhabi,Sheikh Zayed Stadium,Lucknow Super Giants,Chennai Super Kings,Chennai Super Kings,field,Chennai Super Kings,59,0,Jasprit Bumrah,runs,1,Lucknow Super Giants,Chennai Super Kings,Rashid Khan,Shubman Gill,2,0,2,0,1,3
IPL2019_020,2019,2018-06-03,Abu Dhabi,Sheikh Zayed Stadium,Lucknow Super Giants,Chennai Super Kings,Chennai Super Kings,field,Chennai Super Kings,59,0,Jasprit Bumrah,runs,1,Lucknow Super Giants,Chennai Super Kings,Shikhar Dhawan,Bhuvneshwar Kumar,4,0,4,0,1,4
IPL2019_020,2019,2018-06-03,Abu Dhabi,Sheikh Zayed Stadium,Lucknow Super Giants,Chennai Super Kings,Chennai Super Kings,field,Chennai Super Kings,59,0,Jasprit Bumrah,runs,1,Lucknow Super Giants,Chennai Super Kings,Ruturaj Gaikwad,Tilak Varma,0,0,0,0,1,5
IPL2019_020,2019,2018-06-03,Abu Dhabi,Sheikh Zayed Stadium,Lucknow Super Giants,Chennai Super Kings,Chennai Super Kings,field,Chennai Super Kings,59,0,Jasprit Bumrah,runs,1,Lucknow Super Giants,Chennai Super Kings,Shreyas Iyer,Trent Boult,0,0,0,0,1,6
IPL2019_020,2019,2018-06-03,Abu Dhabi,Sheikh Zayed Stadium,Lucknow Super Giants,Chennai Super Kings,Chennai Super Kings,field,Chennai Super Kings,59,0,Jasprit Bumrah,runs,1,Lucknow Super Giants,Chennai Super Kings,Nicholas Pooran,Shubman Gill,1,0,1,0,2,1
IPL2019_020,2019,2018-06-03,Abu Dhabi,Sheikh Zayed Stadium,Lucknow Super Giants,Chennai Super Kings,Chennai Super Kings,field,Chennai Super Kings,59,0,Jasprit Bumrah,runs,1,Lucknow Super Giants,Chennai Super Kings,Nicholas Pooran,Mohammed Siraj,2,2,4,0,2,2
IPL2019_020,2019,2018-06-03,Abu Dhabi,Sheikh Zayed Stadium,Lucknow Super Giants,Chennai Super Kings,Chennai Super Kings,field,Chennai Super Kings,59,0,Jasprit Bumrah,runs,1,Lucknow Super Giants,Chennai Super Kings,Nicholas Pooran,Rohit Sharma,0,0,0,0,2,3
IPL2019_020,2019,2018-06-03,Abu Dhabi,Sheikh Zayed Stadium,Lucknow Super Giants,Chennai Super Kings,Chennai Super Kings,field,Chennai Super Kings,59,0,Jasprit Bumrah,runs,1,Lucknow Super Giants,Chennai Super Kings,Rishabh Pant,Faf du Plessis,2,0,2,0,2,4
IPL2019_020,2019,2018-06-03,Abu Dhabi,Sheikh Zayed Stadium,Lucknow Super Giants,Chennai Super Kings,Chennai Super Kings,field,Chennai Super Kings,59,0,Jasprit Bumrah,runs,2,Chennai Super Kings,Lucknow Super Giants,David Warner,Shreyas Iyer,1,1,2,0,1,1
IPL2019_020,2019,2018-06-03,Abu Dhabi,Sheikh Zayed Stadium,Lucknow Super Giants,Chennai Super Kings,Chennai Super Kings,field,Chennai Super Kings,59,0,Jasprit Bumrah,runs,2,Chennai Super Kings,Lucknow Super Giants,Rishabh Pant,MS Dhoni,2,1,3,0,1,2
IPL2019_020,2019,2018-06-03,Abu Dhabi,Sheikh Zayed Stadium,Lucknow Super Giants,Chennai Super Kings,Chennai Super Kings,field,Chennai Super Kings,59,0,Jasprit Bumrah,runs,2,Chennai Super Kings,Lucknow Super Giants,Yashasvi Jaiswal,Pat Cummins,4,0,4,0,1,3
IPL2019_020,2019,2018-06-03,Abu Dhabi,Sheikh Zayed Stadium,Lucknow Super Giants,Chennai Super Kings,Chennai Super Kings,field,Chennai Super Kings,59,0,Jasprit Bumrah,runs,2,Chennai Super Kings,Lucknow Super Giants,KL Rahul,Virat Kohli,0,0,0,0,1,4
IPL2019_020,2019,2018-06-03,Abu Dhabi,Sheikh Zayed Stadium,Lucknow Super Giants,Chennai Super Kings,Chennai Super Kings,field,Chennai Super Kings,59,0,Jasprit Bumrah,runs,2,Chennai Super Kings,Lucknow Super Giants,Tilak Varma,David Warner,1,0,1,0,1,5
IPL2019_020,2019,2018-06-03,Abu Dhabi,Sheikh Zayed Stadium,Lucknow Super Giants,Chennai Super Kings,Chennai Super Kings,field,Chennai Super Kings,59,0,Jasprit Bumrah,runs,2,Chennai Super Kings,Lucknow Super Giants,Glenn Maxwell,Sunil Narine,0,0,0,0,1,6
IPL2019_020,2019,2018-06-03,Abu Dhabi,Sheikh Zayed Stadium,Lucknow Super Giants,Chennai Super Kings,Chennai Super Kings,field,Chennai Super Kings,59,0,Jasprit Bumrah,runs,2,Chennai Super Kings,Lucknow Super Giants,Shubman Gill,David Warner,6,0,6,0,2,1
IPL2019_020,2019,2018-06-03,Abu Dhabi,Sheikh Zayed Stadium,Lucknow Super Giants,Chennai Super Kings,Chennai Super Kings,field,Chennai Super Kings,59,0,Jasprit Bumrah,runs,2,Chennai Super Kings,Lucknow Super Giants,Rishabh Pant,Pat Cummins,2,0,2,1,2,2
IPL2019_020,2019,2018-06-03,Abu Dhabi,Sheikh Zayed Stadium,Lucknow Super Giants,Chennai Super Kings,Chennai Super Kings,field,Chennai Super Kings,59,0,Jasprit Bumrah,runs,2,Chennai Super Kings,Lucknow Super Giants,Ishan Kishan,Glenn Maxwell,1,0,1,0,2,3
IPL2019_020,2019,2018-06-03,Abu Dhabi,Sheikh Zayed Stadium,Lucknow Super Giants,Chennai Super Kings,Chennai Super Kings,field,Chennai Super Kings,59,0,Jasprit Bumrah,runs,2,Chennai Super Kings,Lucknow Super Giants,Andre Russell,Shikhar Dhawan,2,0,2,0,2,4
IPL2020_021,2020,2018-06-06,Ahmedabad,Narendra Modi Stadium,Royal Challengers Bengaluru,Delhi Capitals,Royal Challengers Bengaluru,field,Delhi Capitals,0,0,David Warner,normal,1,Royal Challengers Bengaluru,Delhi Capitals,Mohammed Siraj,Suryakumar Yadav,6,0,6,0,1,1
IPL2020_021,2020,2018-06-06,Ahmedabad,Narendra Modi Stadium,Royal Challengers Bengaluru,Delhi Capitals,Royal Challengers Bengaluru,field,Delhi Capitals,0,0,David Warner,normal,1,Royal Challengers Bengaluru,Delhi Capitals,KL Rahul,Tilak Varma,0,0,0,0,1,2
IPL2020_021,2020,2018-06-06,Ahmedabad,Narendra Modi Stadium,Royal Challengers Bengaluru,Delhi Capitals,Royal Challengers Bengaluru,field,Delhi Capitals,0,0,David Warner,normal,1,Royal Challengers Bengaluru,Delhi Capitals,Rashid Khan,Glenn Maxwell,0,0,0,0,1,3
IPL2020_021,2020,2018-06-06,Ahmedabad,Narendra Modi Stadium,Royal Challengers Bengaluru,Delhi Capitals,Royal Challengers Bengaluru,field,Delhi Capitals,0,0,David Warner,normal,1,Royal Challengers Bengaluru,Delhi Capitals,Prithvi Shaw,MS Dhoni,2,0,2,0,1,4
IPL2020_021,2020,2018-06-06,Ahmedabad,Narendra Modi Stadium,Royal Challengers Bengaluru,Delhi Capitals,Royal Challengers Bengaluru,field,Delhi Capitals,0,0,David Warner,normal,1,Royal Challengers Bengaluru,Delhi Capitals,Suryakumar Yadav,Ishan Kishan,0,0,0,0,1,5
IPL2020_021,2020,2018-06-06,Ahmedabad,Narendra Modi Stadium,Royal Challengers Bengaluru,Delhi Capitals,Royal Challengers Bengaluru,field,Delhi Capitals,0,0,David Warner,normal,1,Royal Challengers Bengaluru,Delhi Capitals,Andre Russell,Rashid Khan,1,0,1,0,1,6
IPL2020_021,2020,2018-06-06,Ahmedabad,Narendra Modi Stadium,Royal Challengers Bengaluru,Delhi Capitals,Royal Challengers Bengaluru,field,Delhi Capitals,0,0,David Warner,normal,1,Royal Challengers Bengaluru,Delhi Capitals,Bhuvneshwar Kumar,Andre Russell,0,2,2,0,2,1
IPL2020_021,2020,2018-06-06,Ahmedabad,Narendra Modi Stadium,Royal Challengers Bengaluru,Delhi Capitals,Royal Challengers Bengaluru,field,Delhi Capitals,0,0,David Warner,normal,1,Royal Challengers Bengaluru,Delhi Capitals,Mohammed Siraj,Trent Boult,4,0,4,0,2,2
IPL2020_021,2020,2018-06-06,Ahmedabad,Narendra Modi Stadium,Royal Challengers Bengaluru,Delhi Capitals,Royal Challengers Bengaluru,field,Delhi Capitals,0,0,David Warner,normal,1,Royal Challengers Bengaluru,Delhi Capitals,Shreyas Iyer,Hardik Pandya,0,0,0,0,2,3
IPL2020_021,2020,2018-06-06,Ahmedabad,Narendra Modi Stadium,Royal Challengers Bengaluru,Delhi Capitals,Royal Challengers Bengaluru,field,Delhi Capitals,0,0,David Warner,normal,1,Royal Challengers Bengaluru,Delhi Capitals,KL Rahul,Virat Kohli,4,0,4,0,2,4
IPL2020_021,2020,2018-06-06,Ahmedabad,Narendra Modi Stadium,Royal Challengers Bengaluru,Delhi Capitals,Royal Challengers Bengaluru,field,Delhi Capitals,0,0,David Warner,normal,2,Delhi Capitals,Royal Challengers Bengaluru,Sunil Narine,Tilak Varma,0,0,0,0,1,1
IPL2020_021,2020,2018-06-06,Ahmedabad,Narendra Modi Stadium,Royal Challengers Bengaluru,Delhi Capitals,Royal Challengers Bengaluru,field,Delhi Capitals,0,0,David Warner,normal,2,Delhi Capitals,Royal Challengers Bengaluru,KL Rahul,Sanju Samson,2,0,2,0,1,2
IPL2020_021,2020,2018-06-06,Ahmedabad,Narendra Modi Stadium,Royal Challengers Bengaluru,Delhi Capitals,Royal Challengers Bengaluru,field,Delhi Capitals,0,0,David Warner,normal,2,Delhi Capitals,Royal Challengers Bengaluru,Sunil Narine,Jasprit Bumrah,2,0,2,1,1,3
IPL2020_021,2020,2018-06-06,Ahmedabad,Narendra Modi Stadium,Royal Challengers Bengaluru,Delhi Capitals,Royal Challengers Bengaluru,field,Delhi Capitals,0,0,David Warner,normal,2,Delhi Capitals,Royal Challengers Bengaluru,Rishabh Pant,Nicholas Pooran,4,0,4,0,1,4
IPL2020_021,2020,2018-06-06,Ahmedabad,Narendra Modi Stadium,Royal Challengers Bengaluru,Delhi Capitals,Royal Challengers Bengaluru,field,Delhi Capitals,0,0,David Warner,normal,2,Delhi Capitals,Royal Challengers Bengaluru,Suryakumar Yadav,KL Rahul,1,0,1,0,1,5
IPL2020_021,2020,2018-06-06,Ahmedabad,Narendra Modi Stadium,Royal Challengers Bengaluru,Delhi Capitals,Royal Challengers Bengaluru,field,Delhi Capitals,0,0,David Warner,normal,2,Delhi Capitals,Royal Challengers Bengaluru,Suryakumar Yadav,Ishan Kishan,2,0,2,0,1,6
IPL2020_021,2020,2018-06-06,Ahmedabad,Narendra Modi Stadium,Royal Challengers Bengaluru,Delhi Capitals,Royal Challengers Bengaluru,field,Delhi Capitals,0,0,David Warner,normal,2,Delhi Capitals,Royal Challengers Bengaluru,Trent Boult,Shikhar Dhawan,1,0,1,0,2,1
IPL2020_021,2020,2018-06-06,Ahmedabad,Narendra Modi Stadium,Royal Challengers Bengaluru,Delhi Capitals,Royal Challengers Bengaluru,field,Delhi Capitals,0,0,David Warner,normal,2,Delhi Capitals,Royal Challengers Bengaluru,Ishan Kishan,Suryakumar Yadav,0,0,0,0,2,2
IPL2020_021,2020,2018-06-06,Ahmedabad,Narendra Modi Stadium,Royal Challengers Bengaluru,Delhi Capitals,Royal Challengers Bengaluru,field,Delhi Capitals,0,0,David Warner,normal,2,Delhi Capitals,Royal Challengers Bengaluru,Faf du Plessis,Virat Kohli,1,0,1,0,2,3
IPL2020_021,2020,2018-06-06,Ahmedabad,Narendra Modi Stadium,Royal Challengers Bengaluru,Delhi Capitals,Royal Challengers Bengaluru,field,Delhi Capitals,0,0,David Warner,normal,2,Delhi Capitals,Royal Challengers Bengaluru,Yashasvi Jaiswal,Jasprit Bumrah,1,0,1,0,2,4
IPL2021_022,2021,2018-06-09,Abu Dhabi,Sheikh Zayed Stadium,Mumbai Indians,Kolkata Knight Riders,Kolkata Knight Riders,field,Mumbai Indians,0,0,Sunil Narine,normal,1,Mumbai Indians,Kolkata Knight Riders,Shikhar Dhawan,Sunil Narine,0,0,0,0,1,1
IPL2021_022,2021,2018-06-09,Abu Dhabi,Sheikh Zayed Stadium,Mumbai Indians,Kolkata Knight Riders,Kolkata Knight Riders,field,Mumbai Indians,0,0,Sunil Narine,normal,1,Mumbai Indians,Kolkata Knight Riders,Andre Russell,Nicholas Pooran,2,0,2,0,1,2
IPL2021_022,2021,2018-06-09,Abu Dhabi,Sheikh Zayed Stadium,Mumbai Indians,Kolkata Knight Riders,Kolkata Knight Riders,field,Mumbai Indians,0,0,Sunil Narine,normal,1,Mumbai Indians,Kolkata Knight Riders,Virat Kohli,MS Dhoni,0,0,0,0,1,3
IPL2021_022,2021,2018-06-09,Abu Dhabi,Sheikh Zayed Stadium,Mumbai Indians,Kolkata Knight Riders,Kolkata Knight Riders,field,Mumbai Indians,0,0,Sunil Narine,normal,1,Mumbai Indians,Kolkata Knight Riders,Ruturaj Gaikwad,Rashid Khan,0,0,0,0,1,4
IPL2021_022,2021,2018-06-09,Abu Dhabi,Sheikh Zayed Stadium,Mumbai Indians,Kolkata Knight Riders,Kolkata Knight Riders,field,Mumbai Indians,0,0,Sunil Narine,normal,1,Mumbai Indians,Kolkata Knight Riders,Hardik Pandya,Shikhar Dhawan,2,0,2,1,1,5
IPL2021_022,2021,2018-06-09,Abu Dhabi,Sheikh Zayed Stadium,Mumbai Indians,Kolkata Knight Riders,Kolkata Knight Riders,field,Mumbai Indians,0,0,Sunil Narine,normal,1,Mumbai Indians,Kolkata Knight Riders,Rashid Khan,Ruturaj Gaikwad,1,0,1,0,1,6
IPL2021_022,2021,2018-06-09,Abu Dhabi,Sheikh Zayed Stadium,Mumbai Indians,Kolkata Knight Riders,Kolkata Knight Riders,field,Mumbai Indians,0,0,Sunil Narine,normal,1,Mumbai Indians,Kolkata Knight Riders,Shreyas Iyer,Mohammed Siraj,1,0,1,0,2,1
IPL2021_022,2021,2018-06-09,Abu Dhabi,Sheikh Zayed Stadium,Mumbai Indians,Kolkata Knight Riders,Kolkata Knight Riders,field,Mumbai Indians,0,0,Sunil Narine,normal,1,Mumbai Indians,Kolkata Knight Riders,Rishabh Pant,Sunil Narine,1,0,1,0,2,2
IPL2021_022,2021,2018-06-09,Abu Dhabi,Sheikh Zayed Stadium,Mumbai Indians,Kolkata Knight Riders,Kolkata Knight Riders,field,Mumbai Indians,0,0,Sunil Narine,normal,1,Mumbai Indians,Kolkata Knight Riders,Faf du Plessis,Yashasvi Jaiswal,2,0,2,0,2,3
IPL2021_022,2021,2018-06-09,Abu Dhabi,Sheikh Zayed Stadium,Mumbai Indians,Kolkata Knight Riders,Kolkata Knight Riders,field,Mumbai Indians,0,0,Sunil Narine,normal,1,Mumbai Indians,Kolkata Knight Riders,Rishabh Pant,David Warner,0,0,0,0,2,4
IPL2021_022,2021,2018-06-09,Abu Dhabi,Sheikh Zayed Stadium,Mumbai Indians,Kolkata Knight Riders,Kolkata Knight Riders,field,Mumbai Indians,0,0,Sunil Narine,normal,2,Kolkata Knight Riders,Mumbai Indians,Ravindra Jadeja,Faf du Plessis,2,0,2,0,1,1
IPL2021_022,2021,2018-06-09,Abu Dhabi,Sheikh Zayed Stadium,Mumbai Indians,Kolkata Knight Riders,Kolkata Knight Riders,field,Mumbai Indians,0,0,Sunil Narine,normal,2,Kolkata Knight Riders,Mumbai Indians,KL Rahul,Rishabh Pant,0,0,0,0,1,2
IPL2021_022,2021,2018-06-09,Abu Dhabi,Sheikh Zayed Stadium,Mumbai Indians,Kolkata Knight Riders,Kolkata Knight Riders,field,Mumbai Indians,0,0,Sunil Narine,normal,2,Kolkata Knight Riders,Mumbai Indians,Shikhar Dhawan,Andre Russell,4,0,4,0,1,3
IPL2021_022,2021,2018-06-09,Abu Dhabi,Sheikh Zayed Stadium,Mumbai Indians,Kolkata Knight Riders,Kolkata Knight Riders,field,Mumbai Indians,0,0,Sunil Narine,normal,2,Kolkata Knight Riders,Mumbai Indians,Suryakumar Yadav,Ruturaj Gaikwad,1,0,1,0,1,4
IPL2021_022,2021,2018-06-09,Abu Dhabi,Sheikh Zayed Stadium,Mumbai Indians,Kolkata Knight Riders,Kolkata Knight Riders,field,Mumbai Indians,0,0,Sunil Narine,normal,2,Kolkata Knight Riders,Mumbai Indians,Suryakumar Yadav,Rashid Khan,4,0,4,0,1,5
IPL2021_022,2021,2018-06-09,Abu Dhabi,Sheikh Zayed Stadium,Mumbai Indians,Kolkata Knight Riders,Kolkata Knight Riders,field,Mumbai Indians,0,0,Sunil Narine,normal,2,Kolkata Knight Riders,Mumbai Indians,Shubman Gill,Ravindra Jadeja,1,0,1,0,1,6
IPL2021_022,2021,2018-06-09,Abu Dhabi,Sheikh Zayed Stadium,Mumbai Indians,Kolkata Knight Riders,Kolkata Knight Riders,field,Mumbai Indians,0,0,Sunil Narine,normal,2,Kolkata Knight Riders,Mumbai Indians,Jasprit Bumrah,KL Rahul,2,0,2,0,2,1
IPL2021_022,2021,2018-06-09,Abu Dhabi,Sheikh Zayed Stadium,Mumbai Indians,Kolkata Knight Riders,Kolkata Knight Riders,field,Mumbai Indians,0,0,Sunil Narine,normal,2,Kolkata Knight Riders,Mumbai Indians,Shubman Gill,Ravindra Jadeja,0,0,0,0,2,2
IPL2021_022,2021,2018-06-09,Abu Dhabi,Sheikh Zayed Stadium,Mumbai Indians,Kolkata Knight Riders,Kolkata Knight Riders,field,Mumbai Indians,0,0,Sunil Narine,normal,2,Kolkata Knight Riders,Mumbai Indians,Faf du Plessis,Bhuvneshwar Kumar,0,1,1,0,2,3
IPL2021_022,2021,2018-06-09,Abu Dhabi,Sheikh Zayed Stadium,Mumbai Indians,Kolkata Knight Riders,Kolkata Knight Riders,field,Mumbai Indians,0,0,Sunil Narine,normal,2,Kolkata Knight Riders,Mumbai Indians,Shikhar Dhawan,Sanju Samson,0,0,0,0,2,4
IPL2022_023,2022,2018-06-12,Chennai,MA Chidambaram Stadium,Kolkata Knight Riders,Lucknow Super Giants,Lucknow Super Giants,field,Lucknow Super Giants,51,0,Glenn Maxwell,runs,1,Kolkata Knight Riders,Lucknow Super Giants,Ruturaj Gaikwad,Rashid Khan,0,0,0,0,1,1
IPL2022_023,2022,2018-06-12,Chennai,MA Chidambaram Stadium,Kolkata Knight Riders,Lucknow Super Giants,Lucknow Super Giants,field,Lucknow Super Giants,51,0,Glenn Maxwell,runs,1,Kolkata Knight Riders,Lucknow Super Giants,Rishabh Pant,Sanju Samson,1,0,1,0,1,2
IPL2022_023,2022,2018-06-12,Chennai,MA Chidambaram Stadium,Kolkata Knight Riders,Lucknow Super Giants,Lucknow Super Giants,field,Lucknow Super Giants,51,0,Glenn Maxwell,runs,1,Kolkata Knight Riders,Lucknow Super Giants,Ruturaj Gaikwad,Virat Kohli,0,0,0,0,1,3
IPL2022_023,2022,2018-06-12,Chennai,MA Chidambaram Stadium,Kolkata Knight Riders,Lucknow Super Giants,Lucknow Super Giants,field,Lucknow Super Giants,51,0,Glenn Maxwell,runs,1,Kolkata Knight Riders,Lucknow Super Giants,Shikhar Dhawan,Faf du Plessis,1,0,1,0,1,4
IPL2022_023,2022,2018-06-12,Chennai,MA Chidambaram Stadium,Kolkata Knight Riders,Lucknow Super Giants,Lucknow Super Giants,field,Lucknow Super Giants,51,0,Glenn Maxwell,runs,1,Kolkata Knight Riders,Lucknow Super Giants,Jos Buttler,Suryakumar Yadav,0,1,1,0,1,5
IPL2022_023,2022,2018-06-12,Chennai,MA Chidambaram Stadium,Kolkata Knight Riders,Lucknow Super Giants,Lucknow Super Giants,field,Lucknow Super Giants,51,0,Glenn Maxwell,runs,1,Kolkata Knight Riders,Lucknow Super Giants,Rohit Sharma,Rohit Sharma,4,0,4,0,1,6
IPL2022_023,2022,2018-06-12,Chennai,MA Chidambaram Stadium,Kolkata Knight Riders,Lucknow Super Giants,Lucknow Super Giants,field,Lucknow Super Giants,51,0,Glenn Maxwell,runs,1,Kolkata Knight Riders,Lucknow Super Giants,Faf du Plessis,Ruturaj Gaikwad,2,0,2,0,2,1
IPL2022_023,2022,2018-06-12,Chennai,MA Chidambaram Stadium,Kolkata Knight Riders,Lucknow Super Giants,Lucknow Super Giants,field,Lucknow Super Giants,51,0,Glenn Maxwell,runs,1,Kolkata Knight Riders,Lucknow Super Giants,Shikhar Dhawan,Jos Buttler,1,0,1,1,2,2
IPL2022_023,2022,2018-06-12,Chennai,MA Chidambaram Stadium,Kolkata Knight Riders,Lucknow Super Giants,Lucknow Super Giants,field,Lucknow Super Giants,51,0,Glenn Maxwell,runs,1,Kolkata Knight Riders,Lucknow Super Giants,Pat Cummins,Tilak Varma,1,0,1,0,2,3
IPL2022_023,2022,2018-06-12,Chennai,MA Chidambaram Stadium,Kolkata Knight Riders,Lucknow Super Giants,Lucknow Super Giants,field,Lucknow Super Giants,51,0,Glenn Maxwell,runs,1,Kolkata Knight Riders,Lucknow Super Giants,Bhuvneshwar Kumar,Sunil Narine,3,0,3,0,2,4
IPL2022_023,2022,2018-06-12,Chennai,MA Chidambaram Stadium,Kolkata Knight Riders,Lucknow Super Giants,Lucknow Super Giants,field,Lucknow Super Giants,51,0,Glenn Maxwell,runs,2,Lucknow Super Giants,Kolkata Knight Riders,Shubman Gill,Tilak Varma,0,0,0,0,1,1
IPL2022_023,2022,2018-06-12,Chennai,MA Chidambaram Stadium,Kolkata Knight Riders,Lucknow Super Giants,Lucknow Super Giants,field,Lucknow Super Giants,51,0,Glenn Maxwell,runs,2,Lucknow Super Giants,Kolkata Knight Riders,Virat Kohli,Mohammed Siraj,1,0,1,0,1,2
IPL2022_023,2022,2018-06-12,Chennai,MA Chidambaram Stadium,Kolkata Knight Riders,Lucknow Super Giants,Lucknow Super Giants,field,Lucknow Super Giants,51,0,Glenn Maxwell,runs,2,Lucknow Super Giants,Kolkata Knight Riders,Ruturaj Gaikwad,Sunil Narine,2,0,2,0,1,3
IPL2022_023,2022,2018-06-12,Chennai,MA Chidambaram Stadium,Kolkata Knight Riders,Lucknow Super Giants,Lucknow Super Giants,field,Lucknow Super Giants,51,0,Glenn Maxwell,runs,2,Lucknow Super Giants,Kolkata Knight Riders,Sunil Narine,Andre Russell,2,0,2,0,1,4
IPL2022_023,2022,2018-06-12,Chennai,MA Chidambaram Stadium,Kolkata Knight Riders,Lucknow Super Giants,Lucknow Super Giants,field,Lucknow Super Giants,51,0,Glenn Maxwell,runs,2,Lucknow Super Giants,Kolkata Knight Riders,KL Rahul,Sanju Samson,1,0,1,0,1,5
IPL2022_023,2022,2018-06-12,Chennai,MA Chidambaram Stadium,Kolkata Knight Riders,Lucknow Super Giants,Lucknow Super Giants,field,Lucknow Super Giants,51,0,Glenn Maxwell,runs,2,Lucknow Super Giants,Kolkata Knight Riders,Rohit Sharma,Suryakumar Yadav,0,0,0,0,1,6
IPL2022_023,2022,2018-06-12,Chennai,MA Chidambaram Stadium,Kolkata Knight Riders,Lucknow Super Giants,Lucknow Super Giants,field,Lucknow Super Giants,51,0,Glenn Maxwell,runs,2,Lucknow Super Giants,Kolkata Knight Riders,Tilak Varma,Sunil Narine,1,0,1,0,2,1
IPL2022_023,2022,2018-06-12,Chennai,MA Chidambaram Stadium,Kolkata Knight Riders,Lucknow Super Giants,Lucknow Super Giants,field,Lucknow Super Giants,51,0,Glenn Maxwell,runs,2,Lucknow Super Giants,Kolkata Knight Riders,Shubman Gill,Glenn Maxwell,2,0,2,0,2,2
IPL2022_023,2022,2018-06-12,Chennai,MA Chidambaram Stadium,Kolkata Knight Riders,Lucknow Super Giants,Lucknow Super Giants,field,Lucknow Super Giants,51,0,Glenn Maxwell,runs,2,Lucknow Super Giants,Kolkata Knight Riders,MS Dhoni,Hardik Pandya,4,0,4,0,2,3
IPL2022_023,2022,2018-06-12,Chennai,MA Chidambaram Stadium,Kolkata Knight Riders,Lucknow Super Giants,Lucknow Super Giants,field,Lucknow Super Giants,51,0,Glenn Maxwell,runs,2,Lucknow Super Giants,Kolkata Knight Riders,Sunil Narine,MS Dhoni,1,0,1,0,2,4
IPL2023_024,2023,2018-06-15,Chennai,MA Chidambaram Stadium,Lucknow Super Giants,Chennai Super Kings,Lucknow Super Giants,bat,Chennai Super Kings,31,0,Rashid Khan,runs,1,Lucknow Super Giants,Chennai Super Kings,Faf du Plessis,Bhuvneshwar Kumar,0,0,0,0,1,1
IPL2023_024,2023,2018-06-15,Chennai,MA Chidambaram Stadium,Lucknow Super Giants,Chennai Super Kings,Lucknow Super Giants,bat,Chennai Super Kings,31,0,Rashid Khan,runs,1,Lucknow Super Giants,Chennai Super Kings,David Warner,Trent Boult,1,0,1,0,1,2
IPL2023_024,2023,2018-06-15,Chennai,MA Chidambaram Stadium,Lucknow Super Giants,Chennai Super Kings,Lucknow Super Giants,bat,Chennai Super Kings,31,0,Rashid Khan,runs,1,Lucknow Super Giants,Chennai Super Kings,Trent Boult,Nicholas Pooran,1,0,1,0,1,3
IPL2023_024,2023,2018-06-15,Chennai,MA Chidambaram Stadium,Lucknow Super Giants,Chennai Super Kings,Lucknow Super Giants,bat,Chennai Super Kings,31,0,Rashid Khan,runs,1,Lucknow Super Giants,Chennai Super Kings,Trent Boult,Rashid Khan,2,0,2,0,1,4
IPL2023_024,2023,2018-06-15,Chennai,MA Chidambaram Stadium,Lucknow Super Giants,Chennai Super Kings,Lucknow Super Giants,bat,Chennai Super Kings,31,0,Rashid Khan,runs,1,Lucknow Super Giants,Chennai Super Kings,Bhuvneshwar Kumar,Yashasvi Jaiswal,0,0,0,0,1,5
IPL2023_024,2023,2018-06-15,Chennai,MA Chidambaram Stadium,Lucknow Super Giants,Chennai Super Kings,Lucknow Super Giants,bat,Chennai Super Kings,31,0,Rashid Khan,runs,1,Lucknow Super Giants,Chennai Super Kings,Hardik Pandya,Andre Russell,1,0,1,0,1,6
IPL2023_024,2023,2018-06-15,Chennai,MA Chidambaram Stadium,Lucknow Super Giants,Chennai Super Kings,Lucknow Super Giants,bat,Chennai Super Kings,31,0,Rashid Khan,runs,1,Lucknow Super Giants,Chennai Super Kings,Prithvi Shaw,Andre Russell,1,0,1,0,2,1
IPL2023_024,2023,2018-06-15,Chennai,MA Chidambaram Stadium,Lucknow Super Giants,Chennai Super Kings,Lucknow Super Giants,bat,Chennai Super Kings,31,0,Rashid Khan,runs,1,Lucknow Super Giants,Chennai Super Kings,Ruturaj Gaikwad,Tilak Varma,0,0,0,0,2,2
IPL2023_024,2023,2018-06-15,Chennai,MA Chidambaram Stadium,Lucknow Super Giants,Chennai Super Kings,Lucknow Super Giants,bat,Chennai Super Kings,31,0,Rashid Khan,runs,1,Lucknow Super Giants,Chennai Super Kings,Mohammed Siraj,David Warner,1,1,2,1,2,3
IPL2023_024,2023,2018-06-15,Chennai,MA Chidambaram Stadium,Lucknow Super Giants,Chennai Super Kings,Lucknow Super Giants,bat,Chennai Super Kings,31,0,Rashid Khan,runs,1,Lucknow Super Giants,Chennai Super Kings,Ruturaj Gaikwad,Mohammed Siraj,0,0,0,0,2,4
IPL2023_024,2023,2018-06-15,Chennai,MA Chidambaram Stadium,Lucknow Super Giants,Chennai Super Kings,Lucknow Super Giants,bat,Chennai Super Kings,31,0,Rashid Khan,runs,2,Chennai Super Kings,Lucknow Super Giants,Trent Boult,Rohit Sharma,0,0,0,1,1,1
IPL2023_024,2023,2018-06-15,Chennai,MA Chidambaram Stadium,Lucknow Super Giants,Chennai Super Kings,Lucknow Super Giants,bat,Chennai Super Kings,31,0,Rashid Khan,runs,2,Chennai Super Kings,Lucknow Super Giants,Trent Boult,Ravindra Jadeja,0,2,2,0,1,2
IPL2023_024,2023,2018-06-15,Chennai,MA Chidambaram Stadium,Lucknow Super Giants,Chennai Super Kings,Lucknow Super Giants,bat,Chennai Super Kings,31,0,Rashid Khan,runs,2,Chennai Super Kings,Lucknow Super Giants,Shubman Gill,Bhuvneshwar Kumar,0,1,1,0,1,3
IPL2023_024,2023,2018-06-15,Chennai,MA Chidambaram Stadium,Lucknow Super Giants,Chennai Super Kings,Lucknow Super Giants,bat,Chennai Super Kings,31,0,Rashid Khan,runs,2,Chennai Super Kings,Lucknow Super Giants,Jasprit Bumrah,Pat Cummins,4,0,4,0,1,4
IPL2023_024,2023,2018-06-15,Chennai,MA Chidambaram Stadium,Lucknow Super Giants,Chennai Super Kings,Lucknow Super Giants,bat,Chennai Super Kings,31,0,Rashid Khan,runs,2,Chennai Super Kings,Lucknow Super Giants,Jasprit Bumrah,Suryakumar Yadav,1,0,1,0,1,5
IPL2023_024,2023,2018-06-15,Chennai,MA Chidambaram Stadium,Lucknow Super Giants,Chennai Super Kings,Lucknow Super Giants,bat,Chennai Super Kings,31,0,Rashid Khan,runs,2,Chennai Super Kings,Lucknow Super Giants,Shreyas Iyer,MS Dhoni,0,0,0,0,1,6
IPL2023_024,2023,2018-06-15,Chennai,MA Chidambaram Stadium,Lucknow Super Giants,Chennai Super Kings,Lucknow Super Giants,bat,Chennai Super Kings,31,0,Rashid Khan,runs,2,Chennai Super Kings,Lucknow Super Giants,Sanju Samson,Rashid Khan,0,0,0,0,2,1
IPL2023_024,2023,2018-06-15,Chennai,MA Chidambaram Stadium,Lucknow Super Giants,Chennai Super Kings,Lucknow Super Giants,bat,Chennai Super Kings,31,0,Rashid Khan,runs,2,Chennai Super Kings,Lucknow Super Giants,Sanju Samson,Faf du Plessis,0,0,0,0,2,2
IPL2023_024,2023,2018-06-15,Chennai,MA Chidambaram Stadium,Lucknow Super Giants,Chennai Super Kings,Lucknow Super Giants,bat,Chennai Super Kings,31,0,Rashid Khan,runs,2,Chennai Super Kings,Lucknow Super Giants,MS Dhoni,Sanju Samson,4,0,4,0,2,3
IPL2023_024,2023,2018-06-15,Chennai,MA Chidambaram Stadium,Lucknow Super Giants,Chennai Super Kings,Lucknow Super Giants,bat,Chennai Super Kings,31,0,Rashid Khan,runs,2,Chennai Super Kings,Lucknow Super Giants,Virat Kohli,David Warner,4,1,5,0,2,4
IPL2024_025,2024,2018-06-18,Jaipur,Sawai Mansingh Stadium,Punjab Kings,Lucknow Super Giants,Lucknow Super Giants,bat,Punjab Kings,0,2,Shikhar Dhawan,wickets,1,Punjab Kings,Lucknow Super Giants,Shikhar Dhawan,Tilak Varma,0,0,0,0,1,1
IPL2024_025,2024,2018-06-18,Jaipur,Sawai Mansingh Stadium,Punjab Kings,Lucknow Super Giants,Lucknow Super Giants,bat,Punjab Kings,0,2,Shikhar Dhawan,wickets,1,Punjab Kings,Lucknow Super Giants,Andre Russell,MS Dhoni,2,0,2,0,1,2
IPL2024_025,2024,2018-06-18,Jaipur,Sawai Mansingh Stadium,Punjab Kings,Lucknow Super Giants,Lucknow Super Giants,bat,Punjab Kings,0,2,Shikhar Dhawan,wickets,1,Punjab Kings,Lucknow Super Giants,Shreyas Iyer,Rashid Khan,4,0,4,0,1,3
IPL2024_025,2024,2018-06-18,Jaipur,Sawai Mansingh Stadium,Punjab Kings,Lucknow Super Giants,Lucknow Super Giants,bat,Punjab Kings,0,2,Shikhar Dhawan,wickets,1,Punjab Kings,Lucknow Super Giants,Prithvi Shaw,Suryakumar Yadav,4,0,4,0,1,4
IPL2024_025,2024,2018-06-18,Jaipur,Sawai Mansingh Stadium,Punjab Kings,Lucknow Super Giants,Lucknow Super Giants,bat,Punjab Kings,0,2,Shikhar Dhawan,wickets,1,Punjab Kings,Lucknow Super Giants,Nicholas Pooran,Nicholas Pooran,1,0,1,0,1,5
IPL2024_025,2024,2018-06-18,Jaipur,Sawai Mansingh Stadium,Punjab Kings,Lucknow Super Giants,Lucknow Super Giants,bat,Punjab Kings,0,2,Shikhar Dhawan,wickets,1,Punjab Kings,Lucknow Super Giants,Pat Cummins,Mohammed Siraj,0,0,0,0,1,6
IPL2024_025,2024,2018-06-18,Jaipur,Sawai Mansingh Stadium,Punjab Kings,Lucknow Super Giants,Lucknow Super Giants,bat,Punjab Kings,0,2,Shikhar Dhawan,wickets,1,Punjab Kings,Lucknow Super Giants,Shreyas Iyer,Nicholas Pooran,2,0,2,0,2,1
IPL2024_025,2024,2018-06-18,Jaipur,Sawai Mansingh Stadium,Punjab Kings,Lucknow Super Giants,Lucknow Super Giants,bat,Punjab Kings,0,2,Shikhar Dhawan,wickets,1,Punjab Kings,Lucknow Super Giants,Prithvi Shaw,Jasprit Bumrah,0,0,0,0,2,2
IPL2024_025,2024,2018-06-18,Jaipur,Sawai Mansingh Stadium,Punjab Kings,Lucknow Super Giants,Lucknow Super Giants,bat,Punjab Kings,0,2,Shikhar Dhawan,wickets,1,Punjab Kings,Lucknow Super Giants,David Warner,Shubman Gill,4,0,4,0,2,3
IPL2024_025,2024,2018-06-18,Jaipur,Sawai Mansingh Stadium,Punjab Kings,Lucknow Super Giants,Lucknow Super Giants,bat,Punjab Kings,0,2,Shikhar Dhawan,wickets,1,Punjab Kings,Lucknow Super Giants,Faf du Plessis,Rashid Khan,4,0,4,0,2,4
IPL2024_025,2024,2018-06-18,Jaipur,Sawai Mansingh Stadium,Punjab Kings,Lucknow Super Giants,Lucknow Super Giants,bat,Punjab Kings,0,2,Shikhar Dhawan,wickets,2,Lucknow Super Giants,Punjab Kings,Pat Cummins,Jos Buttler,1,0,1,0,1,1
IPL2024_025,2024,2018-06-18,Jaipur,Sawai Mansingh Stadium,Punjab Kings,Lucknow Super Giants,Lucknow Super Giants,bat,Punjab Kings,0,2,Shikhar Dhawan,wickets,2,Lucknow Super Giants,Punjab Kings,Prithvi Shaw,Suryakumar Yadav,1,0,1,0,1,2
IPL2024_025,2024,2018-06-18,Jaipur,Sawai Mansingh Stadium,Punjab Kings,Lucknow Super Giants,Lucknow Super Giants,bat,Punjab Kings,0,2,Shikhar Dhawan,wickets,2,Lucknow Super Giants,Punjab Kings,Glenn Maxwell,Jos Buttler,1,0,1,0,1,3
IPL2024_025,2024,2018-06-18,Jaipur,Sawai Mansingh Stadium,Punjab Kings,Lucknow Super Giants,Lucknow Super Giants,bat,Punjab Kings,0,2,Shikhar Dhawan,wickets,2,Lucknow Super Giants,Punjab Kings,MS Dhoni,Rohit Sharma,1,0,1,0,1,4
IPL2024_025,2024,2018-06-18,Jaipur,Sawai Mansingh Stadium,Punjab Kings,Lucknow Super Giants,Lucknow Super Giants,bat,Punjab Kings,0,2,Shikhar Dhawan,wickets,2,Lucknow Super Giants,Punjab Kings,Sanju Samson,Nicholas Pooran,0,0,0,0,1,5
IPL2024_025,2024,2018-06-18,Jaipur,Sawai Mansingh Stadium,Punjab Kings,Lucknow Super Giants,Lucknow Super Giants,bat,Punjab Kings,0,2,Shikhar Dhawan,wickets,2,Lucknow Super Giants,Punjab Kings,Ruturaj Gaikwad,Trent Boult,2,0,2,0,1,6
IPL2024_025,2024,2018-06-18,Jaipur,Sawai Mansingh Stadium,Punjab Kings,Lucknow Super Giants,Lucknow Super Giants,bat,Punjab Kings,0,2,Shikhar Dhawan,wickets,2,Lucknow Super Giants,Punjab Kings,Ravindra Jadeja,Glenn Maxwell,1,1,2,0,2,1
IPL2024_025,2024,2018-06-18,Jaipur,Sawai Mansingh Stadium,Punjab Kings,Lucknow Super Giants,Lucknow Super Giants,bat,Punjab Kings,0,2,Shikhar Dhawan,wickets,2,Lucknow Super Giants,Punjab Kings,Mohammed Siraj,Prithvi Shaw,4,0,4,0,2,2
IPL2024_025,2024,2018-06-18,Jaipur,Sawai Mansingh Stadium,Punjab Kings,Lucknow Super Giants,Lucknow Super Giants,bat,Punjab Kings,0,2,Shikhar Dhawan,wickets,2,Lucknow Super Giants,Punjab Kings,Ruturaj Gaikwad,Andre Russell,0,0,0,0,2,3
IPL2024_025,2024,2018-06-18,Jaipur,Sawai Mansingh Stadium,Punjab Kings,Lucknow Super Giants,Lucknow Super Giants,bat,Punjab Kings,0,2,Shikhar Dhawan,wickets,2,Lucknow Super Giants,Punjab Kings,Shubman Gill,Andre Russell,1,0,1,0,2,4
IPL2025_026,2025,2018-06-21,Chennai,MA Chidambaram Stadium,Rajasthan Royals,Delhi Capitals,Delhi Capitals,field,Delhi Capitals,46,0,Trent Boult,runs,1,Rajasthan Royals,Delhi Capitals,Ishan Kishan,David Warner,2,1,3,1,1,1
IPL2025_026,2025,2018-06-21,Chennai,MA Chidambaram Stadium,Rajasthan Royals,Delhi Capitals,Delhi Capitals,field,Delhi Capitals,46,0,Trent Boult,runs,1,Rajasthan Royals,Delhi Capitals,Ravindra Jadeja,KL Rahul,0,0,0,0,1,2
IPL2025_026,2025,2018-06-21,Chennai,MA Chidambaram Stadium,Rajasthan Royals,Delhi Capitals,Delhi Capitals,field,Delhi Capitals,46,0,Trent Boult,runs,1,Rajasthan Royals,Delhi Capitals,Trent Boult,Suryakumar Yadav,4,0,4,0,1,3
IPL2025_026,2025,2018-06-21,Chennai,MA Chidambaram Stadium,Rajasthan Royals,Delhi Capitals,Delhi Capitals,field,Delhi Capitals,46,0,Trent Boult,runs,1,Rajasthan Royals,Delhi Capitals,Virat Kohli,MS Dhoni,0,1,1,0,1,4
IPL2025_026,2025,2018-06-21,Chennai,MA Chidambaram Stadium,Rajasthan Royals,Delhi Capitals,Delhi Capitals,field,Delhi Capitals,46,0,Trent Boult,runs,1,Rajasthan Royals,Delhi Capitals,Rashid Khan,Shreyas Iyer,0,0,0,0,1,5
IPL2025_026,2025,2018-06-21,Chennai,MA Chidambaram Stadium,Rajasthan Royals,Delhi Capitals,Delhi Capitals,field,Delhi Capitals,46,0,Trent Boult,runs,1,Rajasthan Royals,Delhi Capitals,Glenn Maxwell,Tilak Varma,0,0,0,0,1,6
IPL2025_026,2025,2018-06-21,Chennai,MA Chidambaram Stadium,Rajasthan Royals,Delhi Capitals,Delhi Capitals,field,Delhi Capitals,46,0,Trent Boult,runs,1,Rajasthan Royals,Delhi Capitals,Mohammed Siraj,Mohammed Siraj,1,0,1,0,2,1
IPL2025_026,2025,2018-06-21,Chennai,MA Chidambaram Stadium,Rajasthan Royals,Delhi Capitals,Delhi Capitals,field,Delhi Capitals,46,0,Trent Boult,runs,1,Rajasthan Royals,Delhi Capitals,Virat Kohli,Bhuvneshwar Kumar,2,0,2,0,2,2
IPL2025_026,2025,2018-06-21,Chennai,MA Chidambaram Stadium,Rajasthan Royals,Delhi Capitals,Delhi Capitals,field,Delhi Capitals,46,0,Trent Boult,runs,1,Rajasthan Royals,Delhi Capitals,Shreyas Iyer,Glenn Maxwell,0,0,0,0,2,3
IPL2025_026,2025,2018-06-21,Chennai,MA Chidambaram Stadium,Rajasthan Royals,Delhi Capitals,Delhi Capitals,field,Delhi Capitals,46,0,Trent Boult,runs,1,Rajasthan Royals,Delhi Capitals,Suryakumar Yadav,Mohammed Siraj,0,0,0,0,2,4
IPL2025_026,2025,2018-06-21,Chennai,MA Chidambaram Stadium,Rajasthan Royals,Delhi Capitals,Delhi Capitals,field,Delhi Capitals,46,0,Trent Boult,runs,2,Delhi Capitals,Rajasthan Royals,Rohit Sharma,Bhuvneshwar Kumar,0,0,0,0,1,1
IPL2025_026,2025,2018-06-21,Chennai,MA Chidambaram Stadium,Rajasthan Royals,Delhi Capitals,Delhi Capitals,field,Delhi Capitals,46,0,Trent Boult,runs,2,Delhi Capitals,Rajasthan Royals,Bhuvneshwar Kumar,Sanju Samson,6,0,6,0,1,2
IPL2025_026,2025,2018-06-21,Chennai,MA Chidambaram Stadium,Rajasthan Royals,Delhi Capitals,Delhi Capitals,field,Delhi Capitals,46,0,Trent Boult,runs,2,Delhi Capitals,Rajasthan Royals,Sunil Narine,Yashasvi Jaiswal,1,0,1,0,1,3
IPL2025_026,2025,2018-06-21,Chennai,MA Chidambaram Stadium,Rajasthan Royals,Delhi Capitals,Delhi Capitals,field,Delhi Capitals,46,0,Trent Boult,runs,2,Delhi Capitals,Rajasthan Royals,Pat Cummins,Andre Russell,6,0,6,0,1,4
IPL2025_026,2025,2018-06-21,Chennai,MA Chidambaram Stadium,Rajasthan Royals,Delhi Capitals,Delhi Capitals,field,Delhi Capitals,46,0,Trent Boult,runs,2,Delhi Capitals,Rajasthan Royals,Prithvi Shaw,Suryakumar Yadav,4,0,4,0,1,5
IPL2025_026,2025,2018-06-21,Chennai,MA Chidambaram Stadium,Rajasthan Royals,Delhi Capitals,Delhi Capitals,field,Delhi Capitals,46,0,Trent Boult,runs,2,Delhi Capitals,Rajasthan Royals,Sanju Samson,Mohammed Siraj,2,0,2,0,1,6
IPL2025_026,2025,2018-06-21,Chennai,MA Chidambaram Stadium,Rajasthan Royals,Delhi Capitals,Delhi Capitals,field,Delhi Capitals,46,0,Trent Boult,runs,2,Delhi Capitals,Rajasthan Royals,David Warner,Pat Cummins,4,0,4,0,2,1
IPL2025_026,2025,2018-06-21,Chennai,MA Chidambaram Stadium,Rajasthan Royals,Delhi Capitals,Delhi Capitals,field,Delhi Capitals,46,0,Trent Boult,runs,2,Delhi Capitals,Rajasthan Royals,Glenn Maxwell,Sunil Narine,3,0,3,0,2,2
IPL2025_026,2025,2018-06-21,Chennai,MA Chidambaram Stadium,Rajasthan Royals,Delhi Capitals,Delhi Capitals,field,Delhi Capitals,46,0,Trent Boult,runs,2,Delhi Capitals,Rajasthan Royals,MS Dhoni,Sunil Narine,1,0,1,0,2,3
IPL2025_026,2025,2018-06-21,Chennai,MA Chidambaram Stadium,Rajasthan Royals,Delhi Capitals,Delhi Capitals,field,Delhi Capitals,46,0,Trent Boult,runs,2,Delhi Capitals,Rajasthan Royals,Rishabh Pant,David Warner,2,0,2,0,2,4
IPL2026_027,2026,2018-06-24,Delhi,Arun Jaitley Stadium,Sunrisers Hyderabad,Lucknow Super Giants,Sunrisers Hyderabad,bat,Lucknow Super Giants,0,1,Shikhar Dhawan,wickets,1,Sunrisers Hyderabad,Lucknow Super Giants,Ruturaj Gaikwad,Shreyas Iyer,2,0,2,0,1,1
IPL2026_027,2026,2018-06-24,Delhi,Arun Jaitley Stadium,Sunrisers Hyderabad,Lucknow Super Giants,Sunrisers Hyderabad,bat,Lucknow Super Giants,0,1,Shikhar Dhawan,wickets,1,Sunrisers Hyderabad,Lucknow Super Giants,Hardik Pandya,Glenn Maxwell,0,0,0,0,1,2
IPL2026_027,2026,2018-06-24,Delhi,Arun Jaitley Stadium,Sunrisers Hyderabad,Lucknow Super Giants,Sunrisers Hyderabad,bat,Lucknow Super Giants,0,1,Shikhar Dhawan,wickets,1,Sunrisers Hyderabad,Lucknow Super Giants,Bhuvneshwar Kumar,Faf du Plessis,2,0,2,0,1,3
IPL2026_027,2026,2018-06-24,Delhi,Arun Jaitley Stadium,Sunrisers Hyderabad,Lucknow Super Giants,Sunrisers Hyderabad,bat,Lucknow Super Giants,0,1,Shikhar Dhawan,wickets,1,Sunrisers Hyderabad,Lucknow Super Giants,Rohit Sharma,Andre Russell,1,0,1,0,1,4
IPL2026_027,2026,2018-06-24,Delhi,Arun Jaitley Stadium,Sunrisers Hyderabad,Lucknow Super Giants,Sunrisers Hyderabad,bat,Lucknow Super Giants,0,1,Shikhar Dhawan,wickets,1,Sunrisers Hyderabad,Lucknow Super Giants,MS Dhoni,KL Rahul,6,0,6,0,1,5
IPL2026_027,2026,2018-06-24,Delhi,Arun Jaitley Stadium,Sunrisers Hyderabad,Lucknow Super Giants,Sunrisers Hyderabad,bat,Lucknow Super Giants,0,1,Shikhar Dhawan,wickets,1,Sunrisers Hyderabad,Lucknow Super Giants,Suryakumar Yadav,KL Rahul,1,0,1,0,1,6
IPL2026_027,2026,2018-06-24,Delhi,Arun Jaitley Stadium,Sunrisers Hyderabad,Lucknow Super Giants,Sunrisers Hyderabad,bat,Lucknow Super Giants,0,1,Shikhar Dhawan,wickets,1,Sunrisers Hyderabad,Lucknow Super Giants,Shubman Gill,Bhuvneshwar Kumar,2,2,4,0,2,1
IPL2026_027,2026,2018-06-24,Delhi,Arun Jaitley Stadium,Sunrisers Hyderabad,Lucknow Super Giants,Sunrisers Hyderabad,bat,Lucknow Super Giants,0,1,Shikhar Dhawan,wickets,1,Sunrisers Hyderabad,Lucknow Super Giants,Hardik Pandya,Tilak Varma,0,0,0,0,2,2
IPL2026_027,2026,2018-06-24,Delhi,Arun Jaitley Stadium,Sunrisers Hyderabad,Lucknow Super Giants,Sunrisers Hyderabad,bat,Lucknow Super Giants,0,1,Shikhar Dhawan,wickets,1,Sunrisers Hyderabad,Lucknow Super Giants,Yashasvi Jaiswal,Glenn Maxwell,0,0,0,0,2,3
IPL2026_027,2026,2018-06-24,Delhi,Arun Jaitley Stadium,Sunrisers Hyderabad,Lucknow Super Giants,Sunrisers Hyderabad,bat,Lucknow Super Giants,0,1,Shikhar Dhawan,wickets,1,Sunrisers Hyderabad,Lucknow Super Giants,Virat Kohli,Shreyas Iyer,4,0,4,0,2,4
IPL2026_027,2026,2018-06-24,Delhi,Arun Jaitley Stadium,Sunrisers Hyderabad,Lucknow Super Giants,Sunrisers Hyderabad,bat,Lucknow Super Giants,0,1,Shikhar Dhawan,wickets,2,Lucknow Super Giants,Sunrisers Hyderabad,Tilak Varma,Faf du Plessis,0,0,0,0,1,1
IPL2026_027,2026,2018-06-24,Delhi,Arun Jaitley Stadium,Sunrisers Hyderabad,Lucknow Super Giants,Sunrisers Hyderabad,bat,Lucknow Super Giants,0,1,Shikhar Dhawan,wickets,2,Lucknow Super Giants,Sunrisers Hyderabad,Andre Russell,David Warner,1,0,1,0,1,2
IPL2026_027,2026,2018-06-24,Delhi,Arun Jaitley Stadium,Sunrisers Hyderabad,Lucknow Super Giants,Sunrisers Hyderabad,bat,Lucknow Super Giants,0,1,Shikhar Dhawan,wickets,2,Lucknow Super Giants,Sunrisers Hyderabad,Rohit Sharma,Jasprit Bumrah,0,0,0,0,1,3
IPL2026_027,2026,2018-06-24,Delhi,Arun Jaitley Stadium,Sunrisers Hyderabad,Lucknow Super Giants,Sunrisers Hyderabad,bat,Lucknow Super Giants,0,1,Shikhar Dhawan,wickets,2,Lucknow Super Giants,Sunrisers Hyderabad,Yashasvi Jaiswal,Rishabh Pant,2,0,2,0,1,4
IPL2026_027,2026,2018-06-24,Delhi,Arun Jaitley Stadium,Sunrisers Hyderabad,Lucknow Super Giants,Sunrisers Hyderabad,bat,Lucknow Super Giants,0,1,Shikhar Dhawan,wickets,2,Lucknow Super Giants,Sunrisers Hyderabad,Trent Boult,Bhuvneshwar Kumar,1,0,1,0,1,5
IPL2026_027,2026,2018-06-24,Delhi,Arun Jaitley Stadium,Sunrisers Hyderabad,Lucknow Super Giants,Sunrisers Hyderabad,bat,Lucknow Super Giants,0,1,Shikhar Dhawan,wickets,2,Lucknow Super Giants,Sunrisers Hyderabad,Sunil Narine,Pat Cummins,2,0,2,0,1,6
IPL2026_027,2026,2018-06-24,Delhi,Arun Jaitley Stadium,Sunrisers Hyderabad,Lucknow Super Giants,Sunrisers Hyderabad,bat,Lucknow Super Giants,0,1,Shikhar Dhawan,wickets,2,Lucknow Super Giants,Sunrisers Hyderabad,Andre Russell,Bhuvneshwar Kumar,1,0,1,0,2,1
IPL2026_027,2026,2018-06-24,Delhi,Arun Jaitley Stadium,Sunrisers Hyderabad,Lucknow Super Giants,Sunrisers Hyderabad,bat,Lucknow Super Giants,0,1,Shikhar Dhawan,wickets,2,Lucknow Super Giants,Sunrisers Hyderabad,Rohit Sharma,Jasprit Bumrah,6,0,6,0,2,2
IPL2026_027,2026,2018-06-24,Delhi,Arun Jaitley Stadium,Sunrisers Hyderabad,Lucknow Super Giants,Sunrisers Hyderabad,bat,Lucknow Super Giants,0,1,Shikhar Dhawan,wickets,2,Lucknow Super Giants,Sunrisers Hyderabad,Suryakumar Yadav,Faf du Plessis,0,0,0,0,2,3
IPL2026_027,2026,2018-06-24,Delhi,Arun Jaitley Stadium,Sunrisers Hyderabad,Lucknow Super Giants,Sunrisers Hyderabad,bat,Lucknow Super Giants,0,1,Shikhar Dhawan,wickets,2,Lucknow Super Giants,Sunrisers Hyderabad,Jos Buttler,Prithvi Shaw,1,0,1,0,2,4
IPL2018_028,2018,2018-06-27,Dubai,Dubai International Cricket Stadium,Rajasthan Royals,Punjab Kings,Punjab Kings,bat,Rajasthan Royals,12,0,Trent Boult,runs,1,Rajasthan Royals,Punjab Kings,Shikhar Dhawan,Sanju Samson,6,0,6,0,1,1
IPL2018_028,2018,2018-06-27,Dubai,Dubai International Cricket Stadium,Rajasthan Royals,Punjab Kings,Punjab Kings,bat,Rajasthan Royals,12,0,Trent Boult,runs,1,Rajasthan Royals,Punjab Kings,Ruturaj Gaikwad,Faf du Plessis,0,1,1,1,1,2
IPL2018_028,2018,2018-06-27,Dubai,Dubai International Cricket Stadium,Rajasthan Royals,Punjab Kings,Punjab Kings,bat,Rajasthan Royals,12,0,Trent Boult,runs,1,Rajasthan Royals,Punjab Kings,Virat Kohli,Faf du Plessis,2,0,2,0,1,3
IPL2018_028,2018,2018-06-27,Dubai,Dubai International Cricket Stadium,Rajasthan Royals,Punjab Kings,Punjab Kings,bat,Rajasthan Royals,12,0,Trent Boult,runs,1,Rajasthan Royals,Punjab Kings,David Warner,MS Dhoni,2,0,2,0,1,4
IPL2018_028,2018,2018-06-27,Dubai,Dubai International Cricket Stadium,Rajasthan Royals,Punjab Kings,Punjab Kings,bat,Rajasthan Royals,12,0,Trent Boult,runs,1,Rajasthan Royals,Punjab Kings,Rashid Khan,Glenn Maxwell,3,0,3,0,1,5
IPL2018_028,2018,2018-06-27,Dubai,Dubai International Cricket Stadium,Rajasthan Royals,Punjab Kings,Punjab Kings,bat,Rajasthan Royals,12,0,Trent Boult,runs,1,Rajasthan Royals,Punjab Kings,Prithvi Shaw,Shubman Gill,1,0,1,0,1,6
IPL2018_028,2018,2018-06-27,Dubai,Dubai International Cricket Stadium,Rajasthan Royals,Punjab Kings,Punjab Kings,bat,Rajasthan Royals,12,0,Trent Boult,runs,1,Rajasthan Royals,Punjab Kings,Andre Russell,Shubman Gill,0,0,0,0,2,1
IPL2018_028,2018,2018-06-27,Dubai,Dubai International Cricket Stadium,Rajasthan Royals,Punjab Kings,Punjab Kings,bat,Rajasthan Royals,12,0,Trent Boult,runs,1,Rajasthan Royals,Punjab Kings,Pat Cummins,Glenn Maxwell,1,0,1,0,2,2
IPL2018_028,2018,2018-06-27,Dubai,Dubai International Cricket Stadium,Rajasthan Royals,Punjab Kings,Punjab Kings,bat,Rajasthan Royals,12,0,Trent Boult,runs,1,Rajasthan Royals,Punjab Kings,Jos Buttler,Sunil Narine,1,0,1,0,2,3
IPL2018_028,2018,2018-06-27,Dubai,Dubai International Cricket Stadium,Rajasthan Royals,Punjab Kings,Punjab Kings,bat,Rajasthan Royals,12,0,Trent Boult,runs,1,Rajasthan Royals,Punjab Kings,Prithvi Shaw,Shikhar Dhawan,4,0,4,0,2,4
IPL2018_028,2018,2018-06-27,Dubai,Dubai International Cricket Stadium,Rajasthan Royals,Punjab Kings,Punjab Kings,bat,Rajasthan Royals,12,0,Trent Boult,runs,2,Punjab Kings,Rajasthan Royals,Ruturaj Gaikwad,Yashasvi Jaiswal,3,0,3,0,1,1
IPL2018_028,2018,2018-06-27,Dubai,Dubai International Cricket Stadium,Rajasthan Royals,Punjab Kings,Punjab Kings,bat,Rajasthan Royals,12,0,Trent Boult,runs,2,Punjab Kings,Rajasthan Royals,Shikhar Dhawan,Suryakumar Yadav,1,0,1,0,1,2
IPL2018_028,2018,2018-06-27,Dubai,Dubai International Cricket Stadium,Rajasthan Royals,Punjab Kings,Punjab Kings,bat,Rajasthan Royals,12,0,Trent Boult,runs,2,Punjab Kings,Rajasthan Royals,David Warner,Glenn Maxwell,1,0,1,0,1,3
IPL2018_028,2018,2018-06-27,Dubai,Dubai International Cricket Stadium,Rajasthan Royals,Punjab Kings,Punjab Kings,bat,Rajasthan Royals,12,0,Trent Boult,runs,2,Punjab Kings,Rajasthan Royals,Sunil Narine,Sunil Narine,1,0,1,0,1,4
IPL2018_028,2018,2018-06-27,Dubai,Dubai International Cricket Stadium,Rajasthan Royals,Punjab Kings,Punjab Kings,bat,Rajasthan Royals,12,0,Trent Boult,runs,2,Punjab Kings,Rajasthan Royals,Rashid Khan,Andre Russell,0,0,0,0,1,5
IPL2018_028,2018,2018-06-27,Dubai,Dubai International Cricket Stadium,Rajasthan Royals,Punjab Kings,Punjab Kings,bat,Rajasthan Royals,12,0,Trent Boult,runs,2,Punjab Kings,Rajasthan Royals,Faf du Plessis,Jos Buttler,0,0,0,0,1,6
IPL2018_028,2018,2018-06-27,Dubai,Dubai International Cricket Stadium,Rajasthan Royals,Punjab Kings,Punjab Kings,bat,Rajasthan Royals,12,0,Trent Boult,runs,2,Punjab Kings,Rajasthan Royals,Hardik Pandya,Jasprit Bumrah,6,0,6,0,2,1
IPL2018_028,2018,2018-06-27,Dubai,Dubai International Cricket Stadium,Rajasthan Royals,Punjab Kings,Punjab Kings,bat,Rajasthan Royals,12,0,Trent Boult,runs,2,Punjab Kings,Rajasthan Royals,Prithvi Shaw,Trent Boult,1,0,1,0,2,2
IPL2018_028,2018,2018-06-27,Dubai,Dubai International Cricket Stadium,Rajasthan Royals,Punjab Kings,Punjab Kings,bat,Rajasthan Royals,12,0,Trent Boult,runs,2,Punjab Kings,Rajasthan Royals,Yashasvi Jaiswal,Ravindra Jadeja,2,0,2,0,2,3
IPL2018_028,2018,2018-06-27,Dubai,Dubai International Cricket Stadium,Rajasthan Royals,Punjab Kings,Punjab Kings,bat,Rajasthan Royals,12,0,Trent Boult,runs,2,Punjab Kings,Rajasthan Royals,Ishan Kishan,Jos Buttler,4,0,4,0,2,4
IPL2019_029,2019,2018-06-30,Mumbai,Wankhede Stadium,Mumbai Indians,Rajasthan Royals,Rajasthan Royals,field,Rajasthan Royals,0,0,Ruturaj Gaikwad,normal,1,Mumbai Indians,Rajasthan Royals,Ruturaj Gaikwad,Glenn Maxwell,4,0,4,0,1,1
IPL2019_029,2019,2018-06-30,Mumbai,Wankhede Stadium,Mumbai Indians,Rajasthan Royals,Rajasthan Royals,field,Rajasthan Royals,0,0,Ruturaj Gaikwad,normal,1,Mumbai Indians,Rajasthan Royals,Mohammed Siraj,Mohammed Siraj,1,0,1,0,1,2
IPL2019_029,2019,2018-06-30,Mumbai,Wankhede Stadium,Mumbai Indians,Rajasthan Royals,Rajasthan Royals,field,Rajasthan Royals,0,0,Ruturaj Gaikwad,normal,1,Mumbai Indians,Rajasthan Royals,Shreyas Iyer,Sunil Narine,0,0,0,0,1,3
IPL2019_029,2019,2018-06-30,Mumbai,Wankhede Stadium,Mumbai Indians,Rajasthan Royals,Rajasthan Royals,field,Rajasthan Royals,0,0,Ruturaj Gaikwad,normal,1,Mumbai Indians,Rajasthan Royals,Tilak Varma,Jos Buttler,1,1,2,0,1,4
IPL2019_029,2019,2018-06-30,Mumbai,Wankhede Stadium,Mumbai Indians,Rajasthan Royals,Rajasthan Royals,field,Rajasthan Royals,0,0,Ruturaj Gaikwad,normal,1,Mumbai Indians,Rajasthan Royals,Andre Russell,Faf du Plessis,0,0,0,1,1,5
IPL2019_029,2019,2018-06-30,Mumbai,Wankhede Stadium,Mumbai Indians,Rajasthan Royals,Rajasthan Royals,field,Rajasthan Royals,0,0,Ruturaj Gaikwad,normal,1,Mumbai Indians,Rajasthan Royals,Sunil Narine,Rishabh Pant,0,0,0,0,1,6
IPL2019_029,2019,2018-06-30,Mumbai,Wankhede Stadium,Mumbai Indians,Rajasthan Royals,Rajasthan Royals,field,Rajasthan Royals,0,0,Ruturaj Gaikwad,normal,1,Mumbai Indians,Rajasthan Royals,KL Rahul,Faf du Plessis,1,0,1,0,2,1
IPL2019_029,2019,2018-06-30,Mumbai,Wankhede Stadium,Mumbai Indians,Rajasthan Royals,Rajasthan Royals,field,Rajasthan Royals,0,0,Ruturaj Gaikwad,normal,1,Mumbai Indians,Rajasthan Royals,Bhuvneshwar Kumar,Faf du Plessis,0,0,0,0,2,2
IPL2019_029,2019,2018-06-30,Mumbai,Wankhede Stadium,Mumbai Indians,Rajasthan Royals,Rajasthan Royals,field,Rajasthan Royals,0,0,Ruturaj Gaikwad,normal,1,Mumbai Indians,Rajasthan Royals,Hardik Pandya,Andre Russell,2,0,2,0,2,3
IPL2019_029,2019,2018-06-30,Mumbai,Wankhede Stadium,Mumbai Indians,Rajasthan Royals,Rajasthan Royals,field,Rajasthan Royals,0,0,Ruturaj Gaikwad,normal,1,Mumbai Indians,Rajasthan Royals,Prithvi Shaw,KL Rahul,0,0,0,0,2,4
IPL2019_029,2019,2018-06-30,Mumbai,Wankhede Stadium,Mumbai Indians,Rajasthan Royals,Rajasthan Royals,field,Rajasthan Royals,0,0,Ruturaj Gaikwad,normal,2,Rajasthan Royals,Mumbai Indians,Tilak Varma,Jasprit Bumrah,0,0,0,0,1,1
IPL2019_029,2019,2018-06-30,Mumbai,Wankhede Stadium,Mumbai Indians,Rajasthan Royals,Rajasthan Royals,field,Rajasthan Royals,0,0,Ruturaj Gaikwad,normal,2,Rajasthan Royals,Mumbai Indians,Shikhar Dhawan,Rashid Khan,2,0,2,0,1,2
IPL2019_029,2019,2018-06-30,Mumbai,Wankhede Stadium,Mumbai Indians,Rajasthan Royals,Rajasthan Royals,field,Rajasthan Royals,0,0,Ruturaj Gaikwad,normal,2,Rajasthan Royals,Mumbai Indians,Mohammed Siraj,Hardik Pandya,0,0,0,0,1,3
IPL2019_029,2019,2018-06-30,Mumbai,Wankhede Stadium,Mumbai Indians,Rajasthan Royals,Rajasthan Royals,field,Rajasthan Royals,0,0,Ruturaj Gaikwad,normal,2,Rajasthan Royals,Mumbai Indians,Rashid Khan,Tilak Varma,2,0,2,0,1,4
IPL2019_029,2019,2018-06-30,Mumbai,Wankhede Stadium,Mumbai Indians,Rajasthan Royals,Rajasthan Royals,field,Rajasthan Royals,0,0,Ruturaj Gaikwad,normal,2,Rajasthan Royals,Mumbai Indians,Bhuvneshwar Kumar,David Warner,3,0,3,0,1,5
IPL2019_029,2019,2018-06-30,Mumbai,Wankhede Stadium,Mumbai Indians,Rajasthan Royals,Rajasthan Royals,field,Rajasthan Royals,0,0,Ruturaj Gaikwad,normal,2,Rajasthan Royals,Mumbai Indians,Rohit Sharma,KL Rahul,1,0,1,0,1,6
IPL2019_029,2019,2018-06-30,Mumbai,Wankhede Stadium,Mumbai Indians,Rajasthan Royals,Rajasthan Royals,field,Rajasthan Royals,0,0,Ruturaj Gaikwad,normal,2,Rajasthan Royals,Mumbai Indians,Ravindra Jadeja,Sunil Narine,0,0,0,0,2,1
IPL2019_029,2019,2018-06-30,Mumbai,Wankhede Stadium,Mumbai Indians,Rajasthan Royals,Rajasthan Royals,field,Rajasthan Royals,0,0,Ruturaj Gaikwad,normal,2,Rajasthan Royals,Mumbai Indians,Shikhar Dhawan,Prithvi Shaw,0,0,0,0,2,2
IPL2019_029,2019,2018-06-30,Mumbai,Wankhede Stadium,Mumbai Indians,Rajasthan Royals,Rajasthan Royals,field,Rajasthan Royals,0,0,Ruturaj Gaikwad,normal,2,Rajasthan Royals,Mumbai Indians,Nicholas Pooran,Hardik Pandya,3,0,3,0,2,3
IPL2019_029,2019,2018-06-30,Mumbai,Wankhede Stadium,Mumbai Indians,Rajasthan Royals,Rajasthan Royals,field,Rajasthan Royals,0,0,Ruturaj Gaikwad,normal,2,Rajasthan Royals,Mumbai Indians,Hardik Pandya,Shreyas Iyer,0,0,0,0,2,4
IPL2020_030,2020,2018-07-03,Chennai,MA Chidambaram Stadium,Royal Challengers Bengaluru,Punjab Kings,Royal Challengers Bengaluru,bat,Punjab Kings,0,2,Tilak Varma,wickets,1,Royal Challengers Bengaluru,Punjab Kings,Shubman Gill,Yashasvi Jaiswal,2,0,2,0,1,1
IPL2020_030,2020,2018-07-03,Chennai,MA Chidambaram Stadium,Royal Challengers Bengaluru,Punjab Kings,Royal Challengers Bengaluru,bat,Punjab Kings,0,2,Tilak Varma,wickets,1,Royal Challengers Bengaluru,Punjab Kings,Prithvi Shaw,Andre Russell,0,0,0,0,1,2
IPL2020_030,2020,2018-07-03,Chennai,MA Chidambaram Stadium,Royal Challengers Bengaluru,Punjab Kings,Royal Challengers Bengaluru,bat,Punjab Kings,0,2,Tilak Varma,wickets,1,Royal Challengers Bengaluru,Punjab Kings,Virat Kohli,Ravindra Jadeja,2,0,2,0,1,3
IPL2020_030,2020,2018-07-03,Chennai,MA Chidambaram Stadium,Royal Challengers Bengaluru,Punjab Kings,Royal Challengers Bengaluru,bat,Punjab Kings,0,2,Tilak Varma,wickets,1,Royal Challengers Bengaluru,Punjab Kings,Jos Buttler,David Warner,0,0,0,0,1,4
IPL2020_030,2020,2018-07-03,Chennai,MA Chidambaram Stadium,Royal Challengers Bengaluru,Punjab Kings,Royal Challengers Bengaluru,bat,Punjab Kings,0,2,Tilak Varma,wickets,1,Royal Challengers Bengaluru,Punjab Kings,Tilak Varma,Pat Cummins,0,0,0,0,1,5
IPL2020_030,2020,2018-07-03,Chennai,MA Chidambaram Stadium,Royal Challengers Bengaluru,Punjab Kings,Royal Challengers Bengaluru,bat,Punjab Kings,0,2,Tilak Varma,wickets,1,Royal Challengers Bengaluru,Punjab Kings,Jos Buttler,MS Dhoni,2,0,2,0,1,6
IPL2020_030,2020,2018-07-03,Chennai,MA Chidambaram Stadium,Royal Challengers Bengaluru,Punjab Kings,Royal Challengers Bengaluru,bat,Punjab Kings,0,2,Tilak Varma,wickets,1,Royal Challengers Bengaluru,Punjab Kings,Sunil Narine,Nicholas Pooran,6,0,6,0,2,1
IPL2020_030,2020,2018-07-03,Chennai,MA Chidambaram Stadium,Royal Challengers Bengaluru,Punjab Kings,Royal Challengers Bengaluru,bat,Punjab Kings,0,2,Tilak Varma,wickets,1,Royal Challengers Bengaluru,Punjab Kings,Suryakumar Yadav,KL Rahul,2,1,3,0,2,2
IPL2020_030,2020,2018-07-03,Chennai,MA Chidambaram Stadium,Royal Challengers Bengaluru,Punjab Kings,Royal Challengers Bengaluru,bat,Punjab Kings,0,2,Tilak Varma,wickets,1,Royal Challengers Bengaluru,Punjab Kings,Trent Boult,Shikhar Dhawan,0,0,0,0,2,3
IPL2020_030,2020,2018-07-03,Chennai,MA Chidambaram Stadium,Royal Challengers Bengaluru,Punjab Kings,Royal Challengers Bengaluru,bat,Punjab Kings,0,2,Tilak Varma,wickets,1,Royal Challengers Bengaluru,Punjab Kings,Hardik Pandya,Pat Cummins,0,0,0,0,2,4
IPL2020_030,2020,2018-07-03,Chennai,MA Chidambaram Stadium,Royal Challengers Bengaluru,Punjab Kings,Royal Challengers Bengaluru,bat,Punjab Kings,0,2,Tilak Varma,wickets,2,Punjab Kings,Royal Challengers Bengaluru,MS Dhoni,Tilak Varma,1,0,1,0,1,1
IPL2020_030,2020,2018-07-03,Chennai,MA Chidambaram Stadium,Royal Challengers Bengaluru,Punjab Kings,Royal Challengers Bengaluru,bat,Punjab Kings,0,2,Tilak Varma,wickets,2,Punjab Kings,Royal Challengers Bengaluru,KL Rahul,Tilak Varma,0,0,0,0,1,2
IPL2020_030,2020,2018-07-03,Chennai,MA Chidambaram Stadium,Royal Challengers Bengaluru,Punjab Kings,Royal Challengers Bengaluru,bat,Punjab Kings,0,2,Tilak Varma,wickets,2,Punjab Kings,Royal Challengers Bengaluru,Shreyas Iyer,Tilak Varma,4,0,4,0,1,3
IPL2020_030,2020,2018-07-03,Chennai,MA Chidambaram Stadium,Royal Challengers Bengaluru,Punjab Kings,Royal Challengers Bengaluru,bat,Punjab Kings,0,2,Tilak Varma,wickets,2,Punjab Kings,Royal Challengers Bengaluru,Faf du Plessis,Hardik Pandya,1,0,1,1,1,4
IPL2020_030,2020,2018-07-03,Chennai,MA Chidambaram Stadium,Royal Challengers Bengaluru,Punjab Kings,Royal Challengers Bengaluru,bat,Punjab Kings,0,2,Tilak Varma,wickets,2,Punjab Kings,Royal Challengers Bengaluru,KL Rahul,Pat Cummins,2,0,2,0,1,5
IPL2020_030,2020,2018-07-03,Chennai,MA Chidambaram Stadium,Royal Challengers Bengaluru,Punjab Kings,Royal Challengers Bengaluru,bat,Punjab Kings,0,2,Tilak Varma,wickets,2,Punjab Kings,Royal Challengers Bengaluru,Shikhar Dhawan,Ishan Kishan,0,0,0,0,1,6
IPL2020_030,2020,2018-07-03,Chennai,MA Chidambaram Stadium,Royal Challengers Bengaluru,Punjab Kings,Royal Challengers Bengaluru,bat,Punjab Kings,0,2,Tilak Varma,wickets,2,Punjab Kings,Royal Challengers Bengaluru,Bhuvneshwar Kumar,Sunil Narine,1,0,1,0,2,1
IPL2020_030,2020,2018-07-03,Chennai,MA Chidambaram Stadium,Royal Challengers Bengaluru,Punjab Kings,Royal Challengers Bengaluru,bat,Punjab Kings,0,2,Tilak Varma,wickets,2,Punjab Kings,Royal Challengers Bengaluru,Tilak Varma,Faf du Plessis,6,1,7,0,2,2
IPL2020_030,2020,2018-07-03,Chennai,MA Chidambaram Stadium,Royal Challengers Bengaluru,Punjab Kings,Royal Challengers Bengaluru,bat,Punjab Kings,0,2,Tilak Varma,wickets,2,Punjab Kings,Royal Challengers Bengaluru,Rohit Sharma,Trent Boult,1,0,1,0,2,3
IPL2020_030,2020,2018-07-03,Chennai,MA Chidambaram Stadium,Royal Challengers Bengaluru,Punjab Kings,Royal Challengers Bengaluru,bat,Punjab Kings,0,2,Tilak Varma,wickets,2,Punjab Kings,Royal Challengers Bengaluru,MS Dhoni,Rashid Khan,4,0,4,0,2,4
IPL2021_031,2021,2018-07-06,Dubai,Dubai International Cricket Stadium,Rajasthan Royals,Kolkata Knight Riders,Rajasthan Royals,field,Rajasthan Royals,8,0,Shikhar Dhawan,runs,1,Rajasthan Royals,Kolkata Knight Riders,Andre Russell,Sanju Samson,2,0,2,0,1,1
IPL2021_031,2021,2018-07-06,Dubai,Dubai International Cricket Stadium,Rajasthan Royals,Kolkata Knight Riders,Rajasthan Royals,field,Rajasthan Royals,8,0,Shikhar Dhawan,runs,1,Rajasthan Royals,Kolkata Knight Riders,Shikhar Dhawan,Ruturaj Gaikwad,0,0,0,0,1,2
IPL2021_031,2021,2018-07-06,Dubai,Dubai International Cricket Stadium,Rajasthan Royals,Kolkata Knight Riders,Rajasthan Royals,field,Rajasthan Royals,8,0,Shikhar Dhawan,runs,1,Rajasthan Royals,Kolkata Knight Riders,Ishan Kishan,Virat Kohli,2,0,2,0,1,3
IPL2021_031,2021,2018-07-06,Dubai,Dubai International Cricket Stadium,Rajasthan Royals,Kolkata Knight Riders,Rajasthan Royals,field,Rajasthan Royals,8,0,Shikhar Dhawan,runs,1,Rajasthan Royals,Kolkata Knight Riders,Rohit Sharma,KL Rahul,0,1,1,0,1,4
IPL2021_031,2021,2018-07-06,Dubai,Dubai International Cricket Stadium,Rajasthan Royals,Kolkata Knight Riders,Rajasthan Royals,field,Rajasthan Royals,8,0,Shikhar Dhawan,runs,1,Rajasthan Royals,Kolkata Knight Riders,Nicholas Pooran,Rohit Sharma,0,1,1,0,1,5
IPL2021_031,2021,2018-07-06,Dubai,Dubai International Cricket Stadium,Rajasthan Royals,Kolkata Knight Riders,Rajasthan Royals,field,Rajasthan Royals,8,0,Shikhar Dhawan,runs,1,Rajasthan Royals,Kolkata Knight Riders,Ruturaj Gaikwad,Rishabh Pant,1,0,1,0,1,6
IPL2021_031,2021,2018-07-06,Dubai,Dubai International Cricket Stadium,Rajasthan Royals,Kolkata Knight Riders,Rajasthan Royals,field,Rajasthan Royals,8,0,Shikhar Dhawan,runs,1,Rajasthan Royals,Kolkata Knight Riders,Rishabh Pant,David Warner,2,0,2,0,2,1
IPL2021_031,2021,2018-07-06,Dubai,Dubai International Cricket Stadium,Rajasthan Royals,Kolkata Knight Riders,Rajasthan Royals,field,Rajasthan Royals,8,0,Shikhar Dhawan,runs,1,Rajasthan Royals,Kolkata Knight Riders,Jos Buttler,Rashid Khan,4,0,4,0,2,2
IPL2021_031,2021,2018-07-06,Dubai,Dubai International Cricket Stadium,Rajasthan Royals,Kolkata Knight Riders,Rajasthan Royals,field,Rajasthan Royals,8,0,Shikhar Dhawan,runs,1,Rajasthan Royals,Kolkata Knight Riders,Yashasvi Jaiswal,David Warner,1,0,1,0,2,3
IPL2021_031,2021,2018-07-06,Dubai,Dubai International Cricket Stadium,Rajasthan Royals,Kolkata Knight Riders,Rajasthan Royals,field,Rajasthan Royals,8,0,Shikhar Dhawan,runs,1,Rajasthan Royals,Kolkata Knight Riders,Mohammed Siraj,Shreyas Iyer,4,0,4,0,2,4
IPL2021_031,2021,2018-07-06,Dubai,Dubai International Cricket Stadium,Rajasthan Royals,Kolkata Knight Riders,Rajasthan Royals,field,Rajasthan Royals,8,0,Shikhar Dhawan,runs,2,Kolkata Knight Riders,Rajasthan Royals,Nicholas Pooran,Sanju Samson,0,0,0,0,1,1
IPL2021_031,2021,2018-07-06,Dubai,Dubai International Cricket Stadium,Rajasthan Royals,Kolkata Knight Riders,Rajasthan Royals,field,Rajasthan Royals,8,0,Shikhar Dhawan,runs,2,Kolkata Knight Riders,Rajasthan Royals,Sanju Samson,Sanju Samson,0,0,0,0,1,2
IPL2021_031,2021,2018-07-06,Dubai,Dubai International Cricket Stadium,Rajasthan Royals,Kolkata Knight Riders,Rajasthan Royals,field,Rajasthan Royals,8,0,Shikhar Dhawan,runs,2,Kolkata Knight Riders,Rajasthan Royals,MS Dhoni,Trent Boult,4,0,4,0,1,3
IPL2021_031,2021,2018-07-06,Dubai,Dubai International Cricket Stadium,Rajasthan Royals,Kolkata Knight Riders,Rajasthan Royals,field,Rajasthan Royals,8,0,Shikhar Dhawan,runs,2,Kolkata Knight Riders,Rajasthan Royals,Tilak Varma,Hardik Pandya,2,0,2,0,1,4
IPL2021_031,2021,2018-07-06,Dubai,Dubai International Cricket Stadium,Rajasthan Royals,Kolkata Knight Riders,Rajasthan Royals,field,Rajasthan Royals,8,0,Shikhar Dhawan,runs,2,Kolkata Knight Riders,Rajasthan Royals,Trent Boult,Shreyas Iyer,2,0,2,0,1,5
IPL2021_031,2021,2018-07-06,Dubai,Dubai International Cricket Stadium,Rajasthan Royals,Kolkata Knight Riders,Rajasthan Royals,field,Rajasthan Royals,8,0,Shikhar Dhawan,runs,2,Kolkata Knight Riders,Rajasthan Royals,Rashid Khan,Sunil Narine,0,0,0,0,1,6
IPL2021_031,2021,2018-07-06,Dubai,Dubai International Cricket Stadium,Rajasthan Royals,Kolkata Knight Riders,Rajasthan Royals,field,Rajasthan Royals,8,0,Shikhar Dhawan,runs,2,Kolkata Knight Riders,Rajasthan Royals,Prithvi Shaw,Mohammed Siraj,4,0,4,0,2,1
IPL2021_031,2021,2018-07-06,Dubai,Dubai International Cricket Stadium,Rajasthan Royals,Kolkata Knight Riders,Rajasthan Royals,field,Rajasthan Royals,8,0,Shikhar Dhawan,runs,2,Kolkata Knight Riders,Rajasthan Royals,Jos Buttler,Rashid Khan,0,0,0,0,2,2
IPL2021_031,2021,2018-07-06,Dubai,Dubai International Cricket Stadium,Rajasthan Royals,Kolkata Knight Riders,Rajasthan Royals,field,Rajasthan Royals,8,0,Shikhar Dhawan,runs,2,Kolkata Knight Riders,Rajasthan Royals,Andre Russell,Pat Cummins,0,0,0,0,2,3
IPL2021_031,2021,2018-07-06,Dubai,Dubai International Cricket Stadium,Rajasthan Royals,Kolkata Knight Riders,Rajasthan Royals,field,Rajasthan Royals,8,0,Shikhar Dhawan,runs,2,Kolkata Knight Riders,Rajasthan Royals,Suryakumar Yadav,Andre Russell,2,0,2,0,2,4
IPL2022_032,2022,2018-07-09,Chennai,MA Chidambaram Stadium,Rajasthan Royals,Chennai Super Kings,Chennai Super Kings,field,Rajasthan Royals,0,8,Andre Russell,wickets,1,Rajasthan Royals,Chennai Super Kings,Mohammed Siraj,Ruturaj Gaikwad,2,0,2,0,1,1
IPL2022_032,2022,2018-07-09,Chennai,MA Chidambaram Stadium,Rajasthan Royals,Chennai Super Kings,Chennai Super Kings,field,Rajasthan Royals,0,8,Andre Russell,wickets,1,Rajasthan Royals,Chennai Super Kings,Pat Cummins,David Warner,0,0,0,0,1,2
IPL2022_032,2022,2018-07-09,Chennai,MA Chidambaram Stadium,Rajasthan Royals,Chennai Super Kings,Chennai Super Kings,field,Rajasthan Royals,0,8,Andre Russell,wickets,1,Rajasthan Royals,Chennai Super Kings,Shikhar Dhawan,Suryakumar Yadav,1,0,1,0,1,3
IPL2022_032,2022,2018-07-09,Chennai,MA Chidambaram Stadium,Rajasthan Royals,Chennai Super Kings,Chennai Super Kings,field,Rajasthan Royals,0,8,Andre Russell,wickets,1,Rajasthan Royals,Chennai Super Kings,Andre Russell,Tilak Varma,4,0,4,0,1,4
IPL2022_032,2022,2018-07-09,Chennai,MA Chidambaram Stadium,Rajasthan Royals,Chennai Super Kings,Chennai Super Kings,field,Rajasthan Royals,0,8,Andre Russell,wickets,1,Rajasthan Royals,Chennai Super Kings,Ruturaj Gaikwad,Jasprit Bumrah,0,0,0,0,1,5
IPL2022_032,2022,2018-07-09,Chennai,MA Chidambaram Stadium,Rajasthan Royals,Chennai Super Kings,Chennai Super Kings,field,Rajasthan Royals,0,8,Andre Russell,wickets,1,Rajasthan Royals,Chennai Super Kings,Hardik Pandya,Tilak Varma,2,0,2,0,1,6
IPL2022_032,2022,2018-07-09,Chennai,MA Chidambaram Stadium,Rajasthan Royals,Chennai Super Kings,Chennai Super Kings,field,Rajasthan Royals,0,8,Andre Russell,wickets,1,Rajasthan Royals,Chennai Super Kings,Sunil Narine,Shubman Gill,4,0,4,0,2,1
IPL2022_032,2022,2018-07-09,Chennai,MA Chidambaram Stadium,Rajasthan Royals,Chennai Super Kings,Chennai Super Kings,field,Rajasthan Royals,0,8,Andre Russell,wickets,1,Rajasthan Royals,Chennai Super Kings,Rashid Khan,Hardik Pandya,1,0,1,0,2,2
IPL2022_032,2022,2018-07-09,Chennai,MA Chidambaram Stadium,Rajasthan Royals,Chennai Super Kings,Chennai Super Kings,field,Rajasthan Royals,0,8,Andre Russell,wickets,1,Rajasthan Royals,Chennai Super Kings,Mohammed Siraj,Rishabh Pant,4,0,4,0,2,3
IPL2022_032,2022,2018-07-09,Chennai,MA Chidambaram Stadium,Rajasthan Royals,Chennai Super Kings,Chennai Super Kings,field,Rajasthan Royals,0,8,Andre Russell,wickets,1,Rajasthan Royals,Chennai Super Kings,Mohammed Siraj,Ruturaj Gaikwad,0,0,0,0,2,4
IPL2022_032,2022,2018-07-09,Chennai,MA Chidambaram Stadium,Rajasthan Royals,Chennai Super Kings,Chennai Super Kings,field,Rajasthan Royals,0,8,Andre Russell,wickets,2,Chennai Super Kings,Rajasthan Royals,Shikhar Dhawan,Ruturaj Gaikwad,2,0,2,0,1,1
IPL2022_032,2022,2018-07-09,Chennai,MA Chidambaram Stadium,Rajasthan Royals,Chennai Super Kings,Chennai Super Kings,field,Rajasthan Royals,0,8,Andre Russell,wickets,2,Chennai Super Kings,Rajasthan Royals,Virat Kohli,Glenn Maxwell,1,0,1,0,1,2
IPL2022_032,2022,2018-07-09,Chennai,MA Chidambaram Stadium,Rajasthan Royals,Chennai Super Kings,Chennai Super Kings,field,Rajasthan Royals,0,8,Andre Russell,wickets,2,Chennai Super Kings,Rajasthan Royals,Shreyas Iyer,Hardik Pandya,1,0,1,0,1,3
IPL2022_032,2022,2018-07-09,Chennai,MA Chidambaram Stadium,Rajasthan Royals,Chennai Super Kings,Chennai Super Kings,field,Rajasthan Royals,0,8,Andre Russell,wickets,2,Chennai Super Kings,Rajasthan Royals,Suryakumar Yadav,Virat Kohli,0,0,0,0,1,4
IPL2022_032,2022,2018-07-09,Chennai,MA Chidambaram Stadium,Rajasthan Royals,Chennai Super Kings,Chennai Super Kings,field,Rajasthan Royals,0,8,Andre Russell,wickets,2,Chennai Super Kings,Rajasthan Royals,Mohammed Siraj,Tilak Varma,0,0,0,1,1,5
IPL2022_032,2022,2018-07-09,Chennai,MA Chidambaram Stadium,Rajasthan Royals,Chennai Super Kings,Chennai Super Kings,field,Rajasthan Royals,0,8,Andre Russell,wickets,2,Chennai Super Kings,Rajasthan Royals,Shreyas Iyer,Bhuvneshwar Kumar,0,0,0,0,1,6
IPL2022_032,2022,2018-07-09,Chennai,MA Chidambaram Stadium,Rajasthan Royals,Chennai Super Kings,Chennai Super Kings,field,Rajasthan Royals,0,8,Andre Russell,wickets,2,Chennai Super Kings,Rajasthan Royals,Ravindra Jadeja,Rohit Sharma,1,0,1,0,2,1
IPL2022_032,2022,2018-07-09,Chennai,MA Chidambaram Stadium,Rajasthan Royals,Chennai Super Kings,Chennai Super Kings,field,Rajasthan Royals,0,8,Andre Russell,wickets,2,Chennai Super Kings,Rajasthan Royals,Prithvi Shaw,Trent Boult,2,0,2,0,2,2
IPL2022_032,2022,2018-07-09,Chennai,MA Chidambaram Stadium,Rajasthan Royals,Chennai Super Kings,Chennai Super Kings,field,Rajasthan Royals,0,8,Andre Russell,wickets,2,Chennai Super Kings,Rajasthan Royals,Ravindra Jadeja,Sunil Narine,2,0,2,0,2,3
IPL2022_032,2022,2018-07-09,Chennai,MA Chidambaram Stadium,Rajasthan Royals,Chennai Super Kings,Chennai Super Kings,field,Rajasthan Royals,0,8,Andre Russell,wickets,2,Chennai Super Kings,Rajasthan Royals,Glenn Maxwell,Ishan Kishan,1,0,1,1,2,4
IPL2023_033,2023,2018-07-12,Mohali,Punjab Cricket Association Stadium,Rajasthan Royals,Kolkata Knight Riders,Kolkata Knight Riders,bat,Rajasthan Royals,0,0,Suryakumar Yadav,normal,1,Rajasthan Royals,Kolkata Knight Riders,Bhuvneshwar Kumar,Ravindra Jadeja,1,0,1,0,1,1
IPL2023_033,2023,2018-07-12,Mohali,Punjab Cricket Association Stadium,Rajasthan Royals,Kolkata Knight Riders,Kolkata Knight Riders,bat,Rajasthan Royals,0,0,Suryakumar Yadav,normal,1,Rajasthan Royals,Kolkata Knight Riders,Bhuvneshwar Kumar,Shreyas Iyer,2,0,2,0,1,2
IPL2023_033,2023,2018-07-12,Mohali,Punjab Cricket Association Stadium,Rajasthan Royals,Kolkata Knight Riders,Kolkata Knight Riders,bat,Rajasthan Royals,0,0,Suryakumar Yadav,normal,1,Rajasthan Royals,Kolkata Knight Riders,Shreyas Iyer,Glenn Maxwell,0,0,0,0,1,3
IPL2023_033,2023,2018-07-12,Mohali,Punjab Cricket Association Stadium,Rajasthan Royals,Kolkata Knight Riders,Kolkata Knight Riders,bat,Rajasthan Royals,0,0,Suryakumar Yadav,normal,1,Rajasthan Royals,Kolkata Knight Riders,Jos Buttler,Pat Cummins,1,0,1,0,1,4
IPL2023_033,2023,2018-07-12,Mohali,Punjab Cricket Association Stadium,Rajasthan Royals,Kolkata Knight Riders,Kolkata Knight Riders,bat,Rajasthan Royals,0,0,Suryakumar Yadav,normal,1,Rajasthan Royals,Kolkata Knight Riders,Shubman Gill,Ishan Kishan,0,0,0,0,1,5
IPL2023_033,2023,2018-07-12,Mohali,Punjab Cricket Association Stadium,Rajasthan Royals,Kolkata Knight Riders,Kolkata Knight Riders,bat,Rajasthan Royals,0,0,Suryakumar Yadav,normal,1,Rajasthan Royals,Kolkata Knight Riders,Pat Cummins,Pat Cummins,3,0,3,0,1,6
IPL2023_033,2023,2018-07-12,Mohali,Punjab Cricket Association Stadium,Rajasthan Royals,Kolkata Knight Riders,Kolkata Knight Riders,bat,Rajasthan Royals,0,0,Suryakumar Yadav,normal,1,Rajasthan Royals,Kolkata Knight Riders,Rohit Sharma,Ruturaj Gaikwad,0,0,0,0,2,1
IPL2023_033,2023,2018-07-12,Mohali,Punjab Cricket Association Stadium,Rajasthan Royals,Kolkata Knight Riders,Kolkata Knight Riders,bat,Rajasthan Royals,0,0,Suryakumar Yadav,normal,1,Rajasthan Royals,Kolkata Knight Riders,Nicholas Pooran,Andre Russell,1,0,1,0,2,2
IPL2023_033,2023,2018-07-12,Mohali,Punjab Cricket Association Stadium,Rajasthan Royals,Kolkata Knight Riders,Kolkata Knight Riders,bat,Rajasthan Royals,0,0,Suryakumar Yadav,normal,1,Rajasthan Royals,Kolkata Knight Riders,Rohit Sharma,Mohammed Siraj,6,0,6,0,2,3
IPL2023_033,2023,2018-07-12,Mohali,Punjab Cricket Association Stadium,Rajasthan Royals,Kolkata Knight Riders,Kolkata Knight Riders,bat,Rajasthan Royals,0,0,Suryakumar Yadav,normal,1,Rajasthan Royals,Kolkata Knight Riders,Rishabh Pant,Ravindra Jadeja,6,0,6,0,2,4
IPL2023_033,2023,2018-07-12,Mohali,Punjab Cricket Association Stadium,Rajasthan Royals,Kolkata Knight Riders,Kolkata Knight Riders,bat,Rajasthan Royals,0,0,Suryakumar Yadav,normal,2,Kolkata Knight Riders,Rajasthan Royals,Jos Buttler,MS Dhoni,6,0,6,0,1,1
IPL2023_033,2023,2018-07-12,Mohali,Punjab Cricket Association Stadium,Rajasthan Royals,Kolkata Knight Riders,Kolkata Knight Riders,bat,Rajasthan Royals,0,0,Suryakumar Yadav,normal,2,Kolkata Knight Riders,Rajasthan Royals,Prithvi Shaw,Ruturaj Gaikwad,1,0,1,0,1,2
IPL2023_033,2023,2018-07-12,Mohali,Punjab Cricket Association Stadium,Rajasthan Royals,Kolkata Knight Riders,Kolkata Knight Riders,bat,Rajasthan Royals,0,0,Suryakumar Yadav,normal,2,Kolkata Knight Riders,Rajasthan Royals,KL Rahul,Ravindra Jadeja,4,0,4,0,1,3
IPL2023_033,2023,2018-07-12,Mohali,Punjab Cricket Association Stadium,Rajasthan Royals,Kolkata Knight Riders,Kolkata Knight Riders,bat,Rajasthan Royals,0,0,Suryakumar Yadav,normal,2,Kolkata Knight Riders,Rajasthan Royals,David Warner,Sanju Samson,4,0,4,0,1,4
IPL2023_033,2023,2018-07-12,Mohali,Punjab Cricket Association Stadium,Rajasthan Royals,Kolkata Knight Riders,Kolkata Knight Riders,bat,Rajasthan Royals,0,0,Suryakumar Yadav,normal,2,Kolkata Knight Riders,Rajasthan Royals,Jasprit Bumrah,Jos Buttler,1,0,1,0,1,5
IPL2023_033,2023,2018-07-12,Mohali,Punjab Cricket Association Stadium,Rajasthan Royals,Kolkata Knight Riders,Kolkata Knight Riders,bat,Rajasthan Royals,0,0,Suryakumar Yadav,normal,2,Kolkata Knight Riders,Rajasthan Royals,Nicholas Pooran,Faf du Plessis,4,0,4,0,1,6
IPL2023_033,2023,2018-07-12,Mohali,Punjab Cricket Association Stadium,Rajasthan Royals,Kolkata Knight Riders,Kolkata Knight Riders,bat,Rajasthan Royals,0,0,Suryakumar Yadav,normal,2,Kolkata Knight Riders,Rajasthan Royals,Ishan Kishan,Rishabh Pant,0,0,0,0,2,1
IPL2023_033,2023,2018-07-12,Mohali,Punjab Cricket Association Stadium,Rajasthan Royals,Kolkata Knight Riders,Kolkata Knight Riders,bat,Rajasthan Royals,0,0,Suryakumar Yadav,normal,2,Kolkata Knight Riders,Rajasthan Royals,Yashasvi Jaiswal,Yashasvi Jaiswal,3,0,3,0,2,2
IPL2023_033,2023,2018-07-12,Mohali,Punjab Cricket Association Stadium,Rajasthan Royals,Kolkata Knight Riders,Kolkata Knight Riders,bat,Rajasthan Royals,0,0,Suryakumar Yadav,normal,2,Kolkata Knight Riders,Rajasthan Royals,Prithvi Shaw,Suryakumar Yadav,0,0,0,0,2,3
IPL2023_033,2023,2018-07-12,Mohali,Punjab Cricket Association Stadium,Rajasthan Royals,Kolkata Knight Riders,Kolkata Knight Riders,bat,Rajasthan Royals,0,0,Suryakumar Yadav,normal,2,Kolkata Knight Riders,Rajasthan Royals,Glenn Maxwell,Sanju Samson,4,0,4,1,2,4
IPL2024_034,2024,2018-07-15,Ahmedabad,Narendra Modi Stadium,Rajasthan Royals,Punjab Kings,Punjab Kings,field,Rajasthan Royals,24,0,MS Dhoni,runs,1,Rajasthan Royals,Punjab Kings,Bhuvneshwar Kumar,Rashid Khan,0,0,0,0,1,1
IPL2024_034,2024,2018-07-15,Ahmedabad,Narendra Modi Stadium,Rajasthan Royals,Punjab Kings,Punjab Kings,field,Rajasthan Royals,24,0,MS Dhoni,runs,1,Rajasthan Royals,Punjab Kings,Tilak Varma,Shreyas Iyer,0,0,0,0,1,2
IPL2024_034,2024,2018-07-15,Ahmedabad,Narendra Modi Stadium,Rajasthan Royals,Punjab Kings,Punjab Kings,field,Rajasthan Royals,24,0,MS Dhoni,runs,1,Rajasthan Royals,Punjab Kings,Ravindra Jadeja,Shreyas Iyer,0,0,0,0,1,3
IPL2024_034,2024,2018-07-15,Ahmedabad,Narendra Modi Stadium,Rajasthan Royals,Punjab Kings,Punjab Kings,field,Rajasthan Royals,24,0,MS Dhoni,runs,1,Rajasthan Royals,Punjab Kings,Hardik Pandya,Tilak Varma,2,0,2,0,1,4
IPL2024_034,2024,2018-07-15,Ahmedabad,Narendra Modi Stadium,Rajasthan Royals,Punjab Kings,Punjab Kings,field,Rajasthan Royals,24,0,MS Dhoni,runs,1,Rajasthan Royals,Punjab Kings,Nicholas Pooran,Faf du Plessis,0,0,0,0,1,5
IPL2024_034,2024,2018-07-15,Ahmedabad,Narendra Modi Stadium,Rajasthan Royals,Punjab Kings,Punjab Kings,field,Rajasthan Royals,24,0,MS Dhoni,runs,1,Rajasthan Royals,Punjab Kings,Rishabh Pant,MS Dhoni,0,0,0,0,1,6
IPL2024_034,2024,2018-07-15,Ahmedabad,Narendra Modi Stadium,Rajasthan Royals,Punjab Kings,Punjab Kings,field,Rajasthan Royals,24,0,MS Dhoni,runs,1,Rajasthan Royals,Punjab Kings,Nicholas Pooran,Hardik Pandya,1,0,1,1,2,1
IPL2024_034,2024,2018-07-15,Ahmedabad,Narendra Modi Stadium,Rajasthan Royals,Punjab Kings,Punjab Kings,field,Rajasthan Royals,24,0,MS Dhoni,runs,1,Rajasthan Royals,Punjab Kings,Virat Kohli,Suryakumar Yadav,2,1,3,0,2,2
IPL2024_034,2024,2018-07-15,Ahmedabad,Narendra Modi Stadium,Rajasthan Royals,Punjab Kings,Punjab Kings,field,Rajasthan Royals,24,0,MS Dhoni,runs,1,Rajasthan Royals,Punjab Kings,Faf du Plessis,Shubman Gill,4,0,4,0,2,3
IPL2024_034,2024,2018-07-15,Ahmedabad,Narendra Modi Stadium,Rajasthan Royals,Punjab Kings,Punjab Kings,field,Rajasthan Royals,24,0,MS Dhoni,runs,1,Rajasthan Royals,Punjab Kings,Andre Russell,Rishabh Pant,0,0,0,0,2,4
IPL2024_034,2024,2018-07-15,Ahmedabad,Narendra Modi Stadium,Rajasthan Royals,Punjab Kings,Punjab Kings,field,Rajasthan Royals,24,0,MS Dhoni,runs,2,Punjab Kings,Rajasthan Royals,Shreyas Iyer,Ravindra Jadeja,0,0,0,0,1,1
IPL2024_034,2024,2018-07-15,Ahmedabad,Narendra Modi Stadium,Rajasthan Royals,Punjab Kings,Punjab Kings,field,Rajasthan Royals,24,0,MS Dhoni,runs,2,Punjab Kings,Rajasthan Royals,Shreyas Iyer,Suryakumar Yadav,1,0,1,0,1,2
IPL2024_034,2024,2018-07-15,Ahmedabad,Narendra Modi Stadium,Rajasthan Royals,Punjab Kings,Punjab Kings,field,Rajasthan Royals,24,0,MS Dhoni,runs,2,Punjab Kings,Rajasthan Royals,Mohammed Siraj,Hardik Pandya,2,0,2,0,1,3
IPL2024_034,2024,2018-07-15,Ahmedabad,Narendra Modi Stadium,Rajasthan Royals,Punjab Kings,Punjab Kings,field,Rajasthan Royals,24,0,MS Dhoni,runs,2,Punjab Kings,Rajasthan Royals,Glenn Maxwell,Pat Cummins,0,0,0,0,1,4
IPL2024_034,2024,2018-07-15,Ahmedabad,Narendra Modi Stadium,Rajasthan Royals,Punjab Kings,Punjab Kings,field,Rajasthan Royals,24,0,MS Dhoni,runs,2,Punjab Kings,Rajasthan Royals,Rishabh Pant,Shubman Gill,4,0,4,0,1,5
IPL2024_034,2024,2018-07-15,Ahmedabad,Narendra Modi Stadium,Rajasthan Royals,Punjab Kings,Punjab Kings,field,Rajasthan Royals,24,0,MS Dhoni,runs,2,Punjab Kings,Rajasthan Royals,Shreyas Iyer,Rashid Khan,0,0,0,0,1,6
IPL2024_034,2024,2018-07-15,Ahmedabad,Narendra Modi Stadium,Rajasthan Royals,Punjab Kings,Punjab Kings,field,Rajasthan Royals,24,0,MS Dhoni,runs,2,Punjab Kings,Rajasthan Royals,Sunil Narine,Virat Kohli,0,0,0,0,2,1
IPL2024_034,2024,2018-07-15,Ahmedabad,Narendra Modi Stadium,Rajasthan Royals,Punjab Kings,Punjab Kings,field,Rajasthan Royals,24,0,MS Dhoni,runs,2,Punjab Kings,Rajasthan Royals,Trent Boult,Ishan Kishan,0,0,0,0,2,2
IPL2024_034,2024,2018-07-15,Ahmedabad,Narendra Modi Stadium,Rajasthan Royals,Punjab Kings,Punjab Kings,field,Rajasthan Royals,24,0,MS Dhoni,runs,2,Punjab Kings,Rajasthan Royals,Faf du Plessis,KL Rahul,0,1,1,0,2,3
IPL2024_034,2024,2018-07-15,Ahmedabad,Narendra Modi Stadium,Rajasthan Royals,Punjab Kings,Punjab Kings,field,Rajasthan Royals,24,0,MS Dhoni,runs,2,Punjab Kings,Rajasthan Royals,Prithvi Shaw,Trent Boult,2,0,2,0,2,4
IPL2025_035,2025,2018-07-18,Chennai,MA Chidambaram Stadium,Kolkata Knight Riders,Mumbai Indians,Mumbai Indians,field,Mumbai Indians,39,0,Jos Buttler,runs,1,Kolkata Knight Riders,Mumbai Indians,Rohit Sharma,Ruturaj Gaikwad,1,0,1,0,1,1
IPL2025_035,2025,2018-07-18,Chennai,MA Chidambaram Stadium,Kolkata Knight Riders,Mumbai Indians,Mumbai Indians,field,Mumbai Indians,39,0,Jos Buttler,runs,1,Kolkata Knight Riders,Mumbai Indians,Sunil Narine,Shubman Gill,3,0,3,0,1,2
IPL2025_035,2025,2018-07-18,Chennai,MA Chidambaram Stadium,Kolkata Knight Riders,Mumbai Indians,Mumbai Indians,field,Mumbai Indians,39,0,Jos Buttler,runs,1,Kolkata Knight Riders,Mumbai Indians,Shubman Gill,Rashid Khan,3,0,3,0,1,3
IPL2025_035,2025,2018-07-18,Chennai,MA Chidambaram Stadium,Kolkata Knight Riders,Mumbai Indians,Mumbai Indians,field,Mumbai Indians,39,0,Jos Buttler,runs,1,Kolkata Knight Riders,Mumbai Indians,Ishan Kishan,Faf du Plessis,0,0,0,0,1,4
IPL2025_035,2025,2018-07-18,Chennai,MA Chidambaram Stadium,Kolkata Knight Riders,Mumbai Indians,Mumbai Indians,field,Mumbai Indians,39,0,Jos Buttler,runs,1,Kolkata Knight Riders,Mumbai Indians,Jos Buttler,Hardik Pandya,1,0,1,0,1,5
IPL2025_035,2025,2018-07-18,Chennai,MA Chidambaram Stadium,Kolkata Knight Riders,Mumbai Indians,Mumbai Indians,field,Mumbai Indians,39,0,Jos Buttler,runs,1,Kolkata Knight Riders,Mumbai Indians,Andre Russell,Rishabh Pant,4,0,4,0,1,6
IPL2025_035,2025,2018-07-18,Chennai,MA Chidambaram Stadium,Kolkata Knight Riders,Mumbai Indians,Mumbai Indians,field,Mumbai Indians,39,0,Jos Buttler,runs,1,Kolkata Knight Riders,Mumbai Indians,Shreyas Iyer,Ravindra Jadeja,1,2,3,0,2,1
IPL2025_035,2025,2018-07-18,Chennai,MA Chidambaram Stadium,Kolkata Knight Riders,Mumbai Indians,Mumbai Indians,field,Mumbai Indians,39,0,Jos Buttler,runs,1,Kolkata Knight Riders,Mumbai Indians,Shikhar Dhawan,Faf du Plessis,0,0,0,0,2,2
IPL2025_035,2025,2018-07-18,Chennai,MA Chidambaram Stadium,Kolkata Knight Riders,Mumbai Indians,Mumbai Indians,field,Mumbai Indians,39,0,Jos Buttler,runs,1,Kolkata Knight Riders,Mumbai Indians,David Warner,Mohammed Siraj,4,0,4,0,2,3
IPL2025_035,2025,2018-07-18,Chennai,MA Chidambaram Stadium,Kolkata Knight Riders,Mumbai Indians,Mumbai Indians,field,Mumbai Indians,39,0,Jos Buttler,runs,1,Kolkata Knight Riders,Mumbai Indians,Ravindra Jadeja,Ravindra Jadeja,0,0,0,0,2,4
IPL2025_035,2025,2018-07-18,Chennai,MA Chidambaram Stadium,Kolkata Knight Riders,Mumbai Indians,Mumbai Indians,field,Mumbai Indians,39,0,Jos Buttler,runs,2,Mumbai Indians,Kolkata Knight Riders,Jos Buttler,Ishan Kishan,1,0,1,0,1,1
IPL2025_035,2025,2018-07-18,Chennai,MA Chidambaram Stadium,Kolkata Knight Riders,Mumbai Indians,Mumbai Indians,field,Mumbai Indians,39,0,Jos Buttler,runs,2,Mumbai Indians,Kolkata Knight Riders,David Warner,Pat Cummins,0,0,0,0,1,2
IPL2025_035,2025,2018-07-18,Chennai,MA Chidambaram Stadium,Kolkata Knight Riders,Mumbai Indians,Mumbai Indians,field,Mumbai Indians,39,0,Jos Buttler,runs,2,Mumbai Indians,Kolkata Knight Riders,Shubman Gill,Glenn Maxwell,3,0,3,0,1,3
IPL2025_035,2025,2018-07-18,Chennai,MA Chidambaram Stadium,Kolkata Knight Riders,Mumbai Indians,Mumbai Indians,field,Mumbai Indians,39,0,Jos Buttler,runs,2,Mumbai Indians,Kolkata Knight Riders,Sunil Narine,Trent Boult,3,0,3,0,1,4
IPL2025_035,2025,2018-07-18,Chennai,MA Chidambaram Stadium,Kolkata Knight Riders,Mumbai Indians,Mumbai Indians,field,Mumbai Indians,39,0,Jos Buttler,runs,2,Mumbai Indians,Kolkata Knight Riders,David Warner,Suryakumar Yadav,1,0,1,0,1,5
IPL2025_035,2025,2018-07-18,Chennai,MA Chidambaram Stadium,Kolkata Knight Riders,Mumbai Indians,Mumbai Indians,field,Mumbai Indians,39,0,Jos Buttler,runs,2,Mumbai Indians,Kolkata Knight Riders,Rohit Sharma,Shikhar Dhawan,3,0,3,0,1,6
IPL2025_035,2025,2018-07-18,Chennai,MA Chidambaram Stadium,Kolkata Knight Riders,Mumbai Indians,Mumbai Indians,field,Mumbai Indians,39,0,Jos Buttler,runs,2,Mumbai Indians,Kolkata Knight Riders,Rishabh Pant,Jasprit Bumrah,4,0,4,0,2,1
IPL2025_035,2025,2018-07-18,Chennai,MA Chidambaram Stadium,Kolkata Knight Riders,Mumbai Indians,Mumbai Indians,field,Mumbai Indians,39,0,Jos Buttler,runs,2,Mumbai Indians,Kolkata Knight Riders,Andre Russell,Andre Russell,0,0,0,0,2,2
IPL2025_035,2025,2018-07-18,Chennai,MA Chidambaram Stadium,Kolkata Knight Riders,Mumbai Indians,Mumbai Indians,field,Mumbai Indians,39,0,Jos Buttler,runs,2,Mumbai Indians,Kolkata Knight Riders,Rashid Khan,Tilak Varma,4,0,4,0,2,3
IPL2025_035,2025,2018-07-18,Chennai,MA Chidambaram Stadium,Kolkata Knight Riders,Mumbai Indians,Mumbai Indians,field,Mumbai Indians,39,0,Jos Buttler,runs,2,Mumbai Indians,Kolkata Knight Riders,Rishabh Pant,Shubman Gill,1,0,1,0,2,4
IPL2026_036,2026,2018-07-21,Jaipur,Sawai Mansingh Stadium,Sunrisers Hyderabad,Gujarat Titans,Gujarat Titans,bat,Gujarat Titans,32,0,Jasprit Bumrah,runs,1,Sunrisers Hyderabad,Gujarat Titans,Tilak Varma,Glenn Maxwell,0,0,0,0,1,1
IPL2026_036,2026,2018-07-21,Jaipur,Sawai Mansingh Stadium,Sunrisers Hyderabad,Gujarat Titans,Gujarat Titans,bat,Gujarat Titans,32,0,Jasprit Bumrah,runs,1,Sunrisers Hyderabad,Gujarat Titans,Andre Russell,MS Dhoni,6,0,6,0,1,2
IPL2026_036,2026,2018-07-21,Jaipur,Sawai Mansingh Stadium,Sunrisers Hyderabad,Gujarat Titans,Gujarat Titans,bat,Gujarat Titans,32,0,Jasprit Bumrah,runs,1,Sunrisers Hyderabad,Gujarat Titans,Shreyas Iyer,Jasprit Bumrah,2,0,2,0,1,3
IPL2026_036,2026,2018-07-21,Jaipur,Sawai Mansingh Stadium,Sunrisers Hyderabad,Gujarat Titans,Gujarat Titans,bat,Gujarat Titans,32,0,Jasprit Bumrah,runs,1,Sunrisers Hyderabad,Gujarat Titans,Pat Cummins,Pat Cummins,6,0,6,0,1,4
IPL2026_036,2026,2018-07-21,Jaipur,Sawai Mansingh Stadium,Sunrisers Hyderabad,Gujarat Titans,Gujarat Titans,bat,Gujarat Titans,32,0,Jasprit Bumrah,runs,1,Sunrisers Hyderabad,Gujarat Titans,Trent Boult,Virat Kohli,2,0,2,1,1,5
IPL2026_036,2026,2018-07-21,Jaipur,Sawai Mansingh Stadium,Sunrisers Hyderabad,Gujarat Titans,Gujarat Titans,bat,Gujarat Titans,32,0,Jasprit Bumrah,runs,1,Sunrisers Hyderabad,Gujarat Titans,Rohit Sharma,Nicholas Pooran,4,0,4,0,1,6
IPL2026_036,2026,2018-07-21,Jaipur,Sawai Mansingh Stadium,Sunrisers Hyderabad,Gujarat Titans,Gujarat Titans,bat,Gujarat Titans,32,0,Jasprit Bumrah,runs,1,Sunrisers Hyderabad,Gujarat Titans,KL Rahul,Rashid Khan,6,0,6,0,2,1
IPL2026_036,2026,2018-07-21,Jaipur,Sawai Mansingh Stadium,Sunrisers Hyderabad,Gujarat Titans,Gujarat Titans,bat,Gujarat Titans,32,0,Jasprit Bumrah,runs,1,Sunrisers Hyderabad,Gujarat Titans,Jos Buttler,Nicholas Pooran,4,0,4,0,2,2
IPL2026_036,2026,2018-07-21,Jaipur,Sawai Mansingh Stadium,Sunrisers Hyderabad,Gujarat Titans,Gujarat Titans,bat,Gujarat Titans,32,0,Jasprit Bumrah,runs,1,Sunrisers Hyderabad,Gujarat Titans,Mohammed Siraj,Jasprit Bumrah,6,0,6,0,2,3
IPL2026_036,2026,2018-07-21,Jaipur,Sawai Mansingh Stadium,Sunrisers Hyderabad,Gujarat Titans,Gujarat Titans,bat,Gujarat Titans,32,0,Jasprit Bumrah,runs,1,Sunrisers Hyderabad,Gujarat Titans,MS Dhoni,Glenn Maxwell,0,0,0,0,2,4
IPL2026_036,2026,2018-07-21,Jaipur,Sawai Mansingh Stadium,Sunrisers Hyderabad,Gujarat Titans,Gujarat Titans,bat,Gujarat Titans,32,0,Jasprit Bumrah,runs,2,Gujarat Titans,Sunrisers Hyderabad,Bhuvneshwar Kumar,Faf du Plessis,4,0,4,0,1,1
IPL2026_036,2026,2018-07-21,Jaipur,Sawai Mansingh Stadium,Sunrisers Hyderabad,Gujarat Titans,Gujarat Titans,bat,Gujarat Titans,32,0,Jasprit Bumrah,runs,2,Gujarat Titans,Sunrisers Hyderabad,Jasprit Bumrah,Mohammed Siraj,0,0,0,0,1,2
IPL2026_036,2026,2018-07-21,Jaipur,Sawai Mansingh Stadium,Sunrisers Hyderabad,Gujarat Titans,Gujarat Titans,bat,Gujarat Titans,32,0,Jasprit Bumrah,runs,2,Gujarat Titans,Sunrisers Hyderabad,Jasprit Bumrah,Glenn Maxwell,1,0,1,0,1,3
IPL2026_036,2026,2018-07-21,Jaipur,Sawai Mansingh Stadium,Sunrisers Hyderabad,Gujarat Titans,Gujarat Titans,bat,Gujarat Titans,32,0,Jasprit Bumrah,runs,2,Gujarat Titans,Sunrisers Hyderabad,Tilak Varma,Rashid Khan,0,0,0,0,1,4
IPL2026_036,2026,2018-07-21,Jaipur,Sawai Mansingh Stadium,Sunrisers Hyderabad,Gujarat Titans,Gujarat Titans,bat,Gujarat Titans,32,0,Jasprit Bumrah,runs,2,Gujarat Titans,Sunrisers Hyderabad,KL Rahul,Bhuvneshwar Kumar,1,0,1,0,1,5
IPL2026_036,2026,2018-07-21,Jaipur,Sawai Mansingh Stadium,Sunrisers Hyderabad,Gujarat Titans,Gujarat Titans,bat,Gujarat Titans,32,0,Jasprit Bumrah,runs,2,Gujarat Titans,Sunrisers Hyderabad,Jos Buttler,Nicholas Pooran,4,0,4,1,1,6
IPL2026_036,2026,2018-07-21,Jaipur,Sawai Mansingh Stadium,Sunrisers Hyderabad,Gujarat Titans,Gujarat Titans,bat,Gujarat Titans,32,0,Jasprit Bumrah,runs,2,Gujarat Titans,Sunrisers Hyderabad,Ishan Kishan,Trent Boult,2,0,2,0,2,1
IPL2026_036,2026,2018-07-21,Jaipur,Sawai Mansingh Stadium,Sunrisers Hyderabad,Gujarat Titans,Gujarat Titans,bat,Gujarat Titans,32,0,Jasprit Bumrah,runs,2,Gujarat Titans,Sunrisers Hyderabad,Virat Kohli,Suryakumar Yadav,0,0,0,0,2,2
IPL2026_036,2026,2018-07-21,Jaipur,Sawai Mansingh Stadium,Sunrisers Hyderabad,Gujarat Titans,Gujarat Titans,bat,Gujarat Titans,32,0,Jasprit Bumrah,runs,2,Gujarat Titans,Sunrisers Hyderabad,Tilak Varma,Jos Buttler,2,2,4,0,2,3
IPL2026_036,2026,2018-07-21,Jaipur,Sawai Mansingh Stadium,Sunrisers Hyderabad,Gujarat Titans,Gujarat Titans,bat,Gujarat Titans,32,0,Jasprit Bumrah,runs,2,Gujarat Titans,Sunrisers Hyderabad,Jos Buttler,Faf du Plessis,0,0,0,0,2,4
IPL2018_037,2018,2018-07-24,Mumbai,Wankhede Stadium,Rajasthan Royals,Royal Challengers Bengaluru,Rajasthan Royals,bat,Rajasthan Royals,47,0,Rishabh Pant,runs,1,Rajasthan Royals,Royal Challengers Bengaluru,Mohammed Siraj,KL Rahul,0,0,0,1,1,1
IPL2018_037,2018,2018-07-24,Mumbai,Wankhede Stadium,Rajasthan Royals,Royal Challengers Bengaluru,Rajasthan Royals,bat,Rajasthan Royals,47,0,Rishabh Pant,runs,1,Rajasthan Royals,Royal Challengers Bengaluru,Virat Kohli,Sanju Samson,0,0,0,0,1,2
IPL2018_037,2018,2018-07-24,Mumbai,Wankhede Stadium,Rajasthan Royals,Royal Challengers Bengaluru,Rajasthan Royals,bat,Rajasthan Royals,47,0,Rishabh Pant,runs,1,Rajasthan Royals,Royal Challengers Bengaluru,Suryakumar Yadav,Rohit Sharma,4,0,4,0,1,3
IPL2018_037,2018,2018-07-24,Mumbai,Wankhede Stadium,Rajasthan Royals,Royal Challengers Bengaluru,Rajasthan Royals,bat,Rajasthan Royals,47,0,Rishabh Pant,runs,1,Rajasthan Royals,Royal Challengers Bengaluru,Jos Buttler,Ravindra Jadeja,2,0,2,0,1,4
IPL2018_037,2018,2018-07-24,Mumbai,Wankhede Stadium,Rajasthan Royals,Royal Challengers Bengaluru,Rajasthan Royals,bat,Rajasthan Royals,47,0,Rishabh Pant,runs,1,Rajasthan Royals,Royal Challengers Bengaluru,David Warner,Yashasvi Jaiswal,2,0,2,0,1,5
IPL2018_037,2018,2018-07-24,Mumbai,Wankhede Stadium,Rajasthan Royals,Royal Challengers Bengaluru,Rajasthan Royals,bat,Rajasthan Royals,47,0,Rishabh Pant,runs,1,Rajasthan Royals,Royal Challengers Bengaluru,Shubman Gill,Ravindra Jadeja,1,0,1,0,1,6
IPL2018_037,2018,2018-07-24,Mumbai,Wankhede Stadium,Rajasthan Royals,Royal Challengers Bengaluru,Rajasthan Royals,bat,Rajasthan Royals,47,0,Rishabh Pant,runs,1,Rajasthan Royals,Royal Challengers Bengaluru,MS Dhoni,Sunil Narine,1,0,1,0,2,1
IPL2018_037,2018,2018-07-24,Mumbai,Wankhede Stadium,Rajasthan Royals,Royal Challengers Bengaluru,Rajasthan Royals,bat,Rajasthan Royals,47,0,Rishabh Pant,runs,1,Rajasthan Royals,Royal Challengers Bengaluru,Andre Russell,Bhuvneshwar Kumar,0,0,0,1,2,2
IPL2018_037,2018,2018-07-24,Mumbai,Wankhede Stadium,Rajasthan Royals,Royal Challengers Bengaluru,Rajasthan Royals,bat,Rajasthan Royals,47,0,Rishabh Pant,runs,1,Rajasthan Royals,Royal Challengers Bengaluru,Rishabh Pant,Yashasvi Jaiswal,2,0,2,0,2,3
IPL2018_037,2018,2018-07-24,Mumbai,Wankhede Stadium,Rajasthan Royals,Royal Challengers Bengaluru,Rajasthan Royals,bat,Rajasthan Royals,47,0,Rishabh Pant,runs,1,Rajasthan Royals,Royal Challengers Bengaluru,Mohammed Siraj,Shubman Gill,4,0,4,0,2,4
IPL2018_037,2018,2018-07-24,Mumbai,Wankhede Stadium,Rajasthan Royals,Royal Challengers Bengaluru,Rajasthan Royals,bat,Rajasthan Royals,47,0,Rishabh Pant,runs,2,Royal Challengers Bengaluru,Rajasthan Royals,Andre Russell,Yashasvi Jaiswal,2,0,2,1,1,1
IPL2018_037,2018,2018-07-24,Mumbai,Wankhede Stadium,Rajasthan Royals,Royal Challengers Bengaluru,Rajasthan Royals,bat,Rajasthan Royals,47,0,Rishabh Pant,runs,2,Royal Challengers Bengaluru,Rajasthan Royals,Rashid Khan,Trent Boult,6,0,6,0,1,2
IPL2018_037,2018,2018-07-24,Mumbai,Wankhede Stadium,Rajasthan Royals,Royal Challengers Bengaluru,Rajasthan Royals,bat,Rajasthan Royals,47,0,Rishabh Pant,runs,2,Royal Challengers Bengaluru,Rajasthan Royals,Rohit Sharma,Ravindra Jadeja,4,0,4,0,1,3
IPL2018_037,2018,2018-07-24,Mumbai,Wankhede Stadium,Rajasthan Royals,Royal Challengers Bengaluru,Rajasthan Royals,bat,Rajasthan Royals,47,0,Rishabh Pant,runs,2,Royal Challengers Bengaluru,Rajasthan Royals,Nicholas Pooran,Prithvi Shaw,0,0,0,0,1,4
IPL2018_037,2018,2018-07-24,Mumbai,Wankhede Stadium,Rajasthan Royals,Royal Challengers Bengaluru,Rajasthan Royals,bat,Rajasthan Royals,47,0,Rishabh Pant,runs,2,Royal Challengers Bengaluru,Rajasthan Royals,Tilak Varma,Shreyas Iyer,0,0,0,1,1,5
IPL2018_037,2018,2018-07-24,Mumbai,Wankhede Stadium,Rajasthan Royals,Royal Challengers Bengaluru,Rajasthan Royals,bat,Rajasthan Royals,47,0,Rishabh Pant,runs,2,Royal Challengers Bengaluru,Rajasthan Royals,Yashasvi Jaiswal,Ruturaj Gaikwad,1,0,1,0,1,6
IPL2018_037,2018,2018-07-24,Mumbai,Wankhede Stadium,Rajasthan Royals,Royal Challengers Bengaluru,Rajasthan Royals,bat,Rajasthan Royals,47,0,Rishabh Pant,runs,2,Royal Challengers Bengaluru,Rajasthan Royals,Andre Russell,Pat Cummins,0,0,0,0,2,1
IPL2018_037,2018,2018-07-24,Mumbai,Wankhede Stadium,Rajasthan Royals,Royal Challengers Bengaluru,Rajasthan Royals,bat,Rajasthan Royals,47,0,Rishabh Pant,runs,2,Royal Challengers Bengaluru,Rajasthan Royals,Virat Kohli,Rohit Sharma,0,0,0,0,2,2
IPL2018_037,2018,2018-07-24,Mumbai,Wankhede Stadium,Rajasthan Royals,Royal Challengers Bengaluru,Rajasthan Royals,bat,Rajasthan Royals,47,0,Rishabh Pant,runs,2,Royal Challengers Bengaluru,Rajasthan Royals,Sunil Narine,Tilak Varma,2,0,2,0,2,3
IPL2018_037,2018,2018-07-24,Mumbai,Wankhede Stadium,Rajasthan Royals,Royal Challengers Bengaluru,Rajasthan Royals,bat,Rajasthan Royals,47,0,Rishabh Pant,runs,2,Royal Challengers Bengaluru,Rajasthan Royals,Hardik Pandya,David Warner,0,0,0,0,2,4
IPL2019_038,2019,2018-07-27,Hyderabad,Rajiv Gandhi International Stadium,Mumbai Indians,Punjab Kings,Punjab Kings,bat,Mumbai Indians,48,0,Trent Boult,runs,1,Mumbai Indians,Punjab Kings,MS Dhoni,Jos Buttler,0,0,0,0,1,1
IPL2019_038,2019,2018-07-27,Hyderabad,Rajiv Gandhi International Stadium,Mumbai Indians,Punjab Kings,Punjab Kings,bat,Mumbai Indians,48,0,Trent Boult,runs,1,Mumbai Indians,Punjab Kings,Suryakumar Yadav,Trent Boult,4,0,4,0,1,2
IPL2019_038,2019,2018-07-27,Hyderabad,Rajiv Gandhi International Stadium,Mumbai Indians,Punjab Kings,Punjab Kings,bat,Mumbai Indians,48,0,Trent Boult,runs,1,Mumbai Indians,Punjab Kings,Pat Cummins,Mohammed Siraj,4,0,4,0,1,3
IPL2019_038,2019,2018-07-27,Hyderabad,Rajiv Gandhi International Stadium,Mumbai Indians,Punjab Kings,Punjab Kings,bat,Mumbai Indians,48,0,Trent Boult,runs,1,Mumbai Indians,Punjab Kings,Faf du Plessis,Shikhar Dhawan,0,0,0,0,1,4
IPL2019_038,2019,2018-07-27,Hyderabad,Rajiv Gandhi International Stadium,Mumbai Indians,Punjab Kings,Punjab Kings,bat,Mumbai Indians,48,0,Trent Boult,runs,1,Mumbai Indians,Punjab Kings,KL Rahul,Hardik Pandya,4,0,4,0,1,5
IPL2019_038,2019,2018-07-27,Hyderabad,Rajiv Gandhi International Stadium,Mumbai Indians,Punjab Kings,Punjab Kings,bat,Mumbai Indians,48,0,Trent Boult,runs,1,Mumbai Indians,Punjab Kings,Trent Boult,Yashasvi Jaiswal,1,0,1,0,1,6
IPL2019_038,2019,2018-07-27,Hyderabad,Rajiv Gandhi International Stadium,Mumbai Indians,Punjab Kings,Punjab Kings,bat,Mumbai Indians,48,0,Trent Boult,runs,1,Mumbai Indians,Punjab Kings,Ruturaj Gaikwad,Andre Russell,1,0,1,0,2,1
IPL2019_038,2019,2018-07-27,Hyderabad,Rajiv Gandhi International Stadium,Mumbai Indians,Punjab Kings,Punjab Kings,bat,Mumbai Indians,48,0,Trent Boult,runs,1,Mumbai Indians,Punjab Kings,Yashasvi Jaiswal,Trent Boult,4,0,4,0,2,2
IPL2019_038,2019,2018-07-27,Hyderabad,Rajiv Gandhi International Stadium,Mumbai Indians,Punjab Kings,Punjab Kings,bat,Mumbai Indians,48,0,Trent Boult,runs,1,Mumbai Indians,Punjab Kings,David Warner,Shubman Gill,2,0,2,0,2,3
IPL2019_038,2019,2018-07-27,Hyderabad,Rajiv Gandhi International Stadium,Mumbai Indians,Punjab Kings,Punjab Kings,bat,Mumbai Indians,48,0,Trent Boult,runs,1,Mumbai Indians,Punjab Kings,Nicholas Pooran,Shikhar Dhawan,0,0,0,0,2,4
IPL2019_038,2019,2018-07-27,Hyderabad,Rajiv Gandhi International Stadium,Mumbai Indians,Punjab Kings,Punjab Kings,bat,Mumbai Indians,48,0,Trent Boult,runs,2,Punjab Kings,Mumbai Indians,Shubman Gill,Tilak Varma,1,0,1,0,1,1
IPL2019_038,2019,2018-07-27,Hyderabad,Rajiv Gandhi International Stadium,Mumbai Indians,Punjab Kings,Punjab Kings,bat,Mumbai Indians,48,0,Trent Boult,runs,2,Punjab Kings,Mumbai Indians,Pat Cummins,Pat Cummins,6,0,6,0,1,2
IPL2019_038,2019,2018-07-27,Hyderabad,Rajiv Gandhi International Stadium,Mumbai Indians,Punjab Kings,Punjab Kings,bat,Mumbai Indians,48,0,Trent Boult,runs,2,Punjab Kings,Mumbai Indians,Ishan Kishan,Bhuvneshwar Kumar,1,0,1,0,1,3
IPL2019_038,2019,2018-07-27,Hyderabad,Rajiv Gandhi International Stadium,Mumbai Indians,Punjab Kings,Punjab Kings,bat,Mumbai Indians,48,0,Trent Boult,runs,2,Punjab Kings,Mumbai Indians,Faf du Plessis,Ravindra Jadeja,0,0,0,0,1,4
IPL2019_038,2019,2018-07-27,Hyderabad,Rajiv Gandhi International Stadium,Mumbai Indians,Punjab Kings,Punjab Kings,bat,Mumbai Indians,48,0,Trent Boult,runs,2,Punjab Kings,Mumbai Indians,Tilak Varma,Jasprit Bumrah,0,0,0,0,1,5
IPL2019_038,2019,2018-07-27,Hyderabad,Rajiv Gandhi International Stadium,Mumbai Indians,Punjab Kings,Punjab Kings,bat,Mumbai Indians,48,0,Trent Boult,runs,2,Punjab Kings,Mumbai Indians,David Warner,Andre Russell,6,0,6,0,1,6
IPL2019_038,2019,2018-07-27,Hyderabad,Rajiv Gandhi International Stadium,Mumbai Indians,Punjab Kings,Punjab Kings,bat,Mumbai Indians,48,0,Trent Boult,runs,2,Punjab Kings,Mumbai Indians,Ishan Kishan,Rashid Khan,0,0,0,0,2,1
IPL2019_038,2019,2018-07-27,Hyderabad,Rajiv Gandhi International Stadium,Mumbai Indians,Punjab Kings,Punjab Kings,bat,Mumbai Indians,48,0,Trent Boult,runs,2,Punjab Kings,Mumbai Indians,David Warner,KL Rahul,0,0,0,1,2,2
IPL2019_038,2019,2018-07-27,Hyderabad,Rajiv Gandhi International Stadium,Mumbai Indians,Punjab Kings,Punjab Kings,bat,Mumbai Indians,48,0,Trent Boult,runs,2,Punjab Kings,Mumbai Indians,Glenn Maxwell,Andre Russell,0,0,0,1,2,3
IPL2019_038,2019,2018-07-27,Hyderabad,Rajiv Gandhi International Stadium,Mumbai Indians,Punjab Kings,Punjab Kings,bat,Mumbai Indians,48,0,Trent Boult,runs,2,Punjab Kings,Mumbai Indians,Hardik Pandya,David Warner,0,0,0,0,2,4
IPL2020_039,2020,2018-07-30,Hyderabad,Rajiv Gandhi International Stadium,Mumbai Indians,Sunrisers Hyderabad,Sunrisers Hyderabad,field,Sunrisers Hyderabad,0,0,Jos Buttler,normal,1,Mumbai Indians,Sunrisers Hyderabad,Prithvi Shaw,Sunil Narine,1,0,1,0,1,1
IPL2020_039,2020,2018-07-30,Hyderabad,Rajiv Gandhi International Stadium,Mumbai Indians,Sunrisers Hyderabad,Sunrisers Hyderabad,field,Sunrisers Hyderabad,0,0,Jos Buttler,normal,1,Mumbai Indians,Sunrisers Hyderabad,MS Dhoni,MS Dhoni,4,0,4,0,1,2
IPL2020_039,2020,2018-07-30,Hyderabad,Rajiv Gandhi International Stadium,Mumbai Indians,Sunrisers Hyderabad,Sunrisers Hyderabad,field,Sunrisers Hyderabad,0,0,Jos Buttler,normal,1,Mumbai Indians,Sunrisers Hyderabad,Glenn Maxwell,MS Dhoni,2,0,2,0,1,3
IPL2020_039,2020,2018-07-30,Hyderabad,Rajiv Gandhi International Stadium,Mumbai Indians,Sunrisers Hyderabad,Sunrisers Hyderabad,field,Sunrisers Hyderabad,0,0,Jos Buttler,normal,1,Mumbai Indians,Sunrisers Hyderabad,MS Dhoni,David Warner,1,0,1,0,1,4
IPL2020_039,2020,2018-07-30,Hyderabad,Rajiv Gandhi International Stadium,Mumbai Indians,Sunrisers Hyderabad,Sunrisers Hyderabad,field,Sunrisers Hyderabad,0,0,Jos Buttler,normal,1,Mumbai Indians,Sunrisers Hyderabad,Shubman Gill,Ravindra Jadeja,2,2,4,0,1,5
IPL2020_039,2020,2018-07-30,Hyderabad,Rajiv Gandhi International Stadium,Mumbai Indians,Sunrisers Hyderabad,Sunrisers Hyderabad,field,Sunrisers Hyderabad,0,0,Jos Buttler,normal,1,Mumbai Indians,Sunrisers Hyderabad,Ravindra Jadeja,Rishabh Pant,0,0,0,0,1,6
IPL2020_039,2020,2018-07-30,Hyderabad,Rajiv Gandhi International Stadium,Mumbai Indians,Sunrisers Hyderabad,Sunrisers Hyderabad,field,Sunrisers Hyderabad,0,0,Jos Buttler,normal,1,Mumbai Indians,Sunrisers Hyderabad,Nicholas Pooran,Jos Buttler,1,0,1,0,2,1
IPL2020_039,2020,2018-07-30,Hyderabad,Rajiv Gandhi International Stadium,Mumbai Indians,Sunrisers Hyderabad,Sunrisers Hyderabad,field,Sunrisers Hyderabad,0,0,Jos Buttler,normal,1,Mumbai Indians,Sunrisers Hyderabad,Faf du Plessis,Rohit Sharma,2,0,2,0,2,2
IPL2020_039,2020,2018-07-30,Hyderabad,Rajiv Gandhi International Stadium,Mumbai Indians,Sunrisers Hyderabad,Sunrisers Hyderabad,field,Sunrisers Hyderabad,0,0,Jos Buttler,normal,1,Mumbai Indians,Sunrisers Hyderabad,Mohammed Siraj,Faf du Plessis,6,0,6,1,2,3
IPL2020_039,2020,2018-07-30,Hyderabad,Rajiv Gandhi International Stadium,Mumbai Indians,Sunrisers Hyderabad,Sunrisers Hyderabad,field,Sunrisers Hyderabad,0,0,Jos Buttler,normal,1,Mumbai Indians,Sunrisers Hyderabad,Faf du Plessis,KL Rahul,2,0,2,0,2,4
IPL2020_039,2020,2018-07-30,Hyderabad,Rajiv Gandhi International Stadium,Mumbai Indians,Sunrisers Hyderabad,Sunrisers Hyderabad,field,Sunrisers Hyderabad,0,0,Jos Buttler,normal,2,Sunrisers Hyderabad,Mumbai Indians,Shreyas Iyer,Shubman Gill,0,0,0,0,1,1
IPL2020_039,2020,2018-07-30,Hyderabad,Rajiv Gandhi International Stadium,Mumbai Indians,Sunrisers Hyderabad,Sunrisers Hyderabad,field,Sunrisers Hyderabad,0,0,Jos Buttler,normal,2,Sunrisers Hyderabad,Mumbai Indians,David Warner,Rishabh Pant,0,0,0,0,1,2
IPL2020_039,2020,2018-07-30,Hyderabad,Rajiv Gandhi International Stadium,Mumbai Indians,Sunrisers Hyderabad,Sunrisers Hyderabad,field,Sunrisers Hyderabad,0,0,Jos Buttler,normal,2,Sunrisers Hyderabad,Mumbai Indians,Tilak Varma,Shreyas Iyer,1,0,1,0,1,3
IPL2020_039,2020,2018-07-30,Hyderabad,Rajiv Gandhi International Stadium,Mumbai Indians,Sunrisers Hyderabad,Sunrisers Hyderabad,field,Sunrisers Hyderabad,0,0,Jos Buttler,normal,2,Sunrisers Hyderabad,Mumbai Indians,Bhuvneshwar Kumar,David Warner,2,0,2,0,1,4
IPL2020_039,2020,2018-07-30,Hyderabad,Rajiv Gandhi International Stadium,Mumbai Indians,Sunrisers Hyderabad,Sunrisers Hyderabad,field,Sunrisers Hyderabad,0,0,Jos Buttler,normal,2,Sunrisers Hyderabad,Mumbai Indians,Tilak Varma,Prithvi Shaw,1,1,2,0,1,5
IPL2020_039,2020,2018-07-30,Hyderabad,Rajiv Gandhi International Stadium,Mumbai Indians,Sunrisers Hyderabad,Sunrisers Hyderabad,field,Sunrisers Hyderabad,0,0,Jos Buttler,normal,2,Sunrisers Hyderabad,Mumbai Indians,Ravindra Jadeja,Rohit Sharma,2,0,2,0,1,6
IPL2020_039,2020,2018-07-30,Hyderabad,Rajiv Gandhi International Stadium,Mumbai Indians,Sunrisers Hyderabad,Sunrisers Hyderabad,field,Sunrisers Hyderabad,0,0,Jos Buttler,normal,2,Sunrisers Hyderabad,Mumbai Indians,Ruturaj Gaikwad,Trent Boult,0,0,0,0,2,1
IPL2020_039,2020,2018-07-30,Hyderabad,Rajiv Gandhi International Stadium,Mumbai Indians,Sunrisers Hyderabad,Sunrisers Hyderabad,field,Sunrisers Hyderabad,0,0,Jos Buttler,normal,2,Sunrisers Hyderabad,Mumbai Indians,Ruturaj Gaikwad,Rishabh Pant,2,0,2,0,2,2
IPL2020_039,2020,2018-07-30,Hyderabad,Rajiv Gandhi International Stadium,Mumbai Indians,Sunrisers Hyderabad,Sunrisers Hyderabad,field,Sunrisers Hyderabad,0,0,Jos Buttler,normal,2,Sunrisers Hyderabad,Mumbai Indians,Shubman Gill,Mohammed Siraj,0,0,0,0,2,3
IPL2020_039,2020,2018-07-30,Hyderabad,Rajiv Gandhi International Stadium,Mumbai Indians,Sunrisers Hyderabad,Sunrisers Hyderabad,field,Sunrisers Hyderabad,0,0,Jos Buttler,normal,2,Sunrisers Hyderabad,Mumbai Indians,Yashasvi Jaiswal,Jasprit Bumrah,1,0,1,1,2,4
IPL2021_040,2021,2018-08-02,Lucknow,BRSABV Ekana Cricket Stadium,Royal Challengers Bengaluru,Punjab Kings,Royal Challengers Bengaluru,bat,Punjab Kings,12,0,Rishabh Pant,runs,1,Royal Challengers Bengaluru,Punjab Kings,Bhuvneshwar Kumar,Suryakumar Yadav,0,0,0,0,1,1
IPL2021_040,2021,2018-08-02,Lucknow,BRSABV Ekana Cricket Stadium,Royal Challengers Bengaluru,Punjab Kings,Royal Challengers Bengaluru,bat,Punjab Kings,12,0,Rishabh Pant,runs,1,Royal Challengers Bengaluru,Punjab Kings,Mohammed Siraj,Rashid Khan,0,0,0,0,1,2
IPL2021_040,2021,2018-08-02,Lucknow,BRSABV Ekana Cricket Stadium,Royal Challengers Bengaluru,Punjab Kings,Royal Challengers Bengaluru,bat,Punjab Kings,12,0,Rishabh Pant,runs,1,Royal Challengers Bengaluru,Punjab Kings,Nicholas Pooran,David Warner,1,0,1,0,1,3
IPL2021_040,2021,2018-08-02,Lucknow,BRSABV Ekana Cricket Stadium,Royal Challengers Bengaluru,Punjab Kings,Royal Challengers Bengaluru,bat,Punjab Kings,12,0,Rishabh Pant,runs,1,Royal Challengers Bengaluru,Punjab Kings,Tilak Varma,Faf du Plessis,4,0,4,0,1,4
IPL2021_040,2021,2018-08-02,Lucknow,BRSABV Ekana Cricket Stadium,Royal Challengers Bengaluru,Punjab Kings,Royal Challengers Bengaluru,bat,Punjab Kings,12,0,Rishabh Pant,runs,1,Royal Challengers Bengaluru,Punjab Kings,Bhuvneshwar Kumar,Glenn Maxwell,2,0,2,0,1,5
IPL2021_040,2021,2018-08-02,Lucknow,BRSABV Ekana Cricket Stadium,Royal Challengers Bengaluru,Punjab Kings,Royal Challengers Bengaluru,bat,Punjab Kings,12,0,Rishabh Pant,runs,1,Royal Challengers Bengaluru,Punjab Kings,Trent Boult,Trent Boult,3,0,3,0,1,6
IPL2021_040,2021,2018-08-02,Lucknow,BRSABV Ekana Cricket Stadium,Royal Challengers Bengaluru,Punjab Kings,Royal Challengers Bengaluru,bat,Punjab Kings,12,0,Rishabh Pant,runs,1,Royal Challengers Bengaluru,Punjab Kings,Shreyas Iyer,Pat Cummins,4,0,4,0,2,1
IPL2021_040,2021,2018-08-02,Lucknow,BRSABV Ekana Cricket Stadium,Royal Challengers Bengaluru,Punjab Kings,Royal Challengers Bengaluru,bat,Punjab Kings,12,0,Rishabh Pant,runs,1,Royal Challengers Bengaluru,Punjab Kings,Faf du Plessis,Virat Kohli,1,0,1,0,2,2
IPL2021_040,2021,2018-08-02,Lucknow,BRSABV Ekana Cricket Stadium,Royal Challengers Bengaluru,Punjab Kings,Royal Challengers Bengaluru,bat,Punjab Kings,12,0,Rishabh Pant,runs,1,Royal Challengers Bengaluru,Punjab Kings,Trent Boult,Prithvi Shaw,1,0,1,0,2,3
IPL2021_040,2021,2018-08-02,Lucknow,BRSABV Ekana Cricket Stadium,Royal Challengers Bengaluru,Punjab Kings,Royal Challengers Bengaluru,bat,Punjab Kings,12,0,Rishabh Pant,runs,1,Royal Challengers Bengaluru,Punjab Kings,Shreyas Iyer,Glenn Maxwell,2,0,2,0,2,4
IPL2021_040,2021,2018-08-02,Lucknow,BRSABV Ekana Cricket Stadium,Royal Challengers Bengaluru,Punjab Kings,Royal Challengers Bengaluru,bat,Punjab Kings,12,0,Rishabh Pant,runs,2,Punjab Kings,Royal Challengers Bengaluru,Shikhar Dhawan,Suryakumar Yadav,1,0,1,0,1,1
IPL2021_040,2021,2018-08-02,Lucknow,BRSABV Ekana Cricket Stadium,Royal Challengers Bengaluru,Punjab Kings,Royal Challengers Bengaluru,bat,Punjab Kings,12,0,Rishabh Pant,runs,2,Punjab Kings,Royal Challengers Bengaluru,Virat Kohli,Sanju Samson,1,0,1,1,1,2
IPL2021_040,2021,2018-08-02,Lucknow,BRSABV Ekana Cricket Stadium,Royal Challengers Bengaluru,Punjab Kings,Royal Challengers Bengaluru,bat,Punjab Kings,12,0,Rishabh Pant,runs,2,Punjab Kings,Royal Challengers Bengaluru,Suryakumar Yadav,Shikhar Dhawan,2,0,2,0,1,3
IPL2021_040,2021,2018-08-02,Lucknow,BRSABV Ekana Cricket Stadium,Royal Challengers Bengaluru,Punjab Kings,Royal Challengers Bengaluru,bat,Punjab Kings,12,0,Rishabh Pant,runs,2,Punjab Kings,Royal Challengers Bengaluru,Bhuvneshwar Kumar,Ruturaj Gaikwad,0,0,0,0,1,4
IPL2021_040,2021,2018-08-02,Lucknow,BRSABV Ekana Cricket Stadium,Royal Challengers Bengaluru,Punjab Kings,Royal Challengers Bengaluru,bat,Punjab Kings,12,0,Rishabh Pant,runs,2,Punjab Kings,Royal Challengers Bengaluru,Prithvi Shaw,KL Rahul,2,0,2,0,1,5
IPL2021_040,2021,2018-08-02,Lucknow,BRSABV Ekana Cricket Stadium,Royal Challengers Bengaluru,Punjab Kings,Royal Challengers Bengaluru,bat,Punjab Kings,12,0,Rishabh Pant,runs,2,Punjab Kings,Royal Challengers Bengaluru,Rishabh Pant,Virat Kohli,0,2,2,0,1,6
IPL2021_040,2021,2018-08-02,Lucknow,BRSABV Ekana Cricket Stadium,Royal Challengers Bengaluru,Punjab Kings,Royal Challengers Bengaluru,bat,Punjab Kings,12,0,Rishabh Pant,runs,2,Punjab Kings,Royal Challengers Bengaluru,Sanju Samson,Tilak Varma,2,0,2,0,2,1
IPL2021_040,2021,2018-08-02,Lucknow,BRSABV Ekana Cricket Stadium,Royal Challengers Bengaluru,Punjab Kings,Royal Challengers Bengaluru,bat,Punjab Kings,12,0,Rishabh Pant,runs,2,Punjab Kings,Royal Challengers Bengaluru,Jos Buttler,Mohammed Siraj,0,0,0,0,2,2
IPL2021_040,2021,2018-08-02,Lucknow,BRSABV Ekana Cricket Stadium,Royal Challengers Bengaluru,Punjab Kings,Royal Challengers Bengaluru,bat,Punjab Kings,12,0,Rishabh Pant,runs,2,Punjab Kings,Royal Challengers Bengaluru,Shreyas Iyer,Hardik Pandya,1,0,1,1,2,3
IPL2021_040,2021,2018-08-02,Lucknow,BRSABV Ekana Cricket Stadium,Royal Challengers Bengaluru,Punjab Kings,Royal Challengers Bengaluru,bat,Punjab Kings,12,0,Rishabh Pant,runs,2,Punjab Kings,Royal Challengers Bengaluru,MS Dhoni,Jos Buttler,1,0,1,1,2,4
IPL2022_041,2022,2018-08-05,Ahmedabad,Narendra Modi Stadium,Chennai Super Kings,Mumbai Indians,Chennai Super Kings,field,Mumbai Indians,59,0,KL Rahul,runs,1,Chennai Super Kings,Mumbai Indians,Rishabh Pant,Ruturaj Gaikwad,0,0,0,0,1,1
IPL2022_041,2022,2018-08-05,Ahmedabad,Narendra Modi Stadium,Chennai Super Kings,Mumbai Indians,Chennai Super Kings,field,Mumbai Indians,59,0,KL Rahul,runs,1,Chennai Super Kings,Mumbai Indians,Ravindra Jadeja,KL Rahul,4,0,4,0,1,2
IPL2022_041,2022,2018-08-05,Ahmedabad,Narendra Modi Stadium,Chennai Super Kings,Mumbai Indians,Chennai Super Kings,field,Mumbai Indians,59,0,KL Rahul,runs,1,Chennai Super Kings,Mumbai Indians,Bhuvneshwar Kumar,Mohammed Siraj,1,0,1,0,1,3
IPL2022_041,2022,2018-08-05,Ahmedabad,Narendra Modi Stadium,Chennai Super Kings,Mumbai Indians,Chennai Super Kings,field,Mumbai Indians,59,0,KL Rahul,runs,1,Chennai Super Kings,Mumbai Indians,Trent Boult,MS Dhoni,1,0,1,0,1,4
IPL2022_041,2022,2018-08-05,Ahmedabad,Narendra Modi Stadium,Chennai Super Kings,Mumbai Indians,Chennai Super Kings,field,Mumbai Indians,59,0,KL Rahul,runs,1,Chennai Super Kings,Mumbai Indians,Ishan Kishan,Rohit Sharma,0,0,0,0,1,5
IPL2022_041,2022,2018-08-05,Ahmedabad,Narendra Modi Stadium,Chennai Super Kings,Mumbai Indians,Chennai Super Kings,field,Mumbai Indians,59,0,KL Rahul,runs,1,Chennai Super Kings,Mumbai Indians,Jos Buttler,Sanju Samson,2,2,4,0,1,6
IPL2022_041,2022,2018-08-05,Ahmedabad,Narendra Modi Stadium,Chennai Super Kings,Mumbai Indians,Chennai Super Kings,field,Mumbai Indians,59,0,KL Rahul,runs,1,Chennai Super Kings,Mumbai Indians,Bhuvneshwar Kumar,Trent Boult,1,0,1,0,2,1
IPL2022_041,2022,2018-08-05,Ahmedabad,Narendra Modi Stadium,Chennai Super Kings,Mumbai Indians,Chennai Super Kings,field,Mumbai Indians,59,0,KL Rahul,runs,1,Chennai Super Kings,Mumbai Indians,Rohit Sharma,Shreyas Iyer,4,0,4,0,2,2
IPL2022_041,2022,2018-08-05,Ahmedabad,Narendra Modi Stadium,Chennai Super Kings,Mumbai Indians,Chennai Super Kings,field,Mumbai Indians,59,0,KL Rahul,runs,1,Chennai Super Kings,Mumbai Indians,MS Dhoni,Suryakumar Yadav,2,0,2,0,2,3
IPL2022_041,2022,2018-08-05,Ahmedabad,Narendra Modi Stadium,Chennai Super Kings,Mumbai Indians,Chennai Super Kings,field,Mumbai Indians,59,0,KL Rahul,runs,1,Chennai Super Kings,Mumbai Indians,Andre Russell,Shreyas Iyer,2,0,2,0,2,4
IPL2022_041,2022,2018-08-05,Ahmedabad,Narendra Modi Stadium,Chennai Super Kings,Mumbai Indians,Chennai Super Kings,field,Mumbai Indians,59,0,KL Rahul,runs,2,Mumbai Indians,Chennai Super Kings,David Warner,Sunil Narine,1,0,1,0,1,1
IPL2022_041,2022,2018-08-05,Ahmedabad,Narendra Modi Stadium,Chennai Super Kings,Mumbai Indians,Chennai Super Kings,field,Mumbai Indians,59,0,KL Rahul,runs,2,Mumbai Indians,Chennai Super Kings,Trent Boult,Andre Russell,6,0,6,0,1,2
IPL2022_041,2022,2018-08-05,Ahmedabad,Narendra Modi Stadium,Chennai Super Kings,Mumbai Indians,Chennai Super Kings,field,Mumbai Indians,59,0,KL Rahul,runs,2,Mumbai Indians,Chennai Super Kings,David Warner,Suryakumar Yadav,0,0,0,0,1,3
IPL2022_041,2022,2018-08-05,Ahmedabad,Narendra Modi Stadium,Chennai Super Kings,Mumbai Indians,Chennai Super Kings,field,Mumbai Indians,59,0,KL Rahul,runs,2,Mumbai Indians,Chennai Super Kings,Jasprit Bumrah,Bhuvneshwar Kumar,0,0,0,0,1,4
IPL2022_041,2022,2018-08-05,Ahmedabad,Narendra Modi Stadium,Chennai Super Kings,Mumbai Indians,Chennai Super Kings,field,Mumbai Indians,59,0,KL Rahul,runs,2,Mumbai Indians,Chennai Super Kings,Yashasvi Jaiswal,Shubman Gill,1,0,1,0,1,5
IPL2022_041,2022,2018-08-05,Ahmedabad,Narendra Modi Stadium,Chennai Super Kings,Mumbai Indians,Chennai Super Kings,field,Mumbai Indians,59,0,KL Rahul,runs,2,Mumbai Indians,Chennai Super Kings,Rishabh Pant,David Warner,4,0,4,0,1,6
IPL2022_041,2022,2018-08-05,Ahmedabad,Narendra Modi Stadium,Chennai Super Kings,Mumbai Indians,Chennai Super Kings,field,Mumbai Indians,59,0,KL Rahul,runs,2,Mumbai Indians,Chennai Super Kings,Shubman Gill,Ruturaj Gaikwad,0,0,0,0,2,1
IPL2022_041,2022,2018-08-05,Ahmedabad,Narendra Modi Stadium,Chennai Super Kings,Mumbai Indians,Chennai Super Kings,field,Mumbai Indians,59,0,KL Rahul,runs,2,Mumbai Indians,Chennai Super Kings,Shreyas Iyer,Shreyas Iyer,1,0,1,1,2,2
IPL2022_041,2022,2018-08-05,Ahmedabad,Narendra Modi Stadium,Chennai Super Kings,Mumbai Indians,Chennai Super Kings,field,Mumbai Indians,59,0,KL Rahul,runs,2,Mumbai Indians,Chennai Super Kings,Mohammed Siraj,Sunil Narine,2,0,2,0,2,3
IPL2022_041,2022,2018-08-05,Ahmedabad,Narendra Modi Stadium,Chennai Super Kings,Mumbai Indians,Chennai Super Kings,field,Mumbai Indians,59,0,KL Rahul,runs,2,Mumbai Indians,Chennai Super Kings,Yashasvi Jaiswal,Shreyas Iyer,2,0,2,1,2,4
IPL2023_042,2023,2018-08-08,Mumbai,Wankhede Stadium,Rajasthan Royals,Chennai Super Kings,Rajasthan Royals,field,Rajasthan Royals,0,6,Jasprit Bumrah,wickets,1,Rajasthan Royals,Chennai Super Kings,Jasprit Bumrah,Bhuvneshwar Kumar,0,0,0,0,1,1
IPL2023_042,2023,2018-08-08,Mumbai,Wankhede Stadium,Rajasthan Royals,Chennai Super Kings,Rajasthan Royals,field,Rajasthan Royals,0,6,Jasprit Bumrah,wickets,1,Rajasthan Royals,Chennai Super Kings,Jos Buttler,Bhuvneshwar Kumar,1,0,1,0,1,2
IPL2023_042,2023,2018-08-08,Mumbai,Wankhede Stadium,Rajasthan Royals,Chennai Super Kings,Rajasthan Royals,field,Rajasthan Royals,0,6,Jasprit Bumrah,wickets,1,Rajasthan Royals,Chennai Super Kings,Suryakumar Yadav,Ruturaj Gaikwad,1,0,1,0,1,3
IPL2023_042,2023,2018-08-08,Mumbai,Wankhede Stadium,Rajasthan Royals,Chennai Super Kings,Rajasthan Royals,field,Rajasthan Royals,0,6,Jasprit Bumrah,wickets,1,Rajasthan Royals,Chennai Super Kings,KL Rahul,Shubman Gill,2,0,2,0,1,4
IPL2023_042,2023,2018-08-08,Mumbai,Wankhede Stadium,Rajasthan Royals,Chennai Super Kings,Rajasthan Royals,field,Rajasthan Royals,0,6,Jasprit Bumrah,wickets,1,Rajasthan Royals,Chennai Super Kings,Virat Kohli,Sunil Narine,1,0,1,0,1,5
IPL2023_042,2023,2018-08-08,Mumbai,Wankhede Stadium,Rajasthan Royals,Chennai Super Kings,Rajasthan Royals,field,Rajasthan Royals,0,6,Jasprit Bumrah,wickets,1,Rajasthan Royals,Chennai Super Kings,Ravindra Jadeja,David Warner,6,0,6,0,1,6
IPL2023_042,2023,2018-08-08,Mumbai,Wankhede Stadium,Rajasthan Royals,Chennai Super Kings,Rajasthan Royals,field,Rajasthan Royals,0,6,Jasprit Bumrah,wickets,1,Rajasthan Royals,Chennai Super Kings,Sanju Samson,Jos Buttler,2,0,2,0,2,1
IPL2023_042,2023,2018-08-08,Mumbai,Wankhede Stadium,Rajasthan Royals,Chennai Super Kings,Rajasthan Royals,field,Rajasthan Royals,0,6,Jasprit Bumrah,wickets,1,Rajasthan Royals,Chennai Super Kings,Hardik Pandya,Faf du Plessis,0,0,0,0,2,2
IPL2023_042,2023,2018-08-08,Mumbai,Wankhede Stadium,Rajasthan Royals,Chennai Super Kings,Rajasthan Royals,field,Rajasthan Royals,0,6,Jasprit Bumrah,wickets,1,Rajasthan Royals,Chennai Super Kings,Shikhar Dhawan,Rashid Khan,1,0,1,0,2,3
IPL2023_042,2023,2018-08-08,Mumbai,Wankhede Stadium,Rajasthan Royals,Chennai Super Kings,Rajasthan Royals,field,Rajasthan Royals,0,6,Jasprit Bumrah,wickets,1,Rajasthan Royals,Chennai Super Kings,Yashasvi Jaiswal,Faf du Plessis,0,0,0,0,2,4
IPL2023_042,2023,2018-08-08,Mumbai,Wankhede Stadium,Rajasthan Royals,Chennai Super Kings,Rajasthan Royals,field,Rajasthan Royals,0,6,Jasprit Bumrah,wickets,2,Chennai Super Kings,Rajasthan Royals,Glenn Maxwell,Shreyas Iyer,1,0,1,0,1,1
IPL2023_042,2023,2018-08-08,Mumbai,Wankhede Stadium,Rajasthan Royals,Chennai Super Kings,Rajasthan Royals,field,Rajasthan Royals,0,6,Jasprit Bumrah,wickets,2,Chennai Super Kings,Rajasthan Royals,Nicholas Pooran,Rishabh Pant,0,0,0,0,1,2
IPL2023_042,2023,2018-08-08,Mumbai,Wankhede Stadium,Rajasthan Royals,Chennai Super Kings,Rajasthan Royals,field,Rajasthan Royals,0,6,Jasprit Bumrah,wickets,2,Chennai Super Kings,Rajasthan Royals,MS Dhoni,Hardik Pandya,2,0,2,0,1,3
IPL2023_042,2023,2018-08-08,Mumbai,Wankhede Stadium,Rajasthan Royals,Chennai Super Kings,Rajasthan Royals,field,Rajasthan Royals,0,6,Jasprit Bumrah,wickets,2,Chennai Super Kings,Rajasthan Royals,Tilak Varma,Ravindra Jadeja,0,0,0,0,1,4
IPL2023_042,2023,2018-08-08,Mumbai,Wankhede Stadium,Rajasthan Royals,Chennai Super Kings,Rajasthan Royals,field,Rajasthan Royals,0,6,Jasprit Bumrah,wickets,2,Chennai Super Kings,Rajasthan Royals,Rohit Sharma,David Warner,0,0,0,0,1,5
IPL2023_042,2023,2018-08-08,Mumbai,Wankhede Stadium,Rajasthan Royals,Chennai Super Kings,Rajasthan Royals,field,Rajasthan Royals,0,6,Jasprit Bumrah,wickets,2,Chennai Super Kings,Rajasthan Royals,Virat Kohli,Andre Russell,0,2,2,0,1,6
IPL2023_042,2023,2018-08-08,Mumbai,Wankhede Stadium,Rajasthan Royals,Chennai Super Kings,Rajasthan Royals,field,Rajasthan Royals,0,6,Jasprit Bumrah,wickets,2,Chennai Super Kings,Rajasthan Royals,Prithvi Shaw,MS Dhoni,4,0,4,1,2,1
IPL2023_042,2023,2018-08-08,Mumbai,Wankhede Stadium,Rajasthan Royals,Chennai Super Kings,Rajasthan Royals,field,Rajasthan Royals,0,6,Jasprit Bumrah,wickets,2,Chennai Super Kings,Rajasthan Royals,Tilak Varma,KL Rahul,2,0,2,0,2,2
IPL2023_042,2023,2018-08-08,Mumbai,Wankhede Stadium,Rajasthan Royals,Chennai Super Kings,Rajasthan Royals,field,Rajasthan Royals,0,6,Jasprit Bumrah,wickets,2,Chennai Super Kings,Rajasthan Royals,Mohammed Siraj,David Warner,0,0,0,0,2,3
IPL2023_042,2023,2018-08-08,Mumbai,Wankhede Stadium,Rajasthan Royals,Chennai Super Kings,Rajasthan Royals,field,Rajasthan Royals,0,6,Jasprit Bumrah,wickets,2,Chennai Super Kings,Rajasthan Royals,Mohammed Siraj,Hardik Pandya,2,0,2,0,2,4
IPL2024_043,2024,2018-08-11,Hyderabad,Rajiv Gandhi International Stadium,Delhi Capitals,Rajasthan Royals,Delhi Capitals,field,Delhi Capitals,0,0,Sanju Samson,normal,1,Delhi Capitals,Rajasthan Royals,Andre Russell,Glenn Maxwell,2,0,2,0,1,1
IPL2024_043,2024,2018-08-11,Hyderabad,Rajiv Gandhi International Stadium,Delhi Capitals,Rajasthan Royals,Delhi Capitals,field,Delhi Capitals,0,0,Sanju Samson,normal,1,Delhi Capitals,Rajasthan Royals,Shikhar Dhawan,Prithvi Shaw,0,0,0,0,1,2
IPL2024_043,2024,2018-08-11,Hyderabad,Rajiv Gandhi International Stadium,Delhi Capitals,Rajasthan Royals,Delhi Capitals,field,Delhi Capitals,0,0,Sanju Samson,normal,1,Delhi Capitals,Rajasthan Royals,Rishabh Pant,MS Dhoni,0,0,0,0,1,3
IPL2024_043,2024,2018-08-11,Hyderabad,Rajiv Gandhi International Stadium,Delhi Capitals,Rajasthan Royals,Delhi Capitals,field,Delhi Capitals,0,0,Sanju Samson,normal,1,Delhi Capitals,Rajasthan Royals,David Warner,Tilak Varma,3,1,4,0,1,4
IPL2024_043,2024,2018-08-11,Hyderabad,Rajiv Gandhi International Stadium,Delhi Capitals,Rajasthan Royals,Delhi Capitals,field,Delhi Capitals,0,0,Sanju Samson,normal,1,Delhi Capitals,Rajasthan Royals,Shubman Gill,Rashid Khan,6,0,6,0,1,5
IPL2024_043,2024,2018-08-11,Hyderabad,Rajiv Gandhi International Stadium,Delhi Capitals,Rajasthan Royals,Delhi Capitals,field,Delhi Capitals,0,0,Sanju Samson,normal,1,Delhi Capitals,Rajasthan Royals,David Warner,Mohammed Siraj,0,0,0,0,1,6
IPL2024_043,2024,2018-08-11,Hyderabad,Rajiv Gandhi International Stadium,Delhi Capitals,Rajasthan Royals,Delhi Capitals,field,Delhi Capitals,0,0,Sanju Samson,normal,1,Delhi Capitals,Rajasthan Royals,Hardik Pandya,Yashasvi Jaiswal,2,0,2,0,2,1
IPL2024_043,2024,2018-08-11,Hyderabad,Rajiv Gandhi International Stadium,Delhi Capitals,Rajasthan Royals,Delhi Capitals,field,Delhi Capitals,0,0,Sanju Samson,normal,1,Delhi Capitals,Rajasthan Royals,MS Dhoni,Hardik Pandya,1,0,1,0,2,2
IPL2024_043,2024,2018-08-11,Hyderabad,Rajiv Gandhi International Stadium,Delhi Capitals,Rajasthan Royals,Delhi Capitals,field,Delhi Capitals,0,0,Sanju Samson,normal,1,Delhi Capitals,Rajasthan Royals,Tilak Varma,Ruturaj Gaikwad,0,0,0,0,2,3
IPL2024_043,2024,2018-08-11,Hyderabad,Rajiv Gandhi International Stadium,Delhi Capitals,Rajasthan Royals,Delhi Capitals,field,Delhi Capitals,0,0,Sanju Samson,normal,1,Delhi Capitals,Rajasthan Royals,Ravindra Jadeja,KL Rahul,1,0,1,0,2,4
IPL2024_043,2024,2018-08-11,Hyderabad,Rajiv Gandhi International Stadium,Delhi Capitals,Rajasthan Royals,Delhi Capitals,field,Delhi Capitals,0,0,Sanju Samson,normal,2,Rajasthan Royals,Delhi Capitals,Rashid Khan,KL Rahul,1,0,1,0,1,1
IPL2024_043,2024,2018-08-11,Hyderabad,Rajiv Gandhi International Stadium,Delhi Capitals,Rajasthan Royals,Delhi Capitals,field,Delhi Capitals,0,0,Sanju Samson,normal,2,Rajasthan Royals,Delhi Capitals,Bhuvneshwar Kumar,Sanju Samson,6,0,6,0,1,2
IPL2024_043,2024,2018-08-11,Hyderabad,Rajiv Gandhi International Stadium,Delhi Capitals,Rajasthan Royals,Delhi Capitals,field,Delhi Capitals,0,0,Sanju Samson,normal,2,Rajasthan Royals,Delhi Capitals,MS Dhoni,Yashasvi Jaiswal,2,0,2,0,1,3
IPL2024_043,2024,2018-08-11,Hyderabad,Rajiv Gandhi International Stadium,Delhi Capitals,Rajasthan Royals,Delhi Capitals,field,Delhi Capitals,0,0,Sanju Samson,normal,2,Rajasthan Royals,Delhi Capitals,Pat Cummins,Shubman Gill,1,0,1,0,1,4
IPL2024_043,2024,2018-08-11,Hyderabad,Rajiv Gandhi International Stadium,Delhi Capitals,Rajasthan Royals,Delhi Capitals,field,Delhi Capitals,0,0,Sanju Samson,normal,2,Rajasthan Royals,Delhi Capitals,Yashasvi Jaiswal,Yashasvi Jaiswal,2,0,2,0,1,5
IPL2024_043,2024,2018-08-11,Hyderabad,Rajiv Gandhi International Stadium,Delhi Capitals,Rajasthan Royals,Delhi Capitals,field,Delhi Capitals,0,0,Sanju Samson,normal,2,Rajasthan Royals,Delhi Capitals,Jasprit Bumrah,Ishan Kishan,0,0,0,0,1,6
IPL2024_043,2024,2018-08-11,Hyderabad,Rajiv Gandhi International Stadium,Delhi Capitals,Rajasthan Royals,Delhi Capitals,field,Delhi Capitals,0,0,Sanju Samson,normal,2,Rajasthan Royals,Delhi Capitals,Bhuvneshwar Kumar,Rishabh Pant,3,0,3,0,2,1
IPL2024_043,2024,2018-08-11,Hyderabad,Rajiv Gandhi International Stadium,Delhi Capitals,Rajasthan Royals,Delhi Capitals,field,Delhi Capitals,0,0,Sanju Samson,normal,2,Rajasthan Royals,Delhi Capitals,Rishabh Pant,Ravindra Jadeja,0,0,0,0,2,2
IPL2024_043,2024,2018-08-11,Hyderabad,Rajiv Gandhi International Stadium,Delhi Capitals,Rajasthan Royals,Delhi Capitals,field,Delhi Capitals,0,0,Sanju Samson,normal,2,Rajasthan Royals,Delhi Capitals,Glenn Maxwell,Pat Cummins,1,0,1,0,2,3
IPL2024_043,2024,2018-08-11,Hyderabad,Rajiv Gandhi International Stadium,Delhi Capitals,Rajasthan Royals,Delhi Capitals,field,Delhi Capitals,0,0,Sanju Samson,normal,2,Rajasthan Royals,Delhi Capitals,Glenn Maxwell,Jos Buttler,2,0,2,0,2,4
IPL2025_044,2025,2018-08-14,Bengaluru,M. Chinnaswamy Stadium,Kolkata Knight Riders,Mumbai Indians,Kolkata Knight Riders,field,Kolkata Knight Riders,57,0,Trent Boult,runs,1,Kolkata Knight Riders,Mumbai Indians,Bhuvneshwar Kumar,Bhuvneshwar Kumar,0,0,0,1,1,1
IPL2025_044,2025,2018-08-14,Bengaluru,M. Chinnaswamy Stadium,Kolkata Knight Riders,Mumbai Indians,Kolkata Knight Riders,field,Kolkata Knight Riders,57,0,Trent Boult,runs,1,Kolkata Knight Riders,Mumbai Indians,Pat Cummins,MS Dhoni,0,0,0,0,1,2
IPL2025_044,2025,2018-08-14,Bengaluru,M. Chinnaswamy Stadium,Kolkata Knight Riders,Mumbai Indians,Kolkata Knight Riders,field,Kolkata Knight Riders,57,0,Trent Boult,runs,1,Kolkata Knight Riders,Mumbai Indians,Sanju Samson,Bhuvneshwar Kumar,4,0,4,0,1,3
IPL2025_044,2025,2018-08-14,Bengaluru,M. Chinnaswamy Stadium,Kolkata Knight Riders,Mumbai Indians,Kolkata Knight Riders,field,Kolkata Knight Riders,57,0,Trent Boult,runs,1,Kolkata Knight Riders,Mumbai Indians,Pat Cummins,Sunil Narine,2,0,2,0,1,4
IPL2025_044,2025,2018-08-14,Bengaluru,M. Chinnaswamy Stadium,Kolkata Knight Riders,Mumbai Indians,Kolkata Knight Riders,field,Kolkata Knight Riders,57,0,Trent Boult,runs,1,Kolkata Knight Riders,Mumbai Indians,Andre Russell,Bhuvneshwar Kumar,1,0,1,0,1,5
IPL2025_044,2025,2018-08-14,Bengaluru,M. Chinnaswamy Stadium,Kolkata Knight Riders,Mumbai Indians,Kolkata Knight Riders,field,Kolkata Knight Riders,57,0,Trent Boult,runs,1,Kolkata Knight Riders,Mumbai Indians,Mohammed Siraj,Bhuvneshwar Kumar,0,0,0,0,1,6
IPL2025_044,2025,2018-08-14,Bengaluru,M. Chinnaswamy Stadium,Kolkata Knight Riders,Mumbai Indians,Kolkata Knight Riders,field,Kolkata Knight Riders,57,0,Trent Boult,runs,1,Kolkata Knight Riders,Mumbai Indians,Mohammed Siraj,Andre Russell,1,0,1,0,2,1
IPL2025_044,2025,2018-08-14,Bengaluru,M. Chinnaswamy Stadium,Kolkata Knight Riders,Mumbai Indians,Kolkata Knight Riders,field,Kolkata Knight Riders,57,0,Trent Boult,runs,1,Kolkata Knight Riders,Mumbai Indians,Shreyas Iyer,Prithvi Shaw,6,0,6,0,2,2
IPL2025_044,2025,2018-08-14,Bengaluru,M. Chinnaswamy Stadium,Kolkata Knight Riders,Mumbai Indians,Kolkata Knight Riders,field,Kolkata Knight Riders,57,0,Trent Boult,runs,1,Kolkata Knight Riders,Mumbai Indians,Ishan Kishan,Mohammed Siraj,1,0,1,0,2,3
IPL2025_044,2025,2018-08-14,Bengaluru,M. Chinnaswamy Stadium,Kolkata Knight Riders,Mumbai Indians,Kolkata Knight Riders,field,Kolkata Knight Riders,57,0,Trent Boult,runs,1,Kolkata Knight Riders,Mumbai Indians,Pat Cummins,Pat Cummins,2,0,2,0,2,4
IPL2025_044,2025,2018-08-14,Bengaluru,M. Chinnaswamy Stadium,Kolkata Knight Riders,Mumbai Indians,Kolkata Knight Riders,field,Kolkata Knight Riders,57,0,Trent Boult,runs,2,Mumbai Indians,Kolkata Knight Riders,Trent Boult,KL Rahul,2,0,2,0,1,1
IPL2025_044,2025,2018-08-14,Bengaluru,M. Chinnaswamy Stadium,Kolkata Knight Riders,Mumbai Indians,Kolkata Knight Riders,field,Kolkata Knight Riders,57,0,Trent Boult,runs,2,Mumbai Indians,Kolkata Knight Riders,Tilak Varma,Pat Cummins,2,1,3,0,1,2
IPL2025_044,2025,2018-08-14,Bengaluru,M. Chinnaswamy Stadium,Kolkata Knight Riders,Mumbai Indians,Kolkata Knight Riders,field,Kolkata Knight Riders,57,0,Trent Boult,runs,2,Mumbai Indians,Kolkata Knight Riders,KL Rahul,Jos Buttler,0,0,0,0,1,3
IPL2025_044,2025,2018-08-14,Bengaluru,M. Chinnaswamy Stadium,Kolkata Knight Riders,Mumbai Indians,Kolkata Knight Riders,field,Kolkata Knight Riders,57,0,Trent Boult,runs,2,Mumbai Indians,Kolkata Knight Riders,Andre Russell,MS Dhoni,2,0,2,0,1,4
IPL2025_044,2025,2018-08-14,Bengaluru,M. Chinnaswamy Stadium,Kolkata Knight Riders,Mumbai Indians,Kolkata Knight Riders,field,Kolkata Knight Riders,57,0,Trent Boult,runs,2,Mumbai Indians,Kolkata Knight Riders,Sunil Narine,Andre Russell,6,0,6,0,1,5
IPL2025_044,2025,2018-08-14,Bengaluru,M. Chinnaswamy Stadium,Kolkata Knight Riders,Mumbai Indians,Kolkata Knight Riders,field,Kolkata Knight Riders,57,0,Trent Boult,runs,2,Mumbai Indians,Kolkata Knight Riders,Pat Cummins,Ruturaj Gaikwad,1,0,1,0,1,6
IPL2025_044,2025,2018-08-14,Bengaluru,M. Chinnaswamy Stadium,Kolkata Knight Riders,Mumbai Indians,Kolkata Knight Riders,field,Kolkata Knight Riders,57,0,Trent Boult,runs,2,Mumbai Indians,Kolkata Knight Riders,Nicholas Pooran,Suryakumar Yadav,1,0,1,0,2,1
IPL2025_044,2025,2018-08-14,Bengaluru,M. Chinnaswamy Stadium,Kolkata Knight Riders,Mumbai Indians,Kolkata Knight Riders,field,Kolkata Knight Riders,57,0,Trent Boult,runs,2,Mumbai Indians,Kolkata Knight Riders,Mohammed Siraj,Rohit Sharma,1,0,1,0,2,2
IPL2025_044,2025,2018-08-14,Bengaluru,M. Chinnaswamy Stadium,Kolkata Knight Riders,Mumbai Indians,Kolkata Knight Riders,field,Kolkata Knight Riders,57,0,Trent Boult,runs,2,Mumbai Indians,Kolkata Knight Riders,Rishabh Pant,Yashasvi Jaiswal,0,0,0,0,2,3
IPL2025_044,2025,2018-08-14,Bengaluru,M. Chinnaswamy Stadium,Kolkata Knight Riders,Mumbai Indians,Kolkata Knight Riders,field,Kolkata Knight Riders,57,0,Trent Boult,runs,2,Mumbai Indians,Kolkata Knight Riders,MS Dhoni,Ruturaj Gaikwad,4,0,4,0,2,4
IPL2026_045,2026,2018-08-17,Jaipur,Sawai Mansingh Stadium,Punjab Kings,Lucknow Super Giants,Punjab Kings,bat,Lucknow Super Giants,0,0,MS Dhoni,normal,1,Punjab Kings,Lucknow Super Giants,Tilak Varma,Tilak Varma,2,0,2,0,1,1
IPL2026_045,2026,2018-08-17,Jaipur,Sawai Mansingh Stadium,Punjab Kings,Lucknow Super Giants,Punjab Kings,bat,Lucknow Super Giants,0,0,MS Dhoni,normal,1,Punjab Kings,Lucknow Super Giants,MS Dhoni,Trent Boult,2,0,2,0,1,2
IPL2026_045,2026,2018-08-17,Jaipur,Sawai Mansingh Stadium,Punjab Kings,Lucknow Super Giants,Punjab Kings,bat,Lucknow Super Giants,0,0,MS Dhoni,normal,1,Punjab Kings,Lucknow Super Giants,Trent Boult,Yashasvi Jaiswal,2,0,2,0,1,3
IPL2026_045,2026,2018-08-17,Jaipur,Sawai Mansingh Stadium,Punjab Kings,Lucknow Super Giants,Punjab Kings,bat,Lucknow Super Giants,0,0,MS Dhoni,normal,1,Punjab Kings,Lucknow Super Giants,Hardik Pandya,Andre Russell,0,0,0,0,1,4
IPL2026_045,2026,2018-08-17,Jaipur,Sawai Mansingh Stadium,Punjab Kings,Lucknow Super Giants,Punjab Kings,bat,Lucknow Super Giants,0,0,MS Dhoni,normal,1,Punjab Kings,Lucknow Super Giants,Mohammed Siraj,Faf du Plessis,1,0,1,0,1,5
IPL2026_045,2026,2018-08-17,Jaipur,Sawai Mansingh Stadium,Punjab Kings,Lucknow Super Giants,Punjab Kings,bat,Lucknow Super Giants,0,0,MS Dhoni,normal,1,Punjab Kings,Lucknow Super Giants,Nicholas Pooran,Ravindra Jadeja,1,0,1,0,1,6
IPL2026_045,2026,2018-08-17,Jaipur,Sawai Mansingh Stadium,Punjab Kings,Lucknow Super Giants,Punjab Kings,bat,Lucknow Super Giants,0,0,MS Dhoni,normal,1,Punjab Kings,Lucknow Super Giants,Ishan Kishan,Rohit Sharma,0,0,0,0,2,1
IPL2026_045,2026,2018-08-17,Jaipur,Sawai Mansingh Stadium,Punjab Kings,Lucknow Super Giants,Punjab Kings,bat,Lucknow Super Giants,0,0,MS Dhoni,normal,1,Punjab Kings,Lucknow Super Giants,Andre Russell,Prithvi Shaw,0,0,0,0,2,2
IPL2026_045,2026,2018-08-17,Jaipur,Sawai Mansingh Stadium,Punjab Kings,Lucknow Super Giants,Punjab Kings,bat,Lucknow Super Giants,0,0,MS Dhoni,normal,1,Punjab Kings,Lucknow Super Giants,Nicholas Pooran,Mohammed Siraj,1,0,1,0,2,3
IPL2026_045,2026,2018-08-17,Jaipur,Sawai Mansingh Stadium,Punjab Kings,Lucknow Super Giants,Punjab Kings,bat,Lucknow Super Giants,0,0,MS Dhoni,normal,1,Punjab Kings,Lucknow Super Giants,Pat Cummins,Jasprit Bumrah,1,0,1,0,2,4
IPL2026_045,2026,2018-08-17,Jaipur,Sawai Mansingh Stadium,Punjab Kings,Lucknow Super Giants,Punjab Kings,bat,Lucknow Super Giants,0,0,MS Dhoni,normal,2,Lucknow Super Giants,Punjab Kings,KL Rahul,Trent Boult,6,0,6,0,1,1
IPL2026_045,2026,2018-08-17,Jaipur,Sawai Mansingh Stadium,Punjab Kings,Lucknow Super Giants,Punjab Kings,bat,Lucknow Super Giants,0,0,MS Dhoni,normal,2,Lucknow Super Giants,Punjab Kings,Sunil Narine,Yashasvi Jaiswal,0,0,0,0,1,2
IPL2026_045,2026,2018-08-17,Jaipur,Sawai Mansingh Stadium,Punjab Kings,Lucknow Super Giants,Punjab Kings,bat,Lucknow Super Giants,0,0,MS Dhoni,normal,2,Lucknow Super Giants,Punjab Kings,Jos Buttler,Rohit Sharma,1,1,2,0,1,3
IPL2026_045,2026,2018-08-17,Jaipur,Sawai Mansingh Stadium,Punjab Kings,Lucknow Super Giants,Punjab Kings,bat,Lucknow Super Giants,0,0,MS Dhoni,normal,2,Lucknow Super Giants,Punjab Kings,Andre Russell,Shubman Gill,0,0,0,0,1,4
IPL2026_045,2026,2018-08-17,Jaipur,Sawai Mansingh Stadium,Punjab Kings,Lucknow Super Giants,Punjab Kings,bat,Lucknow Super Giants,0,0,MS Dhoni,normal,2,Lucknow Super Giants,Punjab Kings,Nicholas Pooran,Ishan Kishan,0,0,0,1,1,5
IPL2026_045,2026,2018-08-17,Jaipur,Sawai Mansingh Stadium,Punjab Kings,Lucknow Super Giants,Punjab Kings,bat,Lucknow Super Giants,0,0,MS Dhoni,normal,2,Lucknow Super Giants,Punjab Kings,Glenn Maxwell,KL Rahul,0,0,0,0,1,6
IPL2026_045,2026,2018-08-17,Jaipur,Sawai Mansingh Stadium,Punjab Kings,Lucknow Super Giants,Punjab Kings,bat,Lucknow Super Giants,0,0,MS Dhoni,normal,2,Lucknow Super Giants,Punjab Kings,Shikhar Dhawan,MS Dhoni,1,0,1,1,2,1
IPL2026_045,2026,2018-08-17,Jaipur,Sawai Mansingh Stadium,Punjab Kings,Lucknow Super Giants,Punjab Kings,bat,Lucknow Super Giants,0,0,MS Dhoni,normal,2,Lucknow Super Giants,Punjab Kings,Yashasvi Jaiswal,Pat Cummins,0,0,0,0,2,2
IPL2026_045,2026,2018-08-17,Jaipur,Sawai Mansingh Stadium,Punjab Kings,Lucknow Super Giants,Punjab Kings,bat,Lucknow Super Giants,0,0,MS Dhoni,normal,2,Lucknow Super Giants,Punjab Kings,Sanju Samson,Rohit Sharma,4,0,4,0,2,3
IPL2026_045,2026,2018-08-17,Jaipur,Sawai Mansingh Stadium,Punjab Kings,Lucknow Super Giants,Punjab Kings,bat,Lucknow Super Giants,0,0,MS Dhoni,normal,2,Lucknow Super Giants,Punjab Kings,Rashid Khan,Shikhar Dhawan,3,0,3,0,2,4
IPL2018_046,2018,2018-08-20,Jaipur,Sawai Mansingh Stadium,Punjab Kings,Lucknow Super Giants,Punjab Kings,field,Lucknow Super Giants,0,6,Hardik Pandya,wickets,1,Punjab Kings,Lucknow Super Giants,Bhuvneshwar Kumar,KL Rahul,0,0,0,0,1,1
IPL2018_046,2018,2018-08-20,Jaipur,Sawai Mansingh Stadium,Punjab Kings,Lucknow Super Giants,Punjab Kings,field,Lucknow Super Giants,0,6,Hardik Pandya,wickets,1,Punjab Kings,Lucknow Super Giants,Shreyas Iyer,Trent Boult,4,0,4,0,1,2
IPL2018_046,2018,2018-08-20,Jaipur,Sawai Mansingh Stadium,Punjab Kings,Lucknow Super Giants,Punjab Kings,field,Lucknow Super Giants,0,6,Hardik Pandya,wickets,1,Punjab Kings,Lucknow Super Giants,Rohit Sharma,Nicholas Pooran,0,0,0,0,1,3
IPL2018_046,2018,2018-08-20,Jaipur,Sawai Mansingh Stadium,Punjab Kings,Lucknow Super Giants,Punjab Kings,field,Lucknow Super Giants,0,6,Hardik Pandya,wickets,1,Punjab Kings,Lucknow Super Giants,Pat Cummins,Pat Cummins,6,0,6,0,1,4
IPL2018_046,2018,2018-08-20,Jaipur,Sawai Mansingh Stadium,Punjab Kings,Lucknow Super Giants,Punjab Kings,field,Lucknow Super Giants,0,6,Hardik Pandya,wickets,1,Punjab Kings,Lucknow Super Giants,KL Rahul,MS Dhoni,2,0,2,0,1,5
IPL2018_046,2018,2018-08-20,Jaipur,Sawai Mansingh Stadium,Punjab Kings,Lucknow Super Giants,Punjab Kings,field,Lucknow Super Giants,0,6,Hardik Pandya,wickets,1,Punjab Kings,Lucknow Super Giants,KL Rahul,Shubman Gill,2,0,2,0,1,6
IPL2018_046,2018,2018-08-20,Jaipur,Sawai Mansingh Stadium,Punjab Kings,Lucknow Super Giants,Punjab Kings,field,Lucknow Super Giants,0,6,Hardik Pandya,wickets,1,Punjab Kings,Lucknow Super Giants,Faf du Plessis,Shreyas Iyer,2,0,2,0,2,1
IPL2018_046,2018,2018-08-20,Jaipur,Sawai Mansingh Stadium,Punjab Kings,Lucknow Super Giants,Punjab Kings,field,Lucknow Super Giants,0,6,Hardik Pandya,wickets,1,Punjab Kings,Lucknow Super Giants,Hardik Pandya,Ruturaj Gaikwad,0,0,0,0,2,2
IPL2018_046,2018,2018-08-20,Jaipur,Sawai Mansingh Stadium,Punjab Kings,Lucknow Super Giants,Punjab Kings,field,Lucknow Super Giants,0,6,Hardik Pandya,wickets,1,Punjab Kings,Lucknow Super Giants,Suryakumar Yadav,Ravindra Jadeja,1,0,1,0,2,3
IPL2018_046,2018,2018-08-20,Jaipur,Sawai Mansingh Stadium,Punjab Kings,Lucknow Super Giants,Punjab Kings,field,Lucknow Super Giants,0,6,Hardik Pandya,wickets,1,Punjab Kings,Lucknow Super Giants,Tilak Varma,Shreyas Iyer,2,0,2,0,2,4
IPL2018_046,2018,2018-08-20,Jaipur,Sawai Mansingh Stadium,Punjab Kings,Lucknow Super Giants,Punjab Kings,field,Lucknow Super Giants,0,6,Hardik Pandya,wickets,2,Lucknow Super Giants,Punjab Kings,Prithvi Shaw,Trent Boult,1,0,1,0,1,1
IPL2018_046,2018,2018-08-20,Jaipur,Sawai Mansingh Stadium,Punjab Kings,Lucknow Super Giants,Punjab Kings,field,Lucknow Super Giants,0,6,Hardik Pandya,wickets,2,Lucknow Super Giants,Punjab Kings,Tilak Varma,Jos Buttler,0,0,0,0,1,2
IPL2018_046,2018,2018-08-20,Jaipur,Sawai Mansingh Stadium,Punjab Kings,Lucknow Super Giants,Punjab Kings,field,Lucknow Super Giants,0,6,Hardik Pandya,wickets,2,Lucknow Super Giants,Punjab Kings,KL Rahul,MS Dhoni,4,0,4,0,1,3
IPL2018_046,2018,2018-08-20,Jaipur,Sawai Mansingh Stadium,Punjab Kings,Lucknow Super Giants,Punjab Kings,field,Lucknow Super Giants,0,6,Hardik Pandya,wickets,2,Lucknow Super Giants,Punjab Kings,Mohammed Siraj,Shreyas Iyer,0,0,0,0,1,4
IPL2018_046,2018,2018-08-20,Jaipur,Sawai Mansingh Stadium,Punjab Kings,Lucknow Super Giants,Punjab Kings,field,Lucknow Super Giants,0,6,Hardik Pandya,wickets,2,Lucknow Super Giants,Punjab Kings,Jos Buttler,Prithvi Shaw,2,0,2,0,1,5
IPL2018_046,2018,2018-08-20,Jaipur,Sawai Mansingh Stadium,Punjab Kings,Lucknow Super Giants,Punjab Kings,field,Lucknow Super Giants,0,6,Hardik Pandya,wickets,2,Lucknow Super Giants,Punjab Kings,Rishabh Pant,Ruturaj Gaikwad,6,0,6,0,1,6
IPL2018_046,2018,2018-08-20,Jaipur,Sawai Mansingh Stadium,Punjab Kings,Lucknow Super Giants,Punjab Kings,field,Lucknow Super Giants,0,6,Hardik Pandya,wickets,2,Lucknow Super Giants,Punjab Kings,Pat Cummins,Shikhar Dhawan,2,0,2,0,2,1
IPL2018_046,2018,2018-08-20,Jaipur,Sawai Mansingh Stadium,Punjab Kings,Lucknow Super Giants,Punjab Kings,field,Lucknow Super Giants,0,6,Hardik Pandya,wickets,2,Lucknow Super Giants,Punjab Kings,Shreyas Iyer,Hardik Pandya,1,0,1,0,2,2
IPL2018_046,2018,2018-08-20,Jaipur,Sawai Mansingh Stadium,Punjab Kings,Lucknow Super Giants,Punjab Kings,field,Lucknow Super Giants,0,6,Hardik Pandya,wickets,2,Lucknow Super Giants,Punjab Kings,Jos Buttler,Trent Boult,1,0,1,0,2,3
IPL2018_046,2018,2018-08-20,Jaipur,Sawai Mansingh Stadium,Punjab Kings,Lucknow Super Giants,Punjab Kings,field,Lucknow Super Giants,0,6,Hardik Pandya,wickets,2,Lucknow Super Giants,Punjab Kings,Shikhar Dhawan,MS Dhoni,0,2,2,0,2,4
IPL2019_047,2019,2018-08-23,Dubai,Dubai International Cricket Stadium,Rajasthan Royals,Gujarat Titans,Gujarat Titans,field,Rajasthan Royals,0,0,Shikhar Dhawan,normal,1,Rajasthan Royals,Gujarat Titans,Shreyas Iyer,Prithvi Shaw,1,0,1,0,1,1
IPL2019_047,2019,2018-08-23,Dubai,Dubai International Cricket Stadium,Rajasthan Royals,Gujarat Titans,Gujarat Titans,field,Rajasthan Royals,0,0,Shikhar Dhawan,normal,1,Rajasthan Royals,Gujarat Titans,Yashasvi Jaiswal,MS Dhoni,2,0,2,0,1,2
IPL2019_047,2019,2018-08-23,Dubai,Dubai International Cricket Stadium,Rajasthan Royals,Gujarat Titans,Gujarat Titans,field,Rajasthan Royals,0,0,Shikhar Dhawan,normal,1,Rajasthan Royals,Gujarat Titans,Pat Cummins,Shreyas Iyer,6,0,6,0,1,3
IPL2019_047,2019,2018-08-23,Dubai,Dubai International Cricket Stadium,Rajasthan Royals,Gujarat Titans,Gujarat Titans,field,Rajasthan Royals,0,0,Shikhar Dhawan,normal,1,Rajasthan Royals,Gujarat Titans,David Warner,Yashasvi Jaiswal,1,0,1,0,1,4
IPL2019_047,2019,2018-08-23,Dubai,Dubai International Cricket Stadium,Rajasthan Royals,Gujarat Titans,Gujarat Titans,field,Rajasthan Royals,0,0,Shikhar Dhawan,normal,1,Rajasthan Royals,Gujarat Titans,Rishabh Pant,Virat Kohli,0,0,0,1,1,5
IPL2019_047,2019,2018-08-23,Dubai,Dubai International Cricket Stadium,Rajasthan Royals,Gujarat Titans,Gujarat Titans,field,Rajasthan Royals,0,0,Shikhar Dhawan,normal,1,Rajasthan Royals,Gujarat Titans,Rishabh Pant,Ruturaj Gaikwad,4,0,4,0,1,6
IPL2019_047,2019,2018-08-23,Dubai,Dubai International Cricket Stadium,Rajasthan Royals,Gujarat Titans,Gujarat Titans,field,Rajasthan Royals,0,0,Shikhar Dhawan,normal,1,Rajasthan Royals,Gujarat Titans,Sanju Samson,Jasprit Bumrah,2,0,2,0,2,1
IPL2019_047,2019,2018-08-23,Dubai,Dubai International Cricket Stadium,Rajasthan Royals,Gujarat Titans,Gujarat Titans,field,Rajasthan Royals,0,0,Shikhar Dhawan,normal,1,Rajasthan Royals,Gujarat Titans,KL Rahul,Bhuvneshwar Kumar,6,0,6,0,2,2
IPL2019_047,2019,2018-08-23,Dubai,Dubai International Cricket Stadium,Rajasthan Royals,Gujarat Titans,Gujarat Titans,field,Rajasthan Royals,0,0,Shikhar Dhawan,normal,1,Rajasthan Royals,Gujarat Titans,Sunil Narine,Jasprit Bumrah,2,0,2,0,2,3
IPL2019_047,2019,2018-08-23,Dubai,Dubai International Cricket Stadium,Rajasthan Royals,Gujarat Titans,Gujarat Titans,field,Rajasthan Royals,0,0,Shikhar Dhawan,normal,1,Rajasthan Royals,Gujarat Titans,Rashid Khan,Jos Buttler,1,0,1,0,2,4
IPL2019_047,2019,2018-08-23,Dubai,Dubai International Cricket Stadium,Rajasthan Royals,Gujarat Titans,Gujarat Titans,field,Rajasthan Royals,0,0,Shikhar Dhawan,normal,2,Gujarat Titans,Rajasthan Royals,Jos Buttler,MS Dhoni,2,0,2,0,1,1
IPL2019_047,2019,2018-08-23,Dubai,Dubai International Cricket Stadium,Rajasthan Royals,Gujarat Titans,Gujarat Titans,field,Rajasthan Royals,0,0,Shikhar Dhawan,normal,2,Gujarat Titans,Rajasthan Royals,Ruturaj Gaikwad,Tilak Varma,4,0,4,0,1,2
IPL2019_047,2019,2018-08-23,Dubai,Dubai International Cricket Stadium,Rajasthan Royals,Gujarat Titans,Gujarat Titans,field,Rajasthan Royals,0,0,Shikhar Dhawan,normal,2,Gujarat Titans,Rajasthan Royals,Nicholas Pooran,Shubman Gill,1,0,1,1,1,3
IPL2019_047,2019,2018-08-23,Dubai,Dubai International Cricket Stadium,Rajasthan Royals,Gujarat Titans,Gujarat Titans,field,Rajasthan Royals,0,0,Shikhar Dhawan,normal,2,Gujarat Titans,Rajasthan Royals,Yashasvi Jaiswal,Bhuvneshwar Kumar,3,0,3,0,1,4
IPL2019_047,2019,2018-08-23,Dubai,Dubai International Cricket Stadium,Rajasthan Royals,Gujarat Titans,Gujarat Titans,field,Rajasthan Royals,0,0,Shikhar Dhawan,normal,2,Gujarat Titans,Rajasthan Royals,Faf du Plessis,Glenn Maxwell,3,0,3,0,1,5
IPL2019_047,2019,2018-08-23,Dubai,Dubai International Cricket Stadium,Rajasthan Royals,Gujarat Titans,Gujarat Titans,field,Rajasthan Royals,0,0,Shikhar Dhawan,normal,2,Gujarat Titans,Rajasthan Royals,Ravindra Jadeja,Ishan Kishan,1,0,1,1,1,6
IPL2019_047,2019,2018-08-23,Dubai,Dubai International Cricket Stadium,Rajasthan Royals,Gujarat Titans,Gujarat Titans,field,Rajasthan Royals,0,0,Shikhar Dhawan,normal,2,Gujarat Titans,Rajasthan Royals,Yashasvi Jaiswal,Rohit Sharma,4,0,4,0,2,1
IPL2019_047,2019,2018-08-23,Dubai,Dubai International Cricket Stadium,Rajasthan Royals,Gujarat Titans,Gujarat Titans,field,Rajasthan Royals,0,0,Shikhar Dhawan,normal,2,Gujarat Titans,Rajasthan Royals,Shreyas Iyer,KL Rahul,6,0,6,0,2,2
IPL2019_047,2019,2018-08-23,Dubai,Dubai International Cricket Stadium,Rajasthan Royals,Gujarat Titans,Gujarat Titans,field,Rajasthan Royals,0,0,Shikhar Dhawan,normal,2,Gujarat Titans,Rajasthan Royals,Ishan Kishan,Bhuvneshwar Kumar,1,0,1,0,2,3
IPL2019_047,2019,2018-08-23,Dubai,Dubai International Cricket Stadium,Rajasthan Royals,Gujarat Titans,Gujarat Titans,field,Rajasthan Royals,0,0,Shikhar Dhawan,normal,2,Gujarat Titans,Rajasthan Royals,Trent Boult,Jos Buttler,0,0,0,0,2,4
IPL2020_048,2020,2018-08-26,Abu Dhabi,Sheikh Zayed Stadium,Lucknow Super Giants,Delhi Capitals,Lucknow Super Giants,bat,Lucknow Super Giants,0,0,Bhuvneshwar Kumar,normal,1,Lucknow Super Giants,Delhi Capitals,Nicholas Pooran,Ishan Kishan,0,0,0,0,1,1
IPL2020_048,2020,2018-08-26,Abu Dhabi,Sheikh Zayed Stadium,Lucknow Super Giants,Delhi Capitals,Lucknow Super Giants,bat,Lucknow Super Giants,0,0,Bhuvneshwar Kumar,normal,1,Lucknow Super Giants,Delhi Capitals,Sanju Samson,Ravindra Jadeja,1,0,1,0,1,2
IPL2020_048,2020,2018-08-26,Abu Dhabi,Sheikh Zayed Stadium,Lucknow Super Giants,Delhi Capitals,Lucknow Super Giants,bat,Lucknow Super Giants,0,0,Bhuvneshwar Kumar,normal,1,Lucknow Super Giants,Delhi Capitals,Andre Russell,Rohit Sharma,4,0,4,0,1,3
IPL2020_048,2020,2018-08-26,Abu Dhabi,Sheikh Zayed Stadium,Lucknow Super Giants,Delhi Capitals,Lucknow Super Giants,bat,Lucknow Super Giants,0,0,Bhuvneshwar Kumar,normal,1,Lucknow Super Giants,Delhi Capitals,David Warner,Rishabh Pant,6,0,6,0,1,4
IPL2020_048,2020,2018-08-26,Abu Dhabi,Sheikh Zayed Stadium,Lucknow Super Giants,Delhi Capitals,Lucknow Super Giants,bat,Lucknow Super Giants,0,0,Bhuvneshwar Kumar,normal,1,Lucknow Super Giants,Delhi Capitals,Shreyas Iyer,Ravindra Jadeja,2,0,2,0,1,5
IPL2020_048,2020,2018-08-26,Abu Dhabi,Sheikh Zayed Stadium,Lucknow Super Giants,Delhi Capitals,Lucknow Super Giants,bat,Lucknow Super Giants,0,0,Bhuvneshwar Kumar,normal,1,Lucknow Super Giants,Delhi Capitals,Rashid Khan,Andre Russell,0,0,0,0,1,6
IPL2020_048,2020,2018-08-26,Abu Dhabi,Sheikh Zayed Stadium,Lucknow Super Giants,Delhi Capitals,Lucknow Super Giants,bat,Lucknow Super Giants,0,0,Bhuvneshwar Kumar,normal,1,Lucknow Super Giants,Delhi Capitals,Trent Boult,Ruturaj Gaikwad,1,0,1,0,2,1
IPL2020_048,2020,2018-08-26,Abu Dhabi,Sheikh Zayed Stadium,Lucknow Super Giants,Delhi Capitals,Lucknow Super Giants,bat,Lucknow Super Giants,0,0,Bhuvneshwar Kumar,normal,1,Lucknow Super Giants,Delhi Capitals,Bhuvneshwar Kumar,Ravindra Jadeja,1,0,1,0,2,2
IPL2020_048,2020,2018-08-26,Abu Dhabi,Sheikh Zayed Stadium,Lucknow Super Giants,Delhi Capitals,Lucknow Super Giants,bat,Lucknow Super Giants,0,0,Bhuvneshwar Kumar,normal,1,Lucknow Super Giants,Delhi Capitals,Nicholas Pooran,Andre Russell,0,0,0,0,2,3
IPL2020_048,2020,2018-08-26,Abu Dhabi,Sheikh Zayed Stadium,Lucknow Super Giants,Delhi Capitals,Lucknow Super Giants,bat,Lucknow Super Giants,0,0,Bhuvneshwar Kumar,normal,1,Lucknow Super Giants,Delhi Capitals,Rashid Khan,Faf du Plessis,4,0,4,0,2,4
IPL2020_048,2020,2018-08-26,Abu Dhabi,Sheikh Zayed Stadium,Lucknow Super Giants,Delhi Capitals,Lucknow Super Giants,bat,Lucknow Super Giants,0,0,Bhuvneshwar Kumar,normal,2,Delhi Capitals,Lucknow Super Giants,Rashid Khan,Ruturaj Gaikwad,4,0,4,0,1,1
IPL2020_048,2020,2018-08-26,Abu Dhabi,Sheikh Zayed Stadium,Lucknow Super Giants,Delhi Capitals,Lucknow Super Giants,bat,Lucknow Super Giants,0,0,Bhuvneshwar Kumar,normal,2,Delhi Capitals,Lucknow Super Giants,Nicholas Pooran,Nicholas Pooran,0,0,0,0,1,2
IPL2020_048,2020,2018-08-26,Abu Dhabi,Sheikh Zayed Stadium,Lucknow Super Giants,Delhi Capitals,Lucknow Super Giants,bat,Lucknow Super Giants,0,0,Bhuvneshwar Kumar,normal,2,Delhi Capitals,Lucknow Super Giants,Sunil Narine,Ishan Kishan,1,0,1,0,1,3
IPL2020_048,2020,2018-08-26,Abu Dhabi,Sheikh Zayed Stadium,Lucknow Super Giants,Delhi Capitals,Lucknow Super Giants,bat,Lucknow Super Giants,0,0,Bhuvneshwar Kumar,normal,2,Delhi Capitals,Lucknow Super Giants,Glenn Maxwell,Jasprit Bumrah,1,0,1,0,1,4
IPL2020_048,2020,2018-08-26,Abu Dhabi,Sheikh Zayed Stadium,Lucknow Super Giants,Delhi Capitals,Lucknow Super Giants,bat,Lucknow Super Giants,0,0,Bhuvneshwar Kumar,normal,2,Delhi Capitals,Lucknow Super Giants,Rishabh Pant,Shreyas Iyer,1,0,1,0,1,5
IPL2020_048,2020,2018-08-26,Abu Dhabi,Sheikh Zayed Stadium,Lucknow Super Giants,Delhi Capitals,Lucknow Super Giants,bat,Lucknow Super Giants,0,0,Bhuvneshwar Kumar,normal,2,Delhi Capitals,Lucknow Super Giants,Mohammed Siraj,Andre Russell,0,0,0,0,1,6
IPL2020_048,2020,2018-08-26,Abu Dhabi,Sheikh Zayed Stadium,Lucknow Super Giants,Delhi Capitals,Lucknow Super Giants,bat,Lucknow Super Giants,0,0,Bhuvneshwar Kumar,normal,2,Delhi Capitals,Lucknow Super Giants,Andre Russell,Bhuvneshwar Kumar,1,0,1,0,2,1
IPL2020_048,2020,2018-08-26,Abu Dhabi,Sheikh Zayed Stadium,Lucknow Super Giants,Delhi Capitals,Lucknow Super Giants,bat,Lucknow Super Giants,0,0,Bhuvneshwar Kumar,normal,2,Delhi Capitals,Lucknow Super Giants,Ruturaj Gaikwad,Bhuvneshwar Kumar,1,0,1,0,2,2
IPL2020_048,2020,2018-08-26,Abu Dhabi,Sheikh Zayed Stadium,Lucknow Super Giants,Delhi Capitals,Lucknow Super Giants,bat,Lucknow Super Giants,0,0,Bhuvneshwar Kumar,normal,2,Delhi Capitals,Lucknow Super Giants,Hardik Pandya,Yashasvi Jaiswal,4,0,4,0,2,3
IPL2020_048,2020,2018-08-26,Abu Dhabi,Sheikh Zayed Stadium,Lucknow Super Giants,Delhi Capitals,Lucknow Super Giants,bat,Lucknow Super Giants,0,0,Bhuvneshwar Kumar,normal,2,Delhi Capitals,Lucknow Super Giants,Yashasvi Jaiswal,David Warner,1,0,1,0,2,4
IPL2021_049,2021,2018-08-29,Dubai,Dubai International Cricket Stadium,Royal Challengers Bengaluru,Kolkata Knight Riders,Royal Challengers Bengaluru,field,Royal Challengers Bengaluru,0,6,Sunil Narine,wickets,1,Royal Challengers Bengaluru,Kolkata Knight Riders,Faf du Plessis,Prithvi Shaw,0,1,1,0,1,1
IPL2021_049,2021,2018-08-29,Dubai,Dubai International Cricket Stadium,Royal Challengers Bengaluru,Kolkata Knight Riders,Royal Challengers Bengaluru,field,Royal Challengers Bengaluru,0,6,Sunil Narine,wickets,1,Royal Challengers Bengaluru,Kolkata Knight Riders,Shubman Gill,Shikhar Dhawan,0,0,0,0,1,2
IPL2021_049,2021,2018-08-29,Dubai,Dubai International Cricket Stadium,Royal Challengers Bengaluru,Kolkata Knight Riders,Royal Challengers Bengaluru,field,Royal Challengers Bengaluru,0,6,Sunil Narine,wickets,1,Royal Challengers Bengaluru,Kolkata Knight Riders,Tilak Varma,Yashasvi Jaiswal,0,0,0,0,1,3
IPL2021_049,2021,2018-08-29,Dubai,Dubai International Cricket Stadium,Royal Challengers Bengaluru,Kolkata Knight Riders,Royal Challengers Bengaluru,field,Royal Challengers Bengaluru,0,6,Sunil Narine,wickets,1,Royal Challengers Bengaluru,Kolkata Knight Riders,Tilak Varma,Shubman Gill,0,0,0,0,1,4
IPL2021_049,2021,2018-08-29,Dubai,Dubai International Cricket Stadium,Royal Challengers Bengaluru,Kolkata Knight Riders,Royal Challengers Bengaluru,field,Royal Challengers Bengaluru,0,6,Sunil Narine,wickets,1,Royal Challengers Bengaluru,Kolkata Knight Riders,Ruturaj Gaikwad,MS Dhoni,4,0,4,0,1,5
IPL2021_049,2021,2018-08-29,Dubai,Dubai International Cricket Stadium,Royal Challengers Bengaluru,Kolkata Knight Riders,Royal Challengers Bengaluru,field,Royal Challengers Bengaluru,0,6,Sunil Narine,wickets,1,Royal Challengers Bengaluru,Kolkata Knight Riders,Bhuvneshwar Kumar,Sanju Samson,1,0,1,0,1,6
IPL2021_049,2021,2018-08-29,Dubai,Dubai International Cricket Stadium,Royal Challengers Bengaluru,Kolkata Knight Riders,Royal Challengers Bengaluru,field,Royal Challengers Bengaluru,0,6,Sunil Narine,wickets,1,Royal Challengers Bengaluru,Kolkata Knight Riders,Suryakumar Yadav,Andre Russell,0,0,0,0,2,1
IPL2021_049,2021,2018-08-29,Dubai,Dubai International Cricket Stadium,Royal Challengers Bengaluru,Kolkata Knight Riders,Royal Challengers Bengaluru,field,Royal Challengers Bengaluru,0,6,Sunil Narine,wickets,1,Royal Challengers Bengaluru,Kolkata Knight Riders,Ishan Kishan,Yashasvi Jaiswal,3,2,5,0,2,2
IPL2021_049,2021,2018-08-29,Dubai,Dubai International Cricket Stadium,Royal Challengers Bengaluru,Kolkata Knight Riders,Royal Challengers Bengaluru,field,Royal Challengers Bengaluru,0,6,Sunil Narine,wickets,1,Royal Challengers Bengaluru,Kolkata Knight Riders,Jos Buttler,Glenn Maxwell,1,0,1,0,2,3
IPL2021_049,2021,2018-08-29,Dubai,Dubai International Cricket Stadium,Royal Challengers Bengaluru,Kolkata Knight Riders,Royal Challengers Bengaluru,field,Royal Challengers Bengaluru,0,6,Sunil Narine,wickets,1,Royal Challengers Bengaluru,Kolkata Knight Riders,David Warner,MS Dhoni,0,0,0,0,2,4
IPL2021_049,2021,2018-08-29,Dubai,Dubai International Cricket Stadium,Royal Challengers Bengaluru,Kolkata Knight Riders,Royal Challengers Bengaluru,field,Royal Challengers Bengaluru,0,6,Sunil Narine,wickets,2,Kolkata Knight Riders,Royal Challengers Bengaluru,Prithvi Shaw,Rashid Khan,0,0,0,0,1,1
IPL2021_049,2021,2018-08-29,Dubai,Dubai International Cricket Stadium,Royal Challengers Bengaluru,Kolkata Knight Riders,Royal Challengers Bengaluru,field,Royal Challengers Bengaluru,0,6,Sunil Narine,wickets,2,Kolkata Knight Riders,Royal Challengers Bengaluru,Glenn Maxwell,Andre Russell,6,0,6,0,1,2
IPL2021_049,2021,2018-08-29,Dubai,Dubai International Cricket Stadium,Royal Challengers Bengaluru,Kolkata Knight Riders,Royal Challengers Bengaluru,field,Royal Challengers Bengaluru,0,6,Sunil Narine,wickets,2,Kolkata Knight Riders,Royal Challengers Bengaluru,Ishan Kishan,Rishabh Pant,2,0,2,0,1,3
IPL2021_049,2021,2018-08-29,Dubai,Dubai International Cricket Stadium,Royal Challengers Bengaluru,Kolkata Knight Riders,Royal Challengers Bengaluru,field,Royal Challengers Bengaluru,0,6,Sunil Narine,wickets,2,Kolkata Knight Riders,Royal Challengers Bengaluru,Prithvi Shaw,Virat Kohli,2,0,2,0,1,4
IPL2021_049,2021,2018-08-29,Dubai,Dubai International Cricket Stadium,Royal Challengers Bengaluru,Kolkata Knight Riders,Royal Challengers Bengaluru,field,Royal Challengers Bengaluru,0,6,Sunil Narine,wickets,2,Kolkata Knight Riders,Royal Challengers Bengaluru,David Warner,Rohit Sharma,1,0,1,0,1,5
IPL2021_049,2021,2018-08-29,Dubai,Dubai International Cricket Stadium,Royal Challengers Bengaluru,Kolkata Knight Riders,Royal Challengers Bengaluru,field,Royal Challengers Bengaluru,0,6,Sunil Narine,wickets,2,Kolkata Knight Riders,Royal Challengers Bengaluru,Hardik Pandya,Yashasvi Jaiswal,4,0,4,0,1,6
IPL2021_049,2021,2018-08-29,Dubai,Dubai International Cricket Stadium,Royal Challengers Bengaluru,Kolkata Knight Riders,Royal Challengers Bengaluru,field,Royal Challengers Bengaluru,0,6,Sunil Narine,wickets,2,Kolkata Knight Riders,Royal Challengers Bengaluru,Rishabh Pant,Rashid Khan,1,1,2,0,2,1
IPL2021_049,2021,2018-08-29,Dubai,Dubai International Cricket Stadium,Royal Challengers Bengaluru,Kolkata Knight Riders,Royal Challengers Bengaluru,field,Royal Challengers Bengaluru,0,6,Sunil Narine,wickets,2,Kolkata Knight Riders,Royal Challengers Bengaluru,Hardik Pandya,MS Dhoni,2,0,2,0,2,2
IPL2021_049,2021,2018-08-29,Dubai,Dubai International Cricket Stadium,Royal Challengers Bengaluru,Kolkata Knight Riders,Royal Challengers Bengaluru,field,Royal Challengers Bengaluru,0,6,Sunil Narine,wickets,2,Kolkata Knight Riders,Royal Challengers Bengaluru,Rishabh Pant,Rashid Khan,3,0,3,0,2,3
IPL2021_049,2021,2018-08-29,Dubai,Dubai International Cricket Stadium,Royal Challengers Bengaluru,Kolkata Knight Riders,Royal Challengers Bengaluru,field,Royal Challengers Bengaluru,0,6,Sunil Narine,wickets,2,Kolkata Knight Riders,Royal Challengers Bengaluru,Virat Kohli,KL Rahul,1,1,2,0,2,4
IPL2022_050,2022,2018-09-01,Jaipur,Sawai Mansingh Stadium,Mumbai Indians,Sunrisers Hyderabad,Mumbai Indians,bat,Mumbai Indians,0,1,Prithvi Shaw,wickets,1,Mumbai Indians,Sunrisers Hyderabad,Shikhar Dhawan,Glenn Maxwell,2,0,2,0,1,1
IPL2022_050,2022,2018-09-01,Jaipur,Sawai Mansingh Stadium,Mumbai Indians,Sunrisers Hyderabad,Mumbai Indians,bat,Mumbai Indians,0,1,Prithvi Shaw,wickets,1,Mumbai Indians,Sunrisers Hyderabad,Jos Buttler,Bhuvneshwar Kumar,1,0,1,0,1,2
IPL2022_050,2022,2018-09-01,Jaipur,Sawai Mansingh Stadium,Mumbai Indians,Sunrisers Hyderabad,Mumbai Indians,bat,Mumbai Indians,0,1,Prithvi Shaw,wickets,1,Mumbai Indians,Sunrisers Hyderabad,Shikhar Dhawan,Sunil Narine,3,0,3,0,1,3
IPL2022_050,2022,2018-09-01,Jaipur,Sawai Mansingh Stadium,Mumbai Indians,Sunrisers Hyderabad,Mumbai Indians,bat,Mumbai Indians,0,1,Prithvi Shaw,wickets,1,Mumbai Indians,Sunrisers Hyderabad,Andre Russell,Trent Boult,0,0,0,1,1,4
IPL2022_050,2022,2018-09-01,Jaipur,Sawai Mansingh Stadium,Mumbai Indians,Sunrisers Hyderabad,Mumbai Indians,bat,Mumbai Indians,0,1,Prithvi Shaw,wickets,1,Mumbai Indians,Sunrisers Hyderabad,Virat Kohli,Ishan Kishan,2,1,3,0,1,5
IPL2022_050,2022,2018-09-01,Jaipur,Sawai Mansingh Stadium,Mumbai Indians,Sunrisers Hyderabad,Mumbai Indians,bat,Mumbai Indians,0,1,Prithvi Shaw,wickets,1,Mumbai Indians,Sunrisers Hyderabad,MS Dhoni,Virat Kohli,0,0,0,0,1,6
IPL2022_050,2022,2018-09-01,Jaipur,Sawai Mansingh Stadium,Mumbai Indians,Sunrisers Hyderabad,Mumbai Indians,bat,Mumbai Indians,0,1,Prithvi Shaw,wickets,1,Mumbai Indians,Sunrisers Hyderabad,Suryakumar Yadav,Jasprit Bumrah,1,1,2,0,2,1
IPL2022_050,2022,2018-09-01,Jaipur,Sawai Mansingh Stadium,Mumbai Indians,Sunrisers Hyderabad,Mumbai Indians,bat,Mumbai Indians,0,1,Prithvi Shaw,wickets,1,Mumbai Indians,Sunrisers Hyderabad,Glenn Maxwell,Jos Buttler,1,0,1,0,2,2
IPL2022_050,2022,2018-09-01,Jaipur,Sawai Mansingh Stadium,Mumbai Indians,Sunrisers Hyderabad,Mumbai Indians,bat,Mumbai Indians,0,1,Prithvi Shaw,wickets,1,Mumbai Indians,Sunrisers Hyderabad,Faf du Plessis,Ravindra Jadeja,0,0,0,0,2,3
IPL2022_050,2022,2018-09-01,Jaipur,Sawai Mansingh Stadium,Mumbai Indians,Sunrisers Hyderabad,Mumbai Indians,bat,Mumbai Indians,0,1,Prithvi Shaw,wickets,1,Mumbai Indians,Sunrisers Hyderabad,Trent Boult,Yashasvi Jaiswal,1,0,1,0,2,4
IPL2022_050,2022,2018-09-01,Jaipur,Sawai Mansingh Stadium,Mumbai Indians,Sunrisers Hyderabad,Mumbai Indians,bat,Mumbai Indians,0,1,Prithvi Shaw,wickets,2,Sunrisers Hyderabad,Mumbai Indians,David Warner,Shubman Gill,0,0,0,0,1,1
IPL2022_050,2022,2018-09-01,Jaipur,Sawai Mansingh Stadium,Mumbai Indians,Sunrisers Hyderabad,Mumbai Indians,bat,Mumbai Indians,0,1,Prithvi Shaw,wickets,2,Sunrisers Hyderabad,Mumbai Indians,Bhuvneshwar Kumar,Ruturaj Gaikwad,4,0,4,0,1,2
IPL2022_050,2022,2018-09-01,Jaipur,Sawai Mansingh Stadium,Mumbai Indians,Sunrisers Hyderabad,Mumbai Indians,bat,Mumbai Indians,0,1,Prithvi Shaw,wickets,2,Sunrisers Hyderabad,Mumbai Indians,Rashid Khan,Ruturaj Gaikwad,0,0,0,0,1,3
IPL2022_050,2022,2018-09-01,Jaipur,Sawai Mansingh Stadium,Mumbai Indians,Sunrisers Hyderabad,Mumbai Indians,bat,Mumbai Indians,0,1,Prithvi Shaw,wickets,2,Sunrisers Hyderabad,Mumbai Indians,Shubman Gill,Rohit Sharma,4,0,4,1,1,4
IPL2022_050,2022,2018-09-01,Jaipur,Sawai Mansingh Stadium,Mumbai Indians,Sunrisers Hyderabad,Mumbai Indians,bat,Mumbai Indians,0,1,Prithvi Shaw,wickets,2,Sunrisers Hyderabad,Mumbai Indians,Rashid Khan,David Warner,2,0,2,0,1,5
IPL2022_050,2022,2018-09-01,Jaipur,Sawai Mansingh Stadium,Mumbai Indians,Sunrisers Hyderabad,Mumbai Indians,bat,Mumbai Indians,0,1,Prithvi Shaw,wickets,2,Sunrisers Hyderabad,Mumbai Indians,Pat Cummins,Nicholas Pooran,0,0,0,0,1,6
IPL2022_050,2022,2018-09-01,Jaipur,Sawai Mansingh Stadium,Mumbai Indians,Sunrisers Hyderabad,Mumbai Indians,bat,Mumbai Indians,0,1,Prithvi Shaw,wickets,2,Sunrisers Hyderabad,Mumbai Indians,Trent Boult,Andre Russell,2,0,2,0,2,1
IPL2022_050,2022,2018-09-01,Jaipur,Sawai Mansingh Stadium,Mumbai Indians,Sunrisers Hyderabad,Mumbai Indians,bat,Mumbai Indians,0,1,Prithvi Shaw,wickets,2,Sunrisers Hyderabad,Mumbai Indians,MS Dhoni,Shubman Gill,1,0,1,0,2,2
IPL2022_050,2022,2018-09-01,Jaipur,Sawai Mansingh Stadium,Mumbai Indians,Sunrisers Hyderabad,Mumbai Indians,bat,Mumbai Indians,0,1,Prithvi Shaw,wickets,2,Sunrisers Hyderabad,Mumbai Indians,Glenn Maxwell,Ishan Kishan,0,0,0,0,2,3
IPL2022_050,2022,2018-09-01,Jaipur,Sawai Mansingh Stadium,Mumbai Indians,Sunrisers Hyderabad,Mumbai Indians,bat,Mumbai Indians,0,1,Prithvi Shaw,wickets,2,Sunrisers Hyderabad,Mumbai Indians,Sunil Narine,Trent Boult,1,0,1,0,2,4
IPL2023_051,2023,2018-09-04,Delhi,Arun Jaitley Stadium,Gujarat Titans,Chennai Super Kings,Gujarat Titans,bat,Chennai Super Kings,0,0,Virat Kohli,normal,1,Gujarat Titans,Chennai Super Kings,Rishabh Pant,Rashid Khan,4,0,4,0,1,1
IPL2023_051,2023,2018-09-04,Delhi,Arun Jaitley Stadium,Gujarat Titans,Chennai Super Kings,Gujarat Titans,bat,Chennai Super Kings,0,0,Virat Kohli,normal,1,Gujarat Titans,Chennai Super Kings,Mohammed Siraj,David Warner,2,0,2,0,1,2
IPL2023_051,2023,2018-09-04,Delhi,Arun Jaitley Stadium,Gujarat Titans,Chennai Super Kings,Gujarat Titans,bat,Chennai Super Kings,0,0,Virat Kohli,normal,1,Gujarat Titans,Chennai Super Kings,Sanju Samson,Shreyas Iyer,2,0,2,0,1,3
IPL2023_051,2023,2018-09-04,Delhi,Arun Jaitley Stadium,Gujarat Titans,Chennai Super Kings,Gujarat Titans,bat,Chennai Super Kings,0,0,Virat Kohli,normal,1,Gujarat Titans,Chennai Super Kings,Shreyas Iyer,MS Dhoni,0,0,0,0,1,4
IPL2023_051,2023,2018-09-04,Delhi,Arun Jaitley Stadium,Gujarat Titans,Chennai Super Kings,Gujarat Titans,bat,Chennai Super Kings,0,0,Virat Kohli,normal,1,Gujarat Titans,Chennai Super Kings,Yashasvi Jaiswal,Rishabh Pant,0,0,0,0,1,5
IPL2023_051,2023,2018-09-04,Delhi,Arun Jaitley Stadium,Gujarat Titans,Chennai Super Kings,Gujarat Titans,bat,Chennai Super Kings,0,0,Virat Kohli,normal,1,Gujarat Titans,Chennai Super Kings,MS Dhoni,Yashasvi Jaiswal,6,0,6,0,1,6
IPL2023_051,2023,2018-09-04,Delhi,Arun Jaitley Stadium,Gujarat Titans,Chennai Super Kings,Gujarat Titans,bat,Chennai Super Kings,0,0,Virat Kohli,normal,1,Gujarat Titans,Chennai Super Kings,Faf du Plessis,Yashasvi Jaiswal,2,0,2,0,2,1
IPL2023_051,2023,2018-09-04,Delhi,Arun Jaitley Stadium,Gujarat Titans,Chennai Super Kings,Gujarat Titans,bat,Chennai Super Kings,0,0,Virat Kohli,normal,1,Gujarat Titans,Chennai Super Kings,Nicholas Pooran,Yashasvi Jaiswal,1,0,1,0,2,2
IPL2023_051,2023,2018-09-04,Delhi,Arun Jaitley Stadium,Gujarat Titans,Chennai Super Kings,Gujarat Titans,bat,Chennai Super Kings,0,0,Virat Kohli,normal,1,Gujarat Titans,Chennai Super Kings,Faf du Plessis,Virat Kohli,0,0,0,0,2,3
IPL2023_051,2023,2018-09-04,Delhi,Arun Jaitley Stadium,Gujarat Titans,Chennai Super Kings,Gujarat Titans,bat,Chennai Super Kings,0,0,Virat Kohli,normal,1,Gujarat Titans,Chennai Super Kings,Hardik Pandya,Tilak Varma,0,0,0,0,2,4
IPL2023_051,2023,2018-09-04,Delhi,Arun Jaitley Stadium,Gujarat Titans,Chennai Super Kings,Gujarat Titans,bat,Chennai Super Kings,0,0,Virat Kohli,normal,2,Chennai Super Kings,Gujarat Titans,Sunil Narine,Rohit Sharma,2,0,2,0,1,1
IPL2023_051,2023,2018-09-04,Delhi,Arun Jaitley Stadium,Gujarat Titans,Chennai Super Kings,Gujarat Titans,bat,Chennai Super Kings,0,0,Virat Kohli,normal,2,Chennai Super Kings,Gujarat Titans,Pat Cummins,Hardik Pandya,6,0,6,0,1,2
IPL2023_051,2023,2018-09-04,Delhi,Arun Jaitley Stadium,Gujarat Titans,Chennai Super Kings,Gujarat Titans,bat,Chennai Super Kings,0,0,Virat Kohli,normal,2,Chennai Super Kings,Gujarat Titans,Rishabh Pant,Suryakumar Yadav,1,0,1,0,1,3
IPL2023_051,2023,2018-09-04,Delhi,Arun Jaitley Stadium,Gujarat Titans,Chennai Super Kings,Gujarat Titans,bat,Chennai Super Kings,0,0,Virat Kohli,normal,2,Chennai Super Kings,Gujarat Titans,Ravindra Jadeja,Virat Kohli,0,0,0,0,1,4
IPL2023_051,2023,2018-09-04,Delhi,Arun Jaitley Stadium,Gujarat Titans,Chennai Super Kings,Gujarat Titans,bat,Chennai Super Kings,0,0,Virat Kohli,normal,2,Chennai Super Kings,Gujarat Titans,Rishabh Pant,Nicholas Pooran,0,0,0,0,1,5
IPL2023_051,2023,2018-09-04,Delhi,Arun Jaitley Stadium,Gujarat Titans,Chennai Super Kings,Gujarat Titans,bat,Chennai Super Kings,0,0,Virat Kohli,normal,2,Chennai Super Kings,Gujarat Titans,MS Dhoni,Rishabh Pant,2,0,2,0,1,6
IPL2023_051,2023,2018-09-04,Delhi,Arun Jaitley Stadium,Gujarat Titans,Chennai Super Kings,Gujarat Titans,bat,Chennai Super Kings,0,0,Virat Kohli,normal,2,Chennai Super Kings,Gujarat Titans,Rashid Khan,Ravindra Jadeja,1,0,1,0,2,1
IPL2023_051,2023,2018-09-04,Delhi,Arun Jaitley Stadium,Gujarat Titans,Chennai Super Kings,Gujarat Titans,bat,Chennai Super Kings,0,0,Virat Kohli,normal,2,Chennai Super Kings,Gujarat Titans,Shreyas Iyer,Pat Cummins,0,0,0,0,2,2
IPL2023_051,2023,2018-09-04,Delhi,Arun Jaitley Stadium,Gujarat Titans,Chennai Super Kings,Gujarat Titans,bat,Chennai Super Kings,0,0,Virat Kohli,normal,2,Chennai Super Kings,Gujarat Titans,Shubman Gill,Bhuvneshwar Kumar,2,0,2,0,2,3
IPL2023_051,2023,2018-09-04,Delhi,Arun Jaitley Stadium,Gujarat Titans,Chennai Super Kings,Gujarat Titans,bat,Chennai Super Kings,0,0,Virat Kohli,normal,2,Chennai Super Kings,Gujarat Titans,Mohammed Siraj,Ravindra Jadeja,1,0,1,0,2,4
IPL2024_052,2024,2018-09-07,Dubai,Dubai International Cricket Stadium,Sunrisers Hyderabad,Royal Challengers Bengaluru,Sunrisers Hyderabad,field,Royal Challengers Bengaluru,0,0,Sanju Samson,normal,1,Sunrisers Hyderabad,Royal Challengers Bengaluru,Andre Russell,Shikhar Dhawan,1,0,1,0,1,1
IPL2024_052,2024,2018-09-07,Dubai,Dubai International Cricket Stadium,Sunrisers Hyderabad,Royal Challengers Bengaluru,Sunrisers Hyderabad,field,Royal Challengers Bengaluru,0,0,Sanju Samson,normal,1,Sunrisers Hyderabad,Royal Challengers Bengaluru,Sunil Narine,Pat Cummins,0,0,0,0,1,2
IPL2024_052,2024,2018-09-07,Dubai,Dubai International Cricket Stadium,Sunrisers Hyderabad,Royal Challengers Bengaluru,Sunrisers Hyderabad,field,Royal Challengers Bengaluru,0,0,Sanju Samson,normal,1,Sunrisers Hyderabad,Royal Challengers Bengaluru,Sanju Samson,Nicholas Pooran,1,0,1,0,1,3
IPL2024_052,2024,2018-09-07,Dubai,Dubai International Cricket Stadium,Sunrisers Hyderabad,Royal Challengers Bengaluru,Sunrisers Hyderabad,field,Royal Challengers Bengaluru,0,0,Sanju Samson,normal,1,Sunrisers Hyderabad,Royal Challengers Bengaluru,Jos Buttler,MS Dhoni,2,1,3,0,1,4
IPL2024_052,2024,2018-09-07,Dubai,Dubai International Cricket Stadium,Sunrisers Hyderabad,Royal Challengers Bengaluru,Sunrisers Hyderabad,field,Royal Challengers Bengaluru,0,0,Sanju Samson,normal,1,Sunrisers Hyderabad,Royal Challengers Bengaluru,Shikhar Dhawan,Bhuvneshwar Kumar,0,0,0,0,1,5
IPL2024_052,2024,2018-09-07,Dubai,Dubai International Cricket Stadium,Sunrisers Hyderabad,Royal Challengers Bengaluru,Sunrisers Hyderabad,field,Royal Challengers Bengaluru,0,0,Sanju Samson,normal,1,Sunrisers Hyderabad,Royal Challengers Bengaluru,Andre Russell,Rohit Sharma,2,0,2,0,1,6
IPL2024_052,2024,2018-09-07,Dubai,Dubai International Cricket Stadium,Sunrisers Hyderabad,Royal Challengers Bengaluru,Sunrisers Hyderabad,field,Royal Challengers Bengaluru,0,0,Sanju Samson,normal,1,Sunrisers Hyderabad,Royal Challengers Bengaluru,Ruturaj Gaikwad,Jasprit Bumrah,0,0,0,0,2,1
IPL2024_052,2024,2018-09-07,Dubai,Dubai International Cricket Stadium,Sunrisers Hyderabad,Royal Challengers Bengaluru,Sunrisers Hyderabad,field,Royal Challengers Bengaluru,0,0,Sanju Samson,normal,1,Sunrisers Hyderabad,Royal Challengers Bengaluru,Rohit Sharma,Nicholas Pooran,0,0,0,0,2,2
IPL2024_052,2024,2018-09-07,Dubai,Dubai International Cricket Stadium,Sunrisers Hyderabad,Royal Challengers Bengaluru,Sunrisers Hyderabad,field,Royal Challengers Bengaluru,0,0,Sanju Samson,normal,1,Sunrisers Hyderabad,Royal Challengers Bengaluru,Jasprit Bumrah,Ishan Kishan,2,0,2,0,2,3
IPL2024_052,2024,2018-09-07,Dubai,Dubai International Cricket Stadium,Sunrisers Hyderabad,Royal Challengers Bengaluru,Sunrisers Hyderabad,field,Royal Challengers Bengaluru,0,0,Sanju Samson,normal,1,Sunrisers Hyderabad,Royal Challengers Bengaluru,Rohit Sharma,KL Rahul,0,0,0,0,2,4
IPL2024_052,2024,2018-09-07,Dubai,Dubai International Cricket Stadium,Sunrisers Hyderabad,Royal Challengers Bengaluru,Sunrisers Hyderabad,field,Royal Challengers Bengaluru,0,0,Sanju Samson,normal,2,Royal Challengers Bengaluru,Sunrisers Hyderabad,Prithvi Shaw,Ruturaj Gaikwad,2,0,2,0,1,1
IPL2024_052,2024,2018-09-07,Dubai,Dubai International Cricket Stadium,Sunrisers Hyderabad,Royal Challengers Bengaluru,Sunrisers Hyderabad,field,Royal Challengers Bengaluru,0,0,Sanju Samson,normal,2,Royal Challengers Bengaluru,Sunrisers Hyderabad,Yashasvi Jaiswal,Hardik Pandya,0,0,0,0,1,2
IPL2024_052,2024,2018-09-07,Dubai,Dubai International Cricket Stadium,Sunrisers Hyderabad,Royal Challengers Bengaluru,Sunrisers Hyderabad,field,Royal Challengers Bengaluru,0,0,Sanju Samson,normal,2,Royal Challengers Bengaluru,Sunrisers Hyderabad,Glenn Maxwell,Faf du Plessis,0,0,0,0,1,3
IPL2024_052,2024,2018-09-07,Dubai,Dubai International Cricket Stadium,Sunrisers Hyderabad,Royal Challengers Bengaluru,Sunrisers Hyderabad,field,Royal Challengers Bengaluru,0,0,Sanju Samson,normal,2,Royal Challengers Bengaluru,Sunrisers Hyderabad,Sunil Narine,Suryakumar Yadav,2,0,2,0,1,4
IPL2024_052,2024,2018-09-07,Dubai,Dubai International Cricket Stadium,Sunrisers Hyderabad,Royal Challengers Bengaluru,Sunrisers Hyderabad,field,Royal Challengers Bengaluru,0,0,Sanju Samson,normal,2,Royal Challengers Bengaluru,Sunrisers Hyderabad,Rohit Sharma,Bhuvneshwar Kumar,6,0,6,0,1,5
IPL2024_052,2024,2018-09-07,Dubai,Dubai International Cricket Stadium,Sunrisers Hyderabad,Royal Challengers Bengaluru,Sunrisers Hyderabad,field,Royal Challengers Bengaluru,0,0,Sanju Samson,normal,2,Royal Challengers Bengaluru,Sunrisers Hyderabad,Pat Cummins,Jasprit Bumrah,4,1,5,0,1,6
IPL2024_052,2024,2018-09-07,Dubai,Dubai International Cricket Stadium,Sunrisers Hyderabad,Royal Challengers Bengaluru,Sunrisers Hyderabad,field,Royal Challengers Bengaluru,0,0,Sanju Samson,normal,2,Royal Challengers Bengaluru,Sunrisers Hyderabad,Ruturaj Gaikwad,Rishabh Pant,0,0,0,0,2,1
IPL2024_052,2024,2018-09-07,Dubai,Dubai International Cricket Stadium,Sunrisers Hyderabad,Royal Challengers Bengaluru,Sunrisers Hyderabad,field,Royal Challengers Bengaluru,0,0,Sanju Samson,normal,2,Royal Challengers Bengaluru,Sunrisers Hyderabad,Tilak Varma,Bhuvneshwar Kumar,2,0,2,0,2,2
IPL2024_052,2024,2018-09-07,Dubai,Dubai International Cricket Stadium,Sunrisers Hyderabad,Royal Challengers Bengaluru,Sunrisers Hyderabad,field,Royal Challengers Bengaluru,0,0,Sanju Samson,normal,2,Royal Challengers Bengaluru,Sunrisers Hyderabad,Rohit Sharma,Tilak Varma,1,1,2,0,2,3
IPL2024_052,2024,2018-09-07,Dubai,Dubai International Cricket Stadium,Sunrisers Hyderabad,Royal Challengers Bengaluru,Sunrisers Hyderabad,field,Royal Challengers Bengaluru,0,0,Sanju Samson,normal,2,Royal Challengers Bengaluru,Sunrisers Hyderabad,Pat Cummins,KL Rahul,1,0,1,0,2,4
IPL2025_053,2025,2018-09-10,Abu Dhabi,Sheikh Zayed Stadium,Rajasthan Royals,Mumbai Indians,Mumbai Indians,field,Mumbai Indians,0,6,Andre Russell,wickets,1,Rajasthan Royals,Mumbai Indians,KL Rahul,Sanju Samson,4,0,4,0,1,1
IPL2025_053,2025,2018-09-10,Abu Dhabi,Sheikh Zayed Stadium,Rajasthan Royals,Mumbai Indians,Mumbai Indians,field,Mumbai Indians,0,6,Andre Russell,wickets,1,Rajasthan Royals,Mumbai Indians,Sunil Narine,Shikhar Dhawan,1,0,1,0,1,2
IPL2025_053,2025,2018-09-10,Abu Dhabi,Sheikh Zayed Stadium,Rajasthan Royals,Mumbai Indians,Mumbai Indians,field,Mumbai Indians,0,6,Andre Russell,wickets,1,Rajasthan Royals,Mumbai Indians,Sunil Narine,Rishabh Pant,4,0,4,0,1,3
IPL2025_053,2025,2018-09-10,Abu Dhabi,Sheikh Zayed Stadium,Rajasthan Royals,Mumbai Indians,Mumbai Indians,field,Mumbai Indians,0,6,Andre Russell,wickets,1,Rajasthan Royals,Mumbai Indians,Prithvi Shaw,Nicholas Pooran,0,0,0,0,1,4
IPL2025_053,2025,2018-09-10,Abu Dhabi,Sheikh Zayed Stadium,Rajasthan Royals,Mumbai Indians,Mumbai Indians,field,Mumbai Indians,0,6,Andre Russell,wickets,1,Rajasthan Royals,Mumbai Indians,Yashasvi Jaiswal,Suryakumar Yadav,1,0,1,0,1,5
IPL2025_053,2025,2018-09-10,Abu Dhabi,Sheikh Zayed Stadium,Rajasthan Royals,Mumbai Indians,Mumbai Indians,field,Mumbai Indians,0,6,Andre Russell,wickets,1,Rajasthan Royals,Mumbai Indians,Nicholas Pooran,MS Dhoni,0,0,0,0,1,6
IPL2025_053,2025,2018-09-10,Abu Dhabi,Sheikh Zayed Stadium,Rajasthan Royals,Mumbai Indians,Mumbai Indians,field,Mumbai Indians,0,6,Andre Russell,wickets,1,Rajasthan Royals,Mumbai Indians,Ravindra Jadeja,David Warner,1,0,1,0,2,1
IPL2025_053,2025,2018-09-10,Abu Dhabi,Sheikh Zayed Stadium,Rajasthan Royals,Mumbai Indians,Mumbai Indians,field,Mumbai Indians,0,6,Andre Russell,wickets,1,Rajasthan Royals,Mumbai Indians,MS Dhoni,David Warner,0,0,0,1,2,2
IPL2025_053,2025,2018-09-10,Abu Dhabi,Sheikh Zayed Stadium,Rajasthan Royals,Mumbai Indians,Mumbai Indians,field,Mumbai Indians,0,6,Andre Russell,wickets,1,Rajasthan Royals,Mumbai Indians,Trent Boult,Glenn Maxwell,1,1,2,0,2,3
IPL2025_053,2025,2018-09-10,Abu Dhabi,Sheikh Zayed Stadium,Rajasthan Royals,Mumbai Indians,Mumbai Indians,field,Mumbai Indians,0,6,Andre Russell,wickets,1,Rajasthan Royals,Mumbai Indians,Sanju Samson,Faf du Plessis,1,0,1,0,2,4
IPL2025_053,2025,2018-09-10,Abu Dhabi,Sheikh Zayed Stadium,Rajasthan Royals,Mumbai Indians,Mumbai Indians,field,Mumbai Indians,0,6,Andre Russell,wickets,2,Mumbai Indians,Rajasthan Royals,Ruturaj Gaikwad,KL Rahul,2,0,2,0,1,1
IPL2025_053,2025,2018-09-10,Abu Dhabi,Sheikh Zayed Stadium,Rajasthan Royals,Mumbai Indians,Mumbai Indians,field,Mumbai Indians,0,6,Andre Russell,wickets,2,Mumbai Indians,Rajasthan Royals,Shubman Gill,MS Dhoni,1,0,1,1,1,2
IPL2025_053,2025,2018-09-10,Abu Dhabi,Sheikh Zayed Stadium,Rajasthan Royals,Mumbai Indians,Mumbai Indians,field,Mumbai Indians,0,6,Andre Russell,wickets,2,Mumbai Indians,Rajasthan Royals,KL Rahul,Shreyas Iyer,4,0,4,0,1,3
IPL2025_053,2025,2018-09-10,Abu Dhabi,Sheikh Zayed Stadium,Rajasthan Royals,Mumbai Indians,Mumbai Indians,field,Mumbai Indians,0,6,Andre Russell,wickets,2,Mumbai Indians,Rajasthan Royals,Ruturaj Gaikwad,Ruturaj Gaikwad,0,0,0,0,1,4
IPL2025_053,2025,2018-09-10,Abu Dhabi,Sheikh Zayed Stadium,Rajasthan Royals,Mumbai Indians,Mumbai Indians,field,Mumbai Indians,0,6,Andre Russell,wickets,2,Mumbai Indians,Rajasthan Royals,Andre Russell,Trent Boult,4,0,4,0,1,5
IPL2025_053,2025,2018-09-10,Abu Dhabi,Sheikh Zayed Stadium,Rajasthan Royals,Mumbai Indians,Mumbai Indians,field,Mumbai Indians,0,6,Andre Russell,wickets,2,Mumbai Indians,Rajasthan Royals,Shikhar Dhawan,David Warner,3,0,3,0,1,6
IPL2025_053,2025,2018-09-10,Abu Dhabi,Sheikh Zayed Stadium,Rajasthan Royals,Mumbai Indians,Mumbai Indians,field,Mumbai Indians,0,6,Andre Russell,wickets,2,Mumbai Indians,Rajasthan Royals,Sanju Samson,Shikhar Dhawan,1,0,1,0,2,1
IPL2025_053,2025,2018-09-10,Abu Dhabi,Sheikh Zayed Stadium,Rajasthan Royals,Mumbai Indians,Mumbai Indians,field,Mumbai Indians,0,6,Andre Russell,wickets,2,Mumbai Indians,Rajasthan Royals,Andre Russell,Rishabh Pant,0,0,0,0,2,2
IPL2025_053,2025,2018-09-10,Abu Dhabi,Sheikh Zayed Stadium,Rajasthan Royals,Mumbai Indians,Mumbai Indians,field,Mumbai Indians,0,6,Andre Russell,wickets,2,Mumbai Indians,Rajasthan Royals,Andre Russell,Rohit Sharma,4,0,4,0,2,3
IPL2025_053,2025,2018-09-10,Abu Dhabi,Sheikh Zayed Stadium,Rajasthan Royals,Mumbai Indians,Mumbai Indians,field,Mumbai Indians,0,6,Andre Russell,wickets,2,Mumbai Indians,Rajasthan Royals,Ravindra Jadeja,Tilak Varma,3,0,3,0,2,4
IPL2026_054,2026,2018-09-13,Dubai,Dubai International Cricket Stadium,Sunrisers Hyderabad,Delhi Capitals,Delhi Capitals,bat,Sunrisers Hyderabad,0,3,Pat Cummins,wickets,1,Sunrisers Hyderabad,Delhi Capitals,Rishabh Pant,Yashasvi Jaiswal,1,0,1,0,1,1
IPL2026_054,2026,2018-09-13,Dubai,Dubai International Cricket Stadium,Sunrisers Hyderabad,Delhi Capitals,Delhi Capitals,bat,Sunrisers Hyderabad,0,3,Pat Cummins,wickets,1,Sunrisers Hyderabad,Delhi Capitals,Nicholas Pooran,Ravindra Jadeja,1,0,1,0,1,2
IPL2026_054,2026,2018-09-13,Dubai,Dubai International Cricket Stadium,Sunrisers Hyderabad,Delhi Capitals,Delhi Capitals,bat,Sunrisers Hyderabad,0,3,Pat Cummins,wickets,1,Sunrisers Hyderabad,Delhi Capitals,Shreyas Iyer,Sanju Samson,1,0,1,0,1,3
IPL2026_054,2026,2018-09-13,Dubai,Dubai International Cricket Stadium,Sunrisers Hyderabad,Delhi Capitals,Delhi Capitals,bat,Sunrisers Hyderabad,0,3,Pat Cummins,wickets,1,Sunrisers Hyderabad,Delhi Capitals,Virat Kohli,Jos Buttler,2,0,2,0,1,4
IPL2026_054,2026,2018-09-13,Dubai,Dubai International Cricket Stadium,Sunrisers Hyderabad,Delhi Capitals,Delhi Capitals,bat,Sunrisers Hyderabad,0,3,Pat Cummins,wickets,1,Sunrisers Hyderabad,Delhi Capitals,Tilak Varma,Trent Boult,3,0,3,0,1,5
IPL2026_054,2026,2018-09-13,Dubai,Dubai International Cricket Stadium,Sunrisers Hyderabad,Delhi Capitals,Delhi Capitals,bat,Sunrisers Hyderabad,0,3,Pat Cummins,wickets,1,Sunrisers Hyderabad,Delhi Capitals,Shreyas Iyer,Nicholas Pooran,1,0,1,0,1,6
IPL2026_054,2026,2018-09-13,Dubai,Dubai International Cricket Stadium,Sunrisers Hyderabad,Delhi Capitals,Delhi Capitals,bat,Sunrisers Hyderabad,0,3,Pat Cummins,wickets,1,Sunrisers Hyderabad,Delhi Capitals,Andre Russell,Rohit Sharma,4,0,4,0,2,1
IPL2026_054,2026,2018-09-13,Dubai,Dubai International Cricket Stadium,Sunrisers Hyderabad,Delhi Capitals,Delhi Capitals,bat,Sunrisers Hyderabad,0,3,Pat Cummins,wickets,1,Sunrisers Hyderabad,Delhi Capitals,Jos Buttler,MS Dhoni,1,0,1,0,2,2
IPL2026_054,2026,2018-09-13,Dubai,Dubai International Cricket Stadium,Sunrisers Hyderabad,Delhi Capitals,Delhi Capitals,bat,Sunrisers Hyderabad,0,3,Pat Cummins,wickets,1,Sunrisers Hyderabad,Delhi Capitals,Rashid Khan,Bhuvneshwar Kumar,0,0,0,0,2,3
IPL2026_054,2026,2018-09-13,Dubai,Dubai International Cricket Stadium,Sunrisers Hyderabad,Delhi Capitals,Delhi Capitals,bat,Sunrisers Hyderabad,0,3,Pat Cummins,wickets,1,Sunrisers Hyderabad,Delhi Capitals,Pat Cummins,Rishabh Pant,0,0,0,0,2,4
IPL2026_054,2026,2018-09-13,Dubai,Dubai International Cricket Stadium,Sunrisers Hyderabad,Delhi Capitals,Delhi Capitals,bat,Sunrisers Hyderabad,0,3,Pat Cummins,wickets,2,Delhi Capitals,Sunrisers Hyderabad,Rishabh Pant,Hardik Pandya,1,2,3,0,1,1
IPL2026_054,2026,2018-09-13,Dubai,Dubai International Cricket Stadium,Sunrisers Hyderabad,Delhi Capitals,Delhi Capitals,bat,Sunrisers Hyderabad,0,3,Pat Cummins,wickets,2,Delhi Capitals,Sunrisers Hyderabad,Mohammed Siraj,Rohit Sharma,2,0,2,0,1,2
IPL2026_054,2026,2018-09-13,Dubai,Dubai International Cricket Stadium,Sunrisers Hyderabad,Delhi Capitals,Delhi Capitals,bat,Sunrisers Hyderabad,0,3,Pat Cummins,wickets,2,Delhi Capitals,Sunrisers Hyderabad,Trent Boult,Jos Buttler,1,0,1,0,1,3
IPL2026_054,2026,2018-09-13,Dubai,Dubai International Cricket Stadium,Sunrisers Hyderabad,Delhi Capitals,Delhi Capitals,bat,Sunrisers Hyderabad,0,3,Pat Cummins,wickets,2,Delhi Capitals,Sunrisers Hyderabad,Shreyas Iyer,Andre Russell,1,0,1,0,1,4
IPL2026_054,2026,2018-09-13,Dubai,Dubai International Cricket Stadium,Sunrisers Hyderabad,Delhi Capitals,Delhi Capitals,bat,Sunrisers Hyderabad,0,3,Pat Cummins,wickets,2,Delhi Capitals,Sunrisers Hyderabad,Rishabh Pant,Rishabh Pant,0,1,1,0,1,5
IPL2026_054,2026,2018-09-13,Dubai,Dubai International Cricket Stadium,Sunrisers Hyderabad,Delhi Capitals,Delhi Capitals,bat,Sunrisers Hyderabad,0,3,Pat Cummins,wickets,2,Delhi Capitals,Sunrisers Hyderabad,Andre Russell,Bhuvneshwar Kumar,1,1,2,0,1,6
IPL2026_054,2026,2018-09-13,Dubai,Dubai International Cricket Stadium,Sunrisers Hyderabad,Delhi Capitals,Delhi Capitals,bat,Sunrisers Hyderabad,0,3,Pat Cummins,wickets,2,Delhi Capitals,Sunrisers Hyderabad,MS Dhoni,Mohammed Siraj,6,0,6,0,2,1
IPL2026_054,2026,2018-09-13,Dubai,Dubai International Cricket Stadium,Sunrisers Hyderabad,Delhi Capitals,Delhi Capitals,bat,Sunrisers Hyderabad,0,3,Pat Cummins,wickets,2,Delhi Capitals,Sunrisers Hyderabad,Jos Buttler,Yashasvi Jaiswal,2,0,2,0,2,2
IPL2026_054,2026,2018-09-13,Dubai,Dubai International Cricket Stadium,Sunrisers Hyderabad,Delhi Capitals,Delhi Capitals,bat,Sunrisers Hyderabad,0,3,Pat Cummins,wickets,2,Delhi Capitals,Sunrisers Hyderabad,Rishabh Pant,Hardik Pandya,6,0,6,0,2,3
IPL2026_054,2026,2018-09-13,Dubai,Dubai International Cricket Stadium,Sunrisers Hyderabad,Delhi Capitals,Delhi Capitals,bat,Sunrisers Hyderabad,0,3,Pat Cummins,wickets,2,Delhi Capitals,Sunrisers Hyderabad,KL Rahul,Pat Cummins,4,0,4,0,2,4
IPL2018_055,2018,2018-09-16,Ahmedabad,Narendra Modi Stadium,Rajasthan Royals,Kolkata Knight Riders,Rajasthan Royals,bat,Rajasthan Royals,0,5,Yashasvi Jaiswal,wickets,1,Rajasthan Royals,Kolkata Knight Riders,Prithvi Shaw,Faf du Plessis,0,0,0,0,1,1
IPL2018_055,2018,2018-09-16,Ahmedabad,Narendra Modi Stadium,Rajasthan Royals,Kolkata Knight Riders,Rajasthan Royals,bat,Rajasthan Royals,0,5,Yashasvi Jaiswal,wickets,1,Rajasthan Royals,Kolkata Knight Riders,Shubman Gill,Suryakumar Yadav,2,0,2,0,1,2
IPL2018_055,2018,2018-09-16,Ahmedabad,Narendra Modi Stadium,Rajasthan Royals,Kolkata Knight Riders,Rajasthan Royals,bat,Rajasthan Royals,0,5,Yashasvi Jaiswal,wickets,1,Rajasthan Royals,Kolkata Knight Riders,Bhuvneshwar Kumar,Suryakumar Yadav,1,0,1,0,1,3
IPL2018_055,2018,2018-09-16,Ahmedabad,Narendra Modi Stadium,Rajasthan Royals,Kolkata Knight Riders,Rajasthan Royals,bat,Rajasthan Royals,0,5,Yashasvi Jaiswal,wickets,1,Rajasthan Royals,Kolkata Knight Riders,Shikhar Dhawan,Andre Russell,0,0,0,0,1,4
IPL2018_055,2018,2018-09-16,Ahmedabad,Narendra Modi Stadium,Rajasthan Royals,Kolkata Knight Riders,Rajasthan Royals,bat,Rajasthan Royals,0,5,Yashasvi Jaiswal,wickets,1,Rajasthan Royals,Kolkata Knight Riders,Jasprit Bumrah,Trent Boult,1,0,1,0,1,5
IPL2018_055,2018,2018-09-16,Ahmedabad,Narendra Modi Stadium,Rajasthan Royals,Kolkata Knight Riders,Rajasthan Royals,bat,Rajasthan Royals,0,5,Yashasvi Jaiswal,wickets,1,Rajasthan Royals,Kolkata Knight Riders,Ruturaj Gaikwad,Shikhar Dhawan,1,0,1,0,1,6
IPL2018_055,2018,2018-09-16,Ahmedabad,Narendra Modi Stadium,Rajasthan Royals,Kolkata Knight Riders,Rajasthan Royals,bat,Rajasthan Royals,0,5,Yashasvi Jaiswal,wickets,1,Rajasthan Royals,Kolkata Knight Riders,Prithvi Shaw,Sunil Narine,2,0,2,0,2,1
IPL2018_055,2018,2018-09-16,Ahmedabad,Narendra Modi Stadium,Rajasthan Royals,Kolkata Knight Riders,Rajasthan Royals,bat,Rajasthan Royals,0,5,Yashasvi Jaiswal,wickets,1,Rajasthan Royals,Kolkata Knight Riders,Jasprit Bumrah,Shubman Gill,0,0,0,0,2,2
IPL2018_055,2018,2018-09-16,Ahmedabad,Narendra Modi Stadium,Rajasthan Royals,Kolkata Knight Riders,Rajasthan Royals,bat,Rajasthan Royals,0,5,Yashasvi Jaiswal,wickets,1,Rajasthan Royals,Kolkata Knight Riders,Jos Buttler,Tilak Varma,0,0,0,0,2,3
IPL2018_055,2018,2018-09-16,Ahmedabad,Narendra Modi Stadium,Rajasthan Royals,Kolkata Knight Riders,Rajasthan Royals,bat,Rajasthan Royals,0,5,Yashasvi Jaiswal,wickets,1,Rajasthan Royals,Kolkata Knight Riders,MS Dhoni,Andre Russell,1,2,3,0,2,4
IPL2018_055,2018,2018-09-16,Ahmedabad,Narendra Modi Stadium,Rajasthan Royals,Kolkata Knight Riders,Rajasthan Royals,bat,Rajasthan Royals,0,5,Yashasvi Jaiswal,wickets,2,Kolkata Knight Riders,Rajasthan Royals,Sanju Samson,Ishan Kishan,1,2,3,0,1,1
IPL2018_055,2018,2018-09-16,Ahmedabad,Narendra Modi Stadium,Rajasthan Royals,Kolkata Knight Riders,Rajasthan Royals,bat,Rajasthan Royals,0,5,Yashasvi Jaiswal,wickets,2,Kolkata Knight Riders,Rajasthan Royals,Shikhar Dhawan,Andre Russell,4,0,4,0,1,2
IPL2018_055,2018,2018-09-16,Ahmedabad,Narendra Modi Stadium,Rajasthan Royals,Kolkata Knight Riders,Rajasthan Royals,bat,Rajasthan Royals,0,5,Yashasvi Jaiswal,wickets,2,Kolkata Knight Riders,Rajasthan Royals,MS Dhoni,Nicholas Pooran,0,0,0,0,1,3
IPL2018_055,2018,2018-09-16,Ahmedabad,Narendra Modi Stadium,Rajasthan Royals,Kolkata Knight Riders,Rajasthan Royals,bat,Rajasthan Royals,0,5,Yashasvi Jaiswal,wickets,2,Kolkata Knight Riders,Rajasthan Royals,Shreyas Iyer,Tilak Varma,2,0,2,0,1,4
IPL2018_055,2018,2018-09-16,Ahmedabad,Narendra Modi Stadium,Rajasthan Royals,Kolkata Knight Riders,Rajasthan Royals,bat,Rajasthan Royals,0,5,Yashasvi Jaiswal,wickets,2,Kolkata Knight Riders,Rajasthan Royals,KL Rahul,Shreyas Iyer,0,0,0,0,1,5
IPL2018_055,2018,2018-09-16,Ahmedabad,Narendra Modi Stadium,Rajasthan Royals,Kolkata Knight Riders,Rajasthan Royals,bat,Rajasthan Royals,0,5,Yashasvi Jaiswal,wickets,2,Kolkata Knight Riders,Rajasthan Royals,Rishabh Pant,Shikhar Dhawan,1,0,1,0,1,6
IPL2018_055,2018,2018-09-16,Ahmedabad,Narendra Modi Stadium,Rajasthan Royals,Kolkata Knight Riders,Rajasthan Royals,bat,Rajasthan Royals,0,5,Yashasvi Jaiswal,wickets,2,Kolkata Knight Riders,Rajasthan Royals,MS Dhoni,Faf du Plessis,1,0,1,0,2,1
IPL2018_055,2018,2018-09-16,Ahmedabad,Narendra Modi Stadium,Rajasthan Royals,Kolkata Knight Riders,Rajasthan Royals,bat,Rajasthan Royals,0,5,Yashasvi Jaiswal,wickets,2,Kolkata Knight Riders,Rajasthan Royals,Faf du Plessis,Ruturaj Gaikwad,0,0,0,0,2,2
IPL2018_055,2018,2018-09-16,Ahmedabad,Narendra Modi Stadium,Rajasthan Royals,Kolkata Knight Riders,Rajasthan Royals,bat,Rajasthan Royals,0,5,Yashasvi Jaiswal,wickets,2,Kolkata Knight Riders,Rajasthan Royals,Ishan Kishan,Ruturaj Gaikwad,1,0,1,0,2,3
IPL2018_055,2018,2018-09-16,Ahmedabad,Narendra Modi Stadium,Rajasthan Royals,Kolkata Knight Riders,Rajasthan Royals,bat,Rajasthan Royals,0,5,Yashasvi Jaiswal,wickets,2,Kolkata Knight Riders,Rajasthan Royals,Tilak Varma,Sanju Samson,1,0,1,0,2,4
IPL2019_056,2019,2018-09-19,Bengaluru,M. Chinnaswamy Stadium,Royal Challengers Bengaluru,Sunrisers Hyderabad,Royal Challengers Bengaluru,bat,Royal Challengers Bengaluru,0,3,Rashid Khan,wickets,1,Royal Challengers Bengaluru,Sunrisers Hyderabad,Virat Kohli,Rishabh Pant,2,0,2,0,1,1
IPL2019_056,2019,2018-09-19,Bengaluru,M. Chinnaswamy Stadium,Royal Challengers Bengaluru,Sunrisers Hyderabad,Royal Challengers Bengaluru,bat,Royal Challengers Bengaluru,0,3,Rashid Khan,wickets,1,Royal Challengers Bengaluru,Sunrisers Hyderabad,Faf du Plessis,Mohammed Siraj,0,0,0,0,1,2
IPL2019_056,2019,2018-09-19,Bengaluru,M. Chinnaswamy Stadium,Royal Challengers Bengaluru,Sunrisers Hyderabad,Royal Challengers Bengaluru,bat,Royal Challengers Bengaluru,0,3,Rashid Khan,wickets,1,Royal Challengers Bengaluru,Sunrisers Hyderabad,Rishabh Pant,Andre Russell,2,0,2,0,1,3
IPL2019_056,2019,2018-09-19,Bengaluru,M. Chinnaswamy Stadium,Royal Challengers Bengaluru,Sunrisers Hyderabad,Royal Challengers Bengaluru,bat,Royal Challengers Bengaluru,0,3,Rashid Khan,wickets,1,Royal Challengers Bengaluru,Sunrisers Hyderabad,Nicholas Pooran,Faf du Plessis,1,0,1,0,1,4
IPL2019_056,2019,2018-09-19,Bengaluru,M. Chinnaswamy Stadium,Royal Challengers Bengaluru,Sunrisers Hyderabad,Royal Challengers Bengaluru,bat,Royal Challengers Bengaluru,0,3,Rashid Khan,wickets,1,Royal Challengers Bengaluru,Sunrisers Hyderabad,Jos Buttler,Trent Boult,1,0,1,0,1,5
IPL2019_056,2019,2018-09-19,Bengaluru,M. Chinnaswamy Stadium,Royal Challengers Bengaluru,Sunrisers Hyderabad,Royal Challengers Bengaluru,bat,Royal Challengers Bengaluru,0,3,Rashid Khan,wickets,1,Royal Challengers Bengaluru,Sunrisers Hyderabad,Ishan Kishan,MS Dhoni,1,0,1,0,1,6
IPL2019_056,2019,2018-09-19,Bengaluru,M. Chinnaswamy Stadium,Royal Challengers Bengaluru,Sunrisers Hyderabad,Royal Challengers Bengaluru,bat,Royal Challengers Bengaluru,0,3,Rashid Khan,wickets,1,Royal Challengers Bengaluru,Sunrisers Hyderabad,MS Dhoni,Ruturaj Gaikwad,0,0,0,0,2,1
IPL2019_056,2019,2018-09-19,Bengaluru,M. Chinnaswamy Stadium,Royal Challengers Bengaluru,Sunrisers Hyderabad,Royal Challengers Bengaluru,bat,Royal Challengers Bengaluru,0,3,Rashid Khan,wickets,1,Royal Challengers Bengaluru,Sunrisers Hyderabad,Hardik Pandya,Shikhar Dhawan,0,0,0,0,2,2
IPL2019_056,2019,2018-09-19,Bengaluru,M. Chinnaswamy Stadium,Royal Challengers Bengaluru,Sunrisers Hyderabad,Royal Challengers Bengaluru,bat,Royal Challengers Bengaluru,0,3,Rashid Khan,wickets,1,Royal Challengers Bengaluru,Sunrisers Hyderabad,Ravindra Jadeja,Sunil Narine,1,0,1,0,2,3
IPL2019_056,2019,2018-09-19,Bengaluru,M. Chinnaswamy Stadium,Royal Challengers Bengaluru,Sunrisers Hyderabad,Royal Challengers Bengaluru,bat,Royal Challengers Bengaluru,0,3,Rashid Khan,wickets,1,Royal Challengers Bengaluru,Sunrisers Hyderabad,Yashasvi Jaiswal,David Warner,2,0,2,0,2,4
IPL2019_056,2019,2018-09-19,Bengaluru,M. Chinnaswamy Stadium,Royal Challengers Bengaluru,Sunrisers Hyderabad,Royal Challengers Bengaluru,bat,Royal Challengers Bengaluru,0,3,Rashid Khan,wickets,2,Sunrisers Hyderabad,Royal Challengers Bengaluru,Bhuvneshwar Kumar,David Warner,2,0,2,0,1,1
IPL2019_056,2019,2018-09-19,Bengaluru,M. Chinnaswamy Stadium,Royal Challengers Bengaluru,Sunrisers Hyderabad,Royal Challengers Bengaluru,bat,Royal Challengers Bengaluru,0,3,Rashid Khan,wickets,2,Sunrisers Hyderabad,Royal Challengers Bengaluru,Glenn Maxwell,Mohammed Siraj,2,0,2,0,1,2
IPL2019_056,2019,2018-09-19,Bengaluru,M. Chinnaswamy Stadium,Royal Challengers Bengaluru,Sunrisers Hyderabad,Royal Challengers Bengaluru,bat,Royal Challengers Bengaluru,0,3,Rashid Khan,wickets,2,Sunrisers Hyderabad,Royal Challengers Bengaluru,MS Dhoni,Jos Buttler,2,0,2,0,1,3
IPL2019_056,2019,2018-09-19,Bengaluru,M. Chinnaswamy Stadium,Royal Challengers Bengaluru,Sunrisers Hyderabad,Royal Challengers Bengaluru,bat,Royal Challengers Bengaluru,0,3,Rashid Khan,wickets,2,Sunrisers Hyderabad,Royal Challengers Bengaluru,KL Rahul,Pat Cummins,0,0,0,0,1,4
IPL2019_056,2019,2018-09-19,Bengaluru,M. Chinnaswamy Stadium,Royal Challengers Bengaluru,Sunrisers Hyderabad,Royal Challengers Bengaluru,bat,Royal Challengers Bengaluru,0,3,Rashid Khan,wickets,2,Sunrisers Hyderabad,Royal Challengers Bengaluru,MS Dhoni,Andre Russell,1,0,1,0,1,5
IPL2019_056,2019,2018-09-19,Bengaluru,M. Chinnaswamy Stadium,Royal Challengers Bengaluru,Sunrisers Hyderabad,Royal Challengers Bengaluru,bat,Royal Challengers Bengaluru,0,3,Rashid Khan,wickets,2,Sunrisers Hyderabad,Royal Challengers Bengaluru,Andre Russell,Shreyas Iyer,4,0,4,0,1,6
IPL2019_056,2019,2018-09-19,Bengaluru,M. Chinnaswamy Stadium,Royal Challengers Bengaluru,Sunrisers Hyderabad,Royal Challengers Bengaluru,bat,Royal Challengers Bengaluru,0,3,Rashid Khan,wickets,2,Sunrisers Hyderabad,Royal Challengers Bengaluru,Yashasvi Jaiswal,Rishabh Pant,0,0,0,0,2,1
IPL2019_056,2019,2018-09-19,Bengaluru,M. Chinnaswamy Stadium,Royal Challengers Bengaluru,Sunrisers Hyderabad,Royal Challengers Bengaluru,bat,Royal Challengers Bengaluru,0,3,Rashid Khan,wickets,2,Sunrisers Hyderabad,Royal Challengers Bengaluru,Jos Buttler,Ishan Kishan,1,0,1,1,2,2
IPL2019_056,2019,2018-09-19,Bengaluru,M. Chinnaswamy Stadium,Royal Challengers Bengaluru,Sunrisers Hyderabad,Royal Challengers Bengaluru,bat,Royal Challengers Bengaluru,0,3,Rashid Khan,wickets,2,Sunrisers Hyderabad,Royal Challengers Bengaluru,Glenn Maxwell,Bhuvneshwar Kumar,0,0,0,0,2,3
IPL2019_056,2019,2018-09-19,Bengaluru,M. Chinnaswamy Stadium,Royal Challengers Bengaluru,Sunrisers Hyderabad,Royal Challengers Bengaluru,bat,Royal Challengers Bengaluru,0,3,Rashid Khan,wickets,2,Sunrisers Hyderabad,Royal Challengers Bengaluru,Faf du Plessis,Pat Cummins,0,0,0,1,2,4
IPL2020_057,2020,2018-09-22,Chennai,MA Chidambaram Stadium,Lucknow Super Giants,Royal Challengers Bengaluru,Lucknow Super Giants,field,Lucknow Super Giants,50,0,Yashasvi Jaiswal,runs,1,Lucknow Super Giants,Royal Challengers Bengaluru,Ruturaj Gaikwad,Sanju Samson,3,0,3,0,1,1
IPL2020_057,2020,2018-09-22,Chennai,MA Chidambaram Stadium,Lucknow Super Giants,Royal Challengers Bengaluru,Lucknow Super Giants,field,Lucknow Super Giants,50,0,Yashasvi Jaiswal,runs,1,Lucknow Super Giants,Royal Challengers Bengaluru,Sanju Samson,KL Rahul,1,0,1,0,1,2
IPL2020_057,2020,2018-09-22,Chennai,MA Chidambaram Stadium,Lucknow Super Giants,Royal Challengers Bengaluru,Lucknow Super Giants,field,Lucknow Super Giants,50,0,Yashasvi Jaiswal,runs,1,Lucknow Super Giants,Royal Challengers Bengaluru,Prithvi Shaw,Shikhar Dhawan,2,0,2,0,1,3
IPL2020_057,2020,2018-09-22,Chennai,MA Chidambaram Stadium,Lucknow Super Giants,Royal Challengers Bengaluru,Lucknow Super Giants,field,Lucknow Super Giants,50,0,Yashasvi Jaiswal,runs,1,Lucknow Super Giants,Royal Challengers Bengaluru,Rashid Khan,Rishabh Pant,4,0,4,0,1,4
IPL2020_057,2020,2018-09-22,Chennai,MA Chidambaram Stadium,Lucknow Super Giants,Royal Challengers Bengaluru,Lucknow Super Giants,field,Lucknow Super Giants,50,0,Yashasvi Jaiswal,runs,1,Lucknow Super Giants,Royal Challengers Bengaluru,Yashasvi Jaiswal,Ishan Kishan,4,0,4,0,1,5
IPL2020_057,2020,2018-09-22,Chennai,MA Chidambaram Stadium,Lucknow Super Giants,Royal Challengers Bengaluru,Lucknow Super Giants,field,Lucknow Super Giants,50,0,Yashasvi Jaiswal,runs,1,Lucknow Super Giants,Royal Challengers Bengaluru,Ruturaj Gaikwad,Tilak Varma,3,0,3,1,1,6
IPL2020_057,2020,2018-09-22,Chennai,MA Chidambaram Stadium,Lucknow Super Giants,Royal Challengers Bengaluru,Lucknow Super Giants,field,Lucknow Super Giants,50,0,Yashasvi Jaiswal,runs,1,Lucknow Super Giants,Royal Challengers Bengaluru,MS Dhoni,Suryakumar Yadav,1,0,1,0,2,1
IPL2020_057,2020,2018-09-22,Chennai,MA Chidambaram Stadium,Lucknow Super Giants,Royal Challengers Bengaluru,Lucknow Super Giants,field,Lucknow Super Giants,50,0,Yashasvi Jaiswal,runs,1,Lucknow Super Giants,Royal Challengers Bengaluru,Jasprit Bumrah,Pat Cummins,0,1,1,0,2,2
IPL2020_057,2020,2018-09-22,Chennai,MA Chidambaram Stadium,Lucknow Super Giants,Royal Challengers Bengaluru,Lucknow Super Giants,field,Lucknow Super Giants,50,0,Yashasvi Jaiswal,runs,1,Lucknow Super Giants,Royal Challengers Bengaluru,Faf du Plessis,Suryakumar Yadav,4,0,4,1,2,3
IPL2020_057,2020,2018-09-22,Chennai,MA Chidambaram Stadium,Lucknow Super Giants,Royal Challengers Bengaluru,Lucknow Super Giants,field,Lucknow Super Giants,50,0,Yashasvi Jaiswal,runs,1,Lucknow Super Giants,Royal Challengers Bengaluru,Jos Buttler,Pat Cummins,0,0,0,1,2,4
IPL2020_057,2020,2018-09-22,Chennai,MA Chidambaram Stadium,Lucknow Super Giants,Royal Challengers Bengaluru,Lucknow Super Giants,field,Lucknow Super Giants,50,0,Yashasvi Jaiswal,runs,2,Royal Challengers Bengaluru,Lucknow Super Giants,Ruturaj Gaikwad,Trent Boult,0,0,0,0,1,1
IPL2020_057,2020,2018-09-22,Chennai,MA Chidambaram Stadium,Lucknow Super Giants,Royal Challengers Bengaluru,Lucknow Super Giants,field,Lucknow Super Giants,50,0,Yashasvi Jaiswal,runs,2,Royal Challengers Bengaluru,Lucknow Super Giants,Faf du Plessis,MS Dhoni,0,0,0,0,1,2
IPL2020_057,2020,2018-09-22,Chennai,MA Chidambaram Stadium,Lucknow Super Giants,Royal Challengers Bengaluru,Lucknow Super Giants,field,Lucknow Super Giants,50,0,Yashasvi Jaiswal,runs,2,Royal Challengers Bengaluru,Lucknow Super Giants,Yashasvi Jaiswal,Pat Cummins,0,1,1,0,1,3
IPL2020_057,2020,2018-09-22,Chennai,MA Chidambaram Stadium,Lucknow Super Giants,Royal Challengers Bengaluru,Lucknow Super Giants,field,Lucknow Super Giants,50,0,Yashasvi Jaiswal,runs,2,Royal Challengers Bengaluru,Lucknow Super Giants,Sanju Samson,Mohammed Siraj,1,0,1,0,1,4
IPL2020_057,2020,2018-09-22,Chennai,MA Chidambaram Stadium,Lucknow Super Giants,Royal Challengers Bengaluru,Lucknow Super Giants,field,Lucknow Super Giants,50,0,Yashasvi Jaiswal,runs,2,Royal Challengers Bengaluru,Lucknow Super Giants,Mohammed Siraj,Jos Buttler,2,0,2,0,1,5
IPL2020_057,2020,2018-09-22,Chennai,MA Chidambaram Stadium,Lucknow Super Giants,Royal Challengers Bengaluru,Lucknow Super Giants,field,Lucknow Super Giants,50,0,Yashasvi Jaiswal,runs,2,Royal Challengers Bengaluru,Lucknow Super Giants,Sanju Samson,Shreyas Iyer,0,0,0,0,1,6
IPL2020_057,2020,2018-09-22,Chennai,MA Chidambaram Stadium,Lucknow Super Giants,Royal Challengers Bengaluru,Lucknow Super Giants,field,Lucknow Super Giants,50,0,Yashasvi Jaiswal,runs,2,Royal Challengers Bengaluru,Lucknow Super Giants,Trent Boult,Ravindra Jadeja,4,0,4,0,2,1
IPL2020_057,2020,2018-09-22,Chennai,MA Chidambaram Stadium,Lucknow Super Giants,Royal Challengers Bengaluru,Lucknow Super Giants,field,Lucknow Super Giants,50,0,Yashasvi Jaiswal,runs,2,Royal Challengers Bengaluru,Lucknow Super Giants,Ishan Kishan,Trent Boult,2,0,2,0,2,2
IPL2020_057,2020,2018-09-22,Chennai,MA Chidambaram Stadium,Lucknow Super Giants,Royal Challengers Bengaluru,Lucknow Super Giants,field,Lucknow Super Giants,50,0,Yashasvi Jaiswal,runs,2,Royal Challengers Bengaluru,Lucknow Super Giants,KL Rahul,Glenn Maxwell,1,0,1,0,2,3
IPL2020_057,2020,2018-09-22,Chennai,MA Chidambaram Stadium,Lucknow Super Giants,Royal Challengers Bengaluru,Lucknow Super Giants,field,Lucknow Super Giants,50,0,Yashasvi Jaiswal,runs,2,Royal Challengers Bengaluru,Lucknow Super Giants,Prithvi Shaw,Mohammed Siraj,1,1,2,0,2,4
IPL2021_058,2021,2018-09-25,Dubai,Dubai International Cricket Stadium,Chennai Super Kings,Lucknow Super Giants,Chennai Super Kings,bat,Lucknow Super Giants,0,0,Jasprit Bumrah,normal,1,Chennai Super Kings,Lucknow Super Giants,David Warner,Trent Boult,4,0,4,0,1,1
IPL2021_058,2021,2018-09-25,Dubai,Dubai International Cricket Stadium,Chennai Super Kings,Lucknow Super Giants,Chennai Super Kings,bat,Lucknow Super Giants,0,0,Jasprit Bumrah,normal,1,Chennai Super Kings,Lucknow Super Giants,Pat Cummins,Virat Kohli,4,0,4,0,1,2
IPL2021_058,2021,2018-09-25,Dubai,Dubai International Cricket Stadium,Chennai Super Kings,Lucknow Super Giants,Chennai Super Kings,bat,Lucknow Super Giants,0,0,Jasprit Bumrah,normal,1,Chennai Super Kings,Lucknow Super Giants,Sunil Narine,Ishan Kishan,2,0,2,0,1,3
IPL2021_058,2021,2018-09-25,Dubai,Dubai International Cricket Stadium,Chennai Super Kings,Lucknow Super Giants,Chennai Super Kings,bat,Lucknow Super Giants,0,0,Jasprit Bumrah,normal,1,Chennai Super Kings,Lucknow Super Giants,Pat Cummins,Faf du Plessis,6,0,6,0,1,4
IPL2021_058,2021,2018-09-25,Dubai,Dubai International Cricket Stadium,Chennai Super Kings,Lucknow Super Giants,Chennai Super Kings,bat,Lucknow Super Giants,0,0,Jasprit Bumrah,normal,1,Chennai Super Kings,Lucknow Super Giants,Ruturaj Gaikwad,Pat Cummins,2,0,2,0,1,5
IPL2021_058,2021,2018-09-25,Dubai,Dubai International Cricket Stadium,Chennai Super Kings,Lucknow Super Giants,Chennai Super Kings,bat,Lucknow Super Giants,0,0,Jasprit Bumrah,normal,1,Chennai Super Kings,Lucknow Super Giants,Ruturaj Gaikwad,Sunil Narine,0,0,0,0,1,6
IPL2021_058,2021,2018-09-25,Dubai,Dubai International Cricket Stadium,Chennai Super Kings,Lucknow Super Giants,Chennai Super Kings,bat,Lucknow Super Giants,0,0,Jasprit Bumrah,normal,1,Chennai Super Kings,Lucknow Super Giants,Rashid Khan,Nicholas Pooran,1,1,2,0,2,1
IPL2021_058,2021,2018-09-25,Dubai,Dubai International Cricket Stadium,Chennai Super Kings,Lucknow Super Giants,Chennai Super Kings,bat,Lucknow Super Giants,0,0,Jasprit Bumrah,normal,1,Chennai Super Kings,Lucknow Super Giants,Nicholas Pooran,Shreyas Iyer,2,0,2,0,2,2
IPL2021_058,2021,2018-09-25,Dubai,Dubai International Cricket Stadium,Chennai Super Kings,Lucknow Super Giants,Chennai Super Kings,bat,Lucknow Super Giants,0,0,Jasprit Bumrah,normal,1,Chennai Super Kings,Lucknow Super Giants,Hardik Pandya,Ruturaj Gaikwad,1,0,1,0,2,3
IPL2021_058,2021,2018-09-25,Dubai,Dubai International Cricket Stadium,Chennai Super Kings,Lucknow Super Giants,Chennai Super Kings,bat,Lucknow Super Giants,0,0,Jasprit Bumrah,normal,1,Chennai Super Kings,Lucknow Super Giants,Andre Russell,MS Dhoni,4,0,4,0,2,4
IPL2021_058,2021,2018-09-25,Dubai,Dubai International Cricket Stadium,Chennai Super Kings,Lucknow Super Giants,Chennai Super Kings,bat,Lucknow Super Giants,0,0,Jasprit Bumrah,normal,2,Lucknow Super Giants,Chennai Super Kings,Shikhar Dhawan,Rohit Sharma,4,0,4,0,1,1
IPL2021_058,2021,2018-09-25,Dubai,Dubai International Cricket Stadium,Chennai Super Kings,Lucknow Super Giants,Chennai Super Kings,bat,Lucknow Super Giants,0,0,Jasprit Bumrah,normal,2,Lucknow Super Giants,Chennai Super Kings,Sanju Samson,Andre Russell,2,0,2,0,1,2
IPL2021_058,2021,2018-09-25,Dubai,Dubai International Cricket Stadium,Chennai Super Kings,Lucknow Super Giants,Chennai Super Kings,bat,Lucknow Super Giants,0,0,Jasprit Bumrah,normal,2,Lucknow Super Giants,Chennai Super Kings,David Warner,Sunil Narine,0,0,0,0,1,3
IPL2021_058,2021,2018-09-25,Dubai,Dubai International Cricket Stadium,Chennai Super Kings,Lucknow Super Giants,Chennai Super Kings,bat,Lucknow Super Giants,0,0,Jasprit Bumrah,normal,2,Lucknow Super Giants,Chennai Super Kings,Andre Russell,Jasprit Bumrah,0,0,0,0,1,4
IPL2021_058,2021,2018-09-25,Dubai,Dubai International Cricket Stadium,Chennai Super Kings,Lucknow Super Giants,Chennai Super Kings,bat,Lucknow Super Giants,0,0,Jasprit Bumrah,normal,2,Lucknow Super Giants,Chennai Super Kings,KL Rahul,Trent Boult,2,0,2,0,1,5
IPL2021_058,2021,2018-09-25,Dubai,Dubai International Cricket Stadium,Chennai Super Kings,Lucknow Super Giants,Chennai Super Kings,bat,Lucknow Super Giants,0,0,Jasprit Bumrah,normal,2,Lucknow Super Giants,Chennai Super Kings,Jos Buttler,KL Rahul,1,0,1,0,1,6
IPL2021_058,2021,2018-09-25,Dubai,Dubai International Cricket Stadium,Chennai Super Kings,Lucknow Super Giants,Chennai Super Kings,bat,Lucknow Super Giants,0,0,Jasprit Bumrah,normal,2,Lucknow Super Giants,Chennai Super Kings,Tilak Varma,Shikhar Dhawan,2,0,2,0,2,1
IPL2021_058,2021,2018-09-25,Dubai,Dubai International Cricket Stadium,Chennai Super Kings,Lucknow Super Giants,Chennai Super Kings,bat,Lucknow Super Giants,0,0,Jasprit Bumrah,normal,2,Lucknow Super Giants,Chennai Super Kings,KL Rahul,Ravindra Jadeja,4,0,4,0,2,2
IPL2021_058,2021,2018-09-25,Dubai,Dubai International Cricket Stadium,Chennai Super Kings,Lucknow Super Giants,Chennai Super Kings,bat,Lucknow Super Giants,0,0,Jasprit Bumrah,normal,2,Lucknow Super Giants,Chennai Super Kings,Tilak Varma,Rishabh Pant,0,0,0,0,2,3
IPL2021_058,2021,2018-09-25,Dubai,Dubai International Cricket Stadium,Chennai Super Kings,Lucknow Super Giants,Chennai Super Kings,bat,Lucknow Super Giants,0,0,Jasprit Bumrah,normal,2,Lucknow Super Giants,Chennai Super Kings,Hardik Pandya,Jos Buttler,2,1,3,0,2,4
IPL2022_059,2022,2018-09-28,Ahmedabad,Narendra Modi Stadium,Sunrisers Hyderabad,Gujarat Titans,Sunrisers Hyderabad,field,Sunrisers Hyderabad,0,4,Shubman Gill,wickets,1,Sunrisers Hyderabad,Gujarat Titans,Andre Russell,Rashid Khan,1,0,1,0,1,1
IPL2022_059,2022,2018-09-28,Ahmedabad,Narendra Modi Stadium,Sunrisers Hyderabad,Gujarat Titans,Sunrisers Hyderabad,field,Sunrisers Hyderabad,0,4,Shubman Gill,wickets,1,Sunrisers Hyderabad,Gujarat Titans,Jos Buttler,Shubman Gill,2,0,2,0,1,2
IPL2022_059,2022,2018-09-28,Ahmedabad,Narendra Modi Stadium,Sunrisers Hyderabad,Gujarat Titans,Sunrisers Hyderabad,field,Sunrisers Hyderabad,0,4,Shubman Gill,wickets,1,Sunrisers Hyderabad,Gujarat Titans,Rohit Sharma,Ruturaj Gaikwad,1,0,1,0,1,3
IPL2022_059,2022,2018-09-28,Ahmedabad,Narendra Modi Stadium,Sunrisers Hyderabad,Gujarat Titans,Sunrisers Hyderabad,field,Sunrisers Hyderabad,0,4,Shubman Gill,wickets,1,Sunrisers Hyderabad,Gujarat Titans,Hardik Pandya,Tilak Varma,0,0,0,0,1,4
IPL2022_059,2022,2018-09-28,Ahmedabad,Narendra Modi Stadium,Sunrisers Hyderabad,Gujarat Titans,Sunrisers Hyderabad,field,Sunrisers Hyderabad,0,4,Shubman Gill,wickets,1,Sunrisers Hyderabad,Gujarat Titans,Trent Boult,David Warner,4,0,4,0,1,5
IPL2022_059,2022,2018-09-28,Ahmedabad,Narendra Modi Stadium,Sunrisers Hyderabad,Gujarat Titans,Sunrisers Hyderabad,field,Sunrisers Hyderabad,0,4,Shubman Gill,wickets,1,Sunrisers Hyderabad,Gujarat Titans,Rashid Khan,Tilak Varma,1,2,3,0,1,6
IPL2022_059,2022,2018-09-28,Ahmedabad,Narendra Modi Stadium,Sunrisers Hyderabad,Gujarat Titans,Sunrisers Hyderabad,field,Sunrisers Hyderabad,0,4,Shubman Gill,wickets,1,Sunrisers Hyderabad,Gujarat Titans,Ishan Kishan,Sanju Samson,0,0,0,0,2,1
IPL2022_059,2022,2018-09-28,Ahmedabad,Narendra Modi Stadium,Sunrisers Hyderabad,Gujarat Titans,Sunrisers Hyderabad,field,Sunrisers Hyderabad,0,4,Shubman Gill,wickets,1,Sunrisers Hyderabad,Gujarat Titans,Glenn Maxwell,KL Rahul,0,0,0,0,2,2
IPL2022_059,2022,2018-09-28,Ahmedabad,Narendra Modi Stadium,Sunrisers Hyderabad,Gujarat Titans,Sunrisers Hyderabad,field,Sunrisers Hyderabad,0,4,Shubman Gill,wickets,1,Sunrisers Hyderabad,Gujarat Titans,Prithvi Shaw,Mohammed Siraj,0,0,0,0,2,3
IPL2022_059,2022,2018-09-28,Ahmedabad,Narendra Modi Stadium,Sunrisers Hyderabad,Gujarat Titans,Sunrisers Hyderabad,field,Sunrisers Hyderabad,0,4,Shubman Gill,wickets,1,Sunrisers Hyderabad,Gujarat Titans,Ravindra Jadeja,KL Rahul,1,0,1,0,2,4
IPL2022_059,2022,2018-09-28,Ahmedabad,Narendra Modi Stadium,Sunrisers Hyderabad,Gujarat Titans,Sunrisers Hyderabad,field,Sunrisers Hyderabad,0,4,Shubman Gill,wickets,2,Gujarat Titans,Sunrisers Hyderabad,Jasprit Bumrah,Bhuvneshwar Kumar,0,0,0,0,1,1
IPL2022_059,2022,2018-09-28,Ahmedabad,Narendra Modi Stadium,Sunrisers Hyderabad,Gujarat Titans,Sunrisers Hyderabad,field,Sunrisers Hyderabad,0,4,Shubman Gill,wickets,2,Gujarat Titans,Sunrisers Hyderabad,Sanju Samson,Sunil Narine,0,2,2,0,1,2
IPL2022_059,2022,2018-09-28,Ahmedabad,Narendra Modi Stadium,Sunrisers Hyderabad,Gujarat Titans,Sunrisers Hyderabad,field,Sunrisers Hyderabad,0,4,Shubman Gill,wickets,2,Gujarat Titans,Sunrisers Hyderabad,Yashasvi Jaiswal,Andre Russell,0,0,0,0,1,3
IPL2022_059,2022,2018-09-28,Ahmedabad,Narendra Modi Stadium,Sunrisers Hyderabad,Gujarat Titans,Sunrisers Hyderabad,field,Sunrisers Hyderabad,0,4,Shubman Gill,wickets,2,Gujarat Titans,Sunrisers Hyderabad,Sunil Narine,Ishan Kishan,2,0,2,0,1,4
IPL2022_059,2022,2018-09-28,Ahmedabad,Narendra Modi Stadium,Sunrisers Hyderabad,Gujarat Titans,Sunrisers Hyderabad,field,Sunrisers Hyderabad,0,4,Shubman Gill,wickets,2,Gujarat Titans,Sunrisers Hyderabad,Ruturaj Gaikwad,Sunil Narine,3,0,3,0,1,5
IPL2022_059,2022,2018-09-28,Ahmedabad,Narendra Modi Stadium,Sunrisers Hyderabad,Gujarat Titans,Sunrisers Hyderabad,field,Sunrisers Hyderabad,0,4,Shubman Gill,wickets,2,Gujarat Titans,Sunrisers Hyderabad,Virat Kohli,MS Dhoni,0,0,0,0,1,6
IPL2022_059,2022,2018-09-28,Ahmedabad,Narendra Modi Stadium,Sunrisers Hyderabad,Gujarat Titans,Sunrisers Hyderabad,field,Sunrisers Hyderabad,0,4,Shubman Gill,wickets,2,Gujarat Titans,Sunrisers Hyderabad,Hardik Pandya,Yashasvi Jaiswal,1,2,3,0,2,1
IPL2022_059,2022,2018-09-28,Ahmedabad,Narendra Modi Stadium,Sunrisers Hyderabad,Gujarat Titans,Sunrisers Hyderabad,field,Sunrisers Hyderabad,0,4,Shubman Gill,wickets,2,Gujarat Titans,Sunrisers Hyderabad,Andre Russell,Rashid Khan,2,0,2,0,2,2
IPL2022_059,2022,2018-09-28,Ahmedabad,Narendra Modi Stadium,Sunrisers Hyderabad,Gujarat Titans,Sunrisers Hyderabad,field,Sunrisers Hyderabad,0,4,Shubman Gill,wickets,2,Gujarat Titans,Sunrisers Hyderabad,Jasprit Bumrah,Mohammed Siraj,0,0,0,0,2,3
IPL2022_059,2022,2018-09-28,Ahmedabad,Narendra Modi Stadium,Sunrisers Hyderabad,Gujarat Titans,Sunrisers Hyderabad,field,Sunrisers Hyderabad,0,4,Shubman Gill,wickets,2,Gujarat Titans,Sunrisers Hyderabad,Rishabh Pant,Rohit Sharma,6,0,6,0,2,4
IPL2023_060,2023,2018-10-01,Lucknow,BRSABV Ekana Cricket Stadium,Chennai Super Kings,Rajasthan Royals,Rajasthan Royals,field,Rajasthan Royals,63,0,Virat Kohli,runs,1,Chennai Super Kings,Rajasthan Royals,David Warner,Jos Buttler,0,0,0,0,1,1
IPL2023_060,2023,2018-10-01,Lucknow,BRSABV Ekana Cricket Stadium,Chennai Super Kings,Rajasthan Royals,Rajasthan Royals,field,Rajasthan Royals,63,0,Virat Kohli,runs,1,Chennai Super Kings,Rajasthan Royals,Ishan Kishan,Suryakumar Yadav,4,0,4,0,1,2
IPL2023_060,2023,2018-10-01,Lucknow,BRSABV Ekana Cricket Stadium,Chennai Super Kings,Rajasthan Royals,Rajasthan Royals,field,Rajasthan Royals,63,0,Virat Kohli,runs,1,Chennai Super Kings,Rajasthan Royals,Ravindra Jadeja,Rishabh Pant,1,0,1,0,1,3
IPL2023_060,2023,2018-10-01,Lucknow,BRSABV Ekana Cricket Stadium,Chennai Super Kings,Rajasthan Royals,Rajasthan Royals,field,Rajasthan Royals,63,0,Virat Kohli,runs,1,Chennai Super Kings,Rajasthan Royals,Bhuvneshwar Kumar,Hardik Pandya,2,0,2,0,1,4
IPL2023_060,2023,2018-10-01,Lucknow,BRSABV Ekana Cricket Stadium,Chennai Super Kings,Rajasthan Royals,Rajasthan Royals,field,Rajasthan Royals,63,0,Virat Kohli,runs,1,Chennai Super Kings,Rajasthan Royals,Rishabh Pant,Rohit Sharma,3,0,3,0,1,5
IPL2023_060,2023,2018-10-01,Lucknow,BRSABV Ekana Cricket Stadium,Chennai Super Kings,Rajasthan Royals,Rajasthan Royals,field,Rajasthan Royals,63,0,Virat Kohli,runs,1,Chennai Super Kings,Rajasthan Royals,Hardik Pandya,Rohit Sharma,1,0,1,0,1,6
IPL2023_060,2023,2018-10-01,Lucknow,BRSABV Ekana Cricket Stadium,Chennai Super Kings,Rajasthan Royals,Rajasthan Royals,field,Rajasthan Royals,63,0,Virat Kohli,runs,1,Chennai Super Kings,Rajasthan Royals,Mohammed Siraj,Faf du Plessis,4,0,4,0,2,1
IPL2023_060,2023,2018-10-01,Lucknow,BRSABV Ekana Cricket Stadium,Chennai Super Kings,Rajasthan Royals,Rajasthan Royals,field,Rajasthan Royals,63,0,Virat Kohli,runs,1,Chennai Super Kings,Rajasthan Royals,Jasprit Bumrah,Rishabh Pant,2,0,2,0,2,2
IPL2023_060,2023,2018-10-01,Lucknow,BRSABV Ekana Cricket Stadium,Chennai Super Kings,Rajasthan Royals,Rajasthan Royals,field,Rajasthan Royals,63,0,Virat Kohli,runs,1,Chennai Super Kings,Rajasthan Royals,Faf du Plessis,Ruturaj Gaikwad,1,1,2,0,2,3
IPL2023_060,2023,2018-10-01,Lucknow,BRSABV Ekana Cricket Stadium,Chennai Super Kings,Rajasthan Royals,Rajasthan Royals,field,Rajasthan Royals,63,0,Virat Kohli,runs,1,Chennai Super Kings,Rajasthan Royals,MS Dhoni,Hardik Pandya,2,0,2,0,2,4
IPL2023_060,2023,2018-10-01,Lucknow,BRSABV Ekana Cricket Stadium,Chennai Super Kings,Rajasthan Royals,Rajasthan Royals,field,Rajasthan Royals,63,0,Virat Kohli,runs,2,Rajasthan Royals,Chennai Super Kings,Yashasvi Jaiswal,Andre Russell,4,0,4,0,1,1
IPL2023_060,2023,2018-10-01,Lucknow,BRSABV Ekana Cricket Stadium,Chennai Super Kings,Rajasthan Royals,Rajasthan Royals,field,Rajasthan Royals,63,0,Virat Kohli,runs,2,Rajasthan Royals,Chennai Super Kings,Bhuvneshwar Kumar,Faf du Plessis,1,0,1,0,1,2
IPL2023_060,2023,2018-10-01,Lucknow,BRSABV Ekana Cricket Stadium,Chennai Super Kings,Rajasthan Royals,Rajasthan Royals,field,Rajasthan Royals,63,0,Virat Kohli,runs,2,Rajasthan Royals,Chennai Super Kings,Suryakumar Yadav,Glenn Maxwell,2,0,2,0,1,3
IPL2023_060,2023,2018-10-01,Lucknow,BRSABV Ekana Cricket Stadium,Chennai Super Kings,Rajasthan Royals,Rajasthan Royals,field,Rajasthan Royals,63,0,Virat Kohli,runs,2,Rajasthan Royals,Chennai Super Kings,Trent Boult,Shreyas Iyer,1,0,1,0,1,4
IPL2023_060,2023,2018-10-01,Lucknow,BRSABV Ekana Cricket Stadium,Chennai Super Kings,Rajasthan Royals,Rajasthan Royals,field,Rajasthan Royals,63,0,Virat Kohli,runs,2,Rajasthan Royals,Chennai Super Kings,Trent Boult,Shubman Gill,4,0,4,0,1,5
IPL2023_060,2023,2018-10-01,Lucknow,BRSABV Ekana Cricket Stadium,Chennai Super Kings,Rajasthan Royals,Rajasthan Royals,field,Rajasthan Royals,63,0,Virat Kohli,runs,2,Rajasthan Royals,Chennai Super Kings,Jos Buttler,Shubman Gill,2,0,2,0,1,6
IPL2023_060,2023,2018-10-01,Lucknow,BRSABV Ekana Cricket Stadium,Chennai Super Kings,Rajasthan Royals,Rajasthan Royals,field,Rajasthan Royals,63,0,Virat Kohli,runs,2,Rajasthan Royals,Chennai Super Kings,Hardik Pandya,Rishabh Pant,6,0,6,0,2,1
IPL2023_060,2023,2018-10-01,Lucknow,BRSABV Ekana Cricket Stadium,Chennai Super Kings,Rajasthan Royals,Rajasthan Royals,field,Rajasthan Royals,63,0,Virat Kohli,runs,2,Rajasthan Royals,Chennai Super Kings,Nicholas Pooran,KL Rahul,1,0,1,0,2,2
IPL2023_060,2023,2018-10-01,Lucknow,BRSABV Ekana Cricket Stadium,Chennai Super Kings,Rajasthan Royals,Rajasthan Royals,field,Rajasthan Royals,63,0,Virat Kohli,runs,2,Rajasthan Royals,Chennai Super Kings,Faf du Plessis,Rishabh Pant,2,0,2,0,2,3
IPL2023_060,2023,2018-10-01,Lucknow,BRSABV Ekana Cricket Stadium,Chennai Super Kings,Rajasthan Royals,Rajasthan Royals,field,Rajasthan Royals,63,0,Virat Kohli,runs,2,Rajasthan Royals,Chennai Super Kings,Bhuvneshwar Kumar,Jos Buttler,0,0,0,0,2,4
IPL2024_061,2024,2018-10-04,Mumbai,Wankhede Stadium,Kolkata Knight Riders,Gujarat Titans,Gujarat Titans,bat,Kolkata Knight Riders,0,0,Jos Buttler,normal,1,Kolkata Knight Riders,Gujarat Titans,KL Rahul,Nicholas Pooran,0,0,0,0,1,1
IPL2024_061,2024,2018-10-04,Mumbai,Wankhede Stadium,Kolkata Knight Riders,Gujarat Titans,Gujarat Titans,bat,Kolkata Knight Riders,0,0,Jos Buttler,normal,1,Kolkata Knight Riders,Gujarat Titans,Sunil Narine,Yashasvi Jaiswal,0,0,0,0,1,2
IPL2024_061,2024,2018-10-04,Mumbai,Wankhede Stadium,Kolkata Knight Riders,Gujarat Titans,Gujarat Titans,bat,Kolkata Knight Riders,0,0,Jos Buttler,normal,1,Kolkata Knight Riders,Gujarat Titans,Andre Russell,Jos Buttler,4,0,4,0,1,3
IPL2024_061,2024,2018-10-04,Mumbai,Wankhede Stadium,Kolkata Knight Riders,Gujarat Titans,Gujarat Titans,bat,Kolkata Knight Riders,0,0,Jos Buttler,normal,1,Kolkata Knight Riders,Gujarat Titans,Trent Boult,Ishan Kishan,3,0,3,1,1,4
IPL2024_061,2024,2018-10-04,Mumbai,Wankhede Stadium,Kolkata Knight Riders,Gujarat Titans,Gujarat Titans,bat,Kolkata Knight Riders,0,0,Jos Buttler,normal,1,Kolkata Knight Riders,Gujarat Titans,Yashasvi Jaiswal,Jos Buttler,2,0,2,0,1,5
IPL2024_061,2024,2018-10-04,Mumbai,Wankhede Stadium,Kolkata Knight Riders,Gujarat Titans,Gujarat Titans,bat,Kolkata Knight Riders,0,0,Jos Buttler,normal,1,Kolkata Knight Riders,Gujarat Titans,KL Rahul,Prithvi Shaw,2,0,2,0,1,6
IPL2024_061,2024,2018-10-04,Mumbai,Wankhede Stadium,Kolkata Knight Riders,Gujarat Titans,Gujarat Titans,bat,Kolkata Knight Riders,0,0,Jos Buttler,normal,1,Kolkata Knight Riders,Gujarat Titans,Trent Boult,KL Rahul,4,0,4,0,2,1
IPL2024_061,2024,2018-10-04,Mumbai,Wankhede Stadium,Kolkata Knight Riders,Gujarat Titans,Gujarat Titans,bat,Kolkata Knight Riders,0,0,Jos Buttler,normal,1,Kolkata Knight Riders,Gujarat Titans,Sanju Samson,Hardik Pandya,1,0,1,0,2,2
IPL2024_061,2024,2018-10-04,Mumbai,Wankhede Stadium,Kolkata Knight Riders,Gujarat Titans,Gujarat Titans,bat,Kolkata Knight Riders,0,0,Jos Buttler,normal,1,Kolkata Knight Riders,Gujarat Titans,Trent Boult,Ravindra Jadeja,0,0,0,0,2,3
IPL2024_061,2024,2018-10-04,Mumbai,Wankhede Stadium,Kolkata Knight Riders,Gujarat Titans,Gujarat Titans,bat,Kolkata Knight Riders,0,0,Jos Buttler,normal,1,Kolkata Knight Riders,Gujarat Titans,Glenn Maxwell,Ruturaj Gaikwad,2,0,2,0,2,4
IPL2024_061,2024,2018-10-04,Mumbai,Wankhede Stadium,Kolkata Knight Riders,Gujarat Titans,Gujarat Titans,bat,Kolkata Knight Riders,0,0,Jos Buttler,normal,2,Gujarat Titans,Kolkata Knight Riders,Mohammed Siraj,KL Rahul,0,0,0,0,1,1
IPL2024_061,2024,2018-10-04,Mumbai,Wankhede Stadium,Kolkata Knight Riders,Gujarat Titans,Gujarat Titans,bat,Kolkata Knight Riders,0,0,Jos Buttler,normal,2,Gujarat Titans,Kolkata Knight Riders,Yashasvi Jaiswal,Glenn Maxwell,4,1,5,0,1,2
IPL2024_061,2024,2018-10-04,Mumbai,Wankhede Stadium,Kolkata Knight Riders,Gujarat Titans,Gujarat Titans,bat,Kolkata Knight Riders,0,0,Jos Buttler,normal,2,Gujarat Titans,Kolkata Knight Riders,Yashasvi Jaiswal,Faf du Plessis,3,0,3,0,1,3
IPL2024_061,2024,2018-10-04,Mumbai,Wankhede Stadium,Kolkata Knight Riders,Gujarat Titans,Gujarat Titans,bat,Kolkata Knight Riders,0,0,Jos Buttler,normal,2,Gujarat Titans,Kolkata Knight Riders,Sunil Narine,Shikhar Dhawan,1,0,1,0,1,4
IPL2024_061,2024,2018-10-04,Mumbai,Wankhede Stadium,Kolkata Knight Riders,Gujarat Titans,Gujarat Titans,bat,Kolkata Knight Riders,0,0,Jos Buttler,normal,2,Gujarat Titans,Kolkata Knight Riders,Mohammed Siraj,Ruturaj Gaikwad,4,0,4,0,1,5
IPL2024_061,2024,2018-10-04,Mumbai,Wankhede Stadium,Kolkata Knight Riders,Gujarat Titans,Gujarat Titans,bat,Kolkata Knight Riders,0,0,Jos Buttler,normal,2,Gujarat Titans,Kolkata Knight Riders,Sunil Narine,Glenn Maxwell,2,0,2,0,1,6
IPL2024_061,2024,2018-10-04,Mumbai,Wankhede Stadium,Kolkata Knight Riders,Gujarat Titans,Gujarat Titans,bat,Kolkata Knight Riders,0,0,Jos Buttler,normal,2,Gujarat Titans,Kolkata Knight Riders,Virat Kohli,Rishabh Pant,0,0,0,0,2,1
IPL2024_061,2024,2018-10-04,Mumbai,Wankhede Stadium,Kolkata Knight Riders,Gujarat Titans,Gujarat Titans,bat,Kolkata Knight Riders,0,0,Jos Buttler,normal,2,Gujarat Titans,Kolkata Knight Riders,KL Rahul,Shreyas Iyer,0,0,0,0,2,2
IPL2024_061,2024,2018-10-04,Mumbai,Wankhede Stadium,Kolkata Knight Riders,Gujarat Titans,Gujarat Titans,bat,Kolkata Knight Riders,0,0,Jos Buttler,normal,2,Gujarat Titans,Kolkata Knight Riders,Shubman Gill,David Warner,4,1,5,0,2,3
IPL2024_061,2024,2018-10-04,Mumbai,Wankhede Stadium,Kolkata Knight Riders,Gujarat Titans,Gujarat Titans,bat,Kolkata Knight Riders,0,0,Jos Buttler,normal,2,Gujarat Titans,Kolkata Knight Riders,Mohammed Siraj,Ruturaj Gaikwad,0,0,0,0,2,4
IPL2025_062,2025,2018-10-07,Mohali,Punjab Cricket Association Stadium,Chennai Super Kings,Punjab Kings,Punjab Kings,bat,Chennai Super Kings,72,0,Sunil Narine,runs,1,Chennai Super Kings,Punjab Kings,Yashasvi Jaiswal,Pat Cummins,2,0,2,0,1,1
IPL2025_062,2025,2018-10-07,Mohali,Punjab Cricket Association Stadium,Chennai Super Kings,Punjab Kings,Punjab Kings,bat,Chennai Super Kings,72,0,Sunil Narine,runs,1,Chennai Super Kings,Punjab Kings,Ravindra Jadeja,Trent Boult,0,1,1,0,1,2
IPL2025_062,2025,2018-10-07,Mohali,Punjab Cricket Association Stadium,Chennai Super Kings,Punjab Kings,Punjab Kings,bat,Chennai Super Kings,72,0,Sunil Narine,runs,1,Chennai Super Kings,Punjab Kings,Bhuvneshwar Kumar,Glenn Maxwell,4,0,4,0,1,3
IPL2025_062,2025,2018-10-07,Mohali,Punjab Cricket Association Stadium,Chennai Super Kings,Punjab Kings,Punjab Kings,bat,Chennai Super Kings,72,0,Sunil Narine,runs,1,Chennai Super Kings,Punjab Kings,Hardik Pandya,Jos Buttler,2,0,2,0,1,4
IPL2025_062,2025,2018-10-07,Mohali,Punjab Cricket Association Stadium,Chennai Super Kings,Punjab Kings,Punjab Kings,bat,Chennai Super Kings,72,0,Sunil Narine,runs,1,Chennai Super Kings,Punjab Kings,Glenn Maxwell,Shreyas Iyer,4,0,4,0,1,5
IPL2025_062,2025,2018-10-07,Mohali,Punjab Cricket Association Stadium,Chennai Super Kings,Punjab Kings,Punjab Kings,bat,Chennai Super Kings,72,0,Sunil Narine,runs,1,Chennai Super Kings,Punjab Kings,Rashid Khan,Rohit Sharma,0,0,0,0,1,6
IPL2025_062,2025,2018-10-07,Mohali,Punjab Cricket Association Stadium,Chennai Super Kings,Punjab Kings,Punjab Kings,bat,Chennai Super Kings,72,0,Sunil Narine,runs,1,Chennai Super Kings,Punjab Kings,Mohammed Siraj,Shikhar Dhawan,0,0,0,0,2,1
IPL2025_062,2025,2018-10-07,Mohali,Punjab Cricket Association Stadium,Chennai Super Kings,Punjab Kings,Punjab Kings,bat,Chennai Super Kings,72,0,Sunil Narine,runs,1,Chennai Super Kings,Punjab Kings,Shubman Gill,Jasprit Bumrah,2,2,4,0,2,2
IPL2025_062,2025,2018-10-07,Mohali,Punjab Cricket Association Stadium,Chennai Super Kings,Punjab Kings,Punjab Kings,bat,Chennai Super Kings,72,0,Sunil Narine,runs,1,Chennai Super Kings,Punjab Kings,Virat Kohli,Andre Russell,1,0,1,0,2,3
IPL2025_062,2025,2018-10-07,Mohali,Punjab Cricket Association Stadium,Chennai Super Kings,Punjab Kings,Punjab Kings,bat,Chennai Super Kings,72,0,Sunil Narine,runs,1,Chennai Super Kings,Punjab Kings,KL Rahul,David Warner,0,0,0,0,2,4
IPL2025_062,2025,2018-10-07,Mohali,Punjab Cricket Association Stadium,Chennai Super Kings,Punjab Kings,Punjab Kings,bat,Chennai Super Kings,72,0,Sunil Narine,runs,2,Punjab Kings,Chennai Super Kings,Jos Buttler,David Warner,4,0,4,0,1,1
IPL2025_062,2025,2018-10-07,Mohali,Punjab Cricket Association Stadium,Chennai Super Kings,Punjab Kings,Punjab Kings,bat,Chennai Super Kings,72,0,Sunil Narine,runs,2,Punjab Kings,Chennai Super Kings,Shikhar Dhawan,Jasprit Bumrah,4,0,4,0,1,2
IPL2025_062,2025,2018-10-07,Mohali,Punjab Cricket Association Stadium,Chennai Super Kings,Punjab Kings,Punjab Kings,bat,Chennai Super Kings,72,0,Sunil Narine,runs,2,Punjab Kings,Chennai Super Kings,David Warner,Yashasvi Jaiswal,0,0,0,0,1,3
IPL2025_062,2025,2018-10-07,Mohali,Punjab Cricket Association Stadium,Chennai Super Kings,Punjab Kings,Punjab Kings,bat,Chennai Super Kings,72,0,Sunil Narine,runs,2,Punjab Kings,Chennai Super Kings,Bhuvneshwar Kumar,Trent Boult,6,0,6,0,1,4
IPL2025_062,2025,2018-10-07,Mohali,Punjab Cricket Association Stadium,Chennai Super Kings,Punjab Kings,Punjab Kings,bat,Chennai Super Kings,72,0,Sunil Narine,runs,2,Punjab Kings,Chennai Super Kings,Prithvi Shaw,Sunil Narine,0,0,0,0,1,5
IPL2025_062,2025,2018-10-07,Mohali,Punjab Cricket Association Stadium,Chennai Super Kings,Punjab Kings,Punjab Kings,bat,Chennai Super Kings,72,0,Sunil Narine,runs,2,Punjab Kings,Chennai Super Kings,Tilak Varma,Tilak Varma,2,0,2,0,1,6
IPL2025_062,2025,2018-10-07,Mohali,Punjab Cricket Association Stadium,Chennai Super Kings,Punjab Kings,Punjab Kings,bat,Chennai Super Kings,72,0,Sunil Narine,runs,2,Punjab Kings,Chennai Super Kings,Ravindra Jadeja,Ravindra Jadeja,4,0,4,0,2,1
IPL2025_062,2025,2018-10-07,Mohali,Punjab Cricket Association Stadium,Chennai Super Kings,Punjab Kings,Punjab Kings,bat,Chennai Super Kings,72,0,Sunil Narine,runs,2,Punjab Kings,Chennai Super Kings,Rohit Sharma,Shikhar Dhawan,0,0,0,0,2,2
IPL2025_062,2025,2018-10-07,Mohali,Punjab Cricket Association Stadium,Chennai Super Kings,Punjab Kings,Punjab Kings,bat,Chennai Super Kings,72,0,Sunil Narine,runs,2,Punjab Kings,Chennai Super Kings,Jos Buttler,Yashasvi Jaiswal,2,0,2,0,2,3
IPL2025_062,2025,2018-10-07,Mohali,Punjab Cricket Association Stadium,Chennai Super Kings,Punjab Kings,Punjab Kings,bat,Chennai Super Kings,72,0,Sunil Narine,runs,2,Punjab Kings,Chennai Super Kings,Jasprit Bumrah,Faf du Plessis,4,0,4,0,2,4
IPL2026_063,2026,2018-10-10,Ahmedabad,Narendra Modi Stadium,Sunrisers Hyderabad,Punjab Kings,Punjab Kings,field,Sunrisers Hyderabad,0,0,Prithvi Shaw,normal,1,Sunrisers Hyderabad,Punjab Kings,KL Rahul,Faf du Plessis,0,0,0,0,1,1
IPL2026_063,2026,2018-10-10,Ahmedabad,Narendra Modi Stadium,Sunrisers Hyderabad,Punjab Kings,Punjab Kings,field,Sunrisers Hyderabad,0,0,Prithvi Shaw,normal,1,Sunrisers Hyderabad,Punjab Kings,Rishabh Pant,Shreyas Iyer,0,0,0,0,1,2
IPL2026_063,2026,2018-10-10,Ahmedabad,Narendra Modi Stadium,Sunrisers Hyderabad,Punjab Kings,Punjab Kings,field,Sunrisers Hyderabad,0,0,Prithvi Shaw,normal,1,Sunrisers Hyderabad,Punjab Kings,Bhuvneshwar Kumar,Tilak Varma,1,0,1,0,1,3
IPL2026_063,2026,2018-10-10,Ahmedabad,Narendra Modi Stadium,Sunrisers Hyderabad,Punjab Kings,Punjab Kings,field,Sunrisers Hyderabad,0,0,Prithvi Shaw,normal,1,Sunrisers Hyderabad,Punjab Kings,Ravindra Jadeja,Shreyas Iyer,2,0,2,0,1,4
IPL2026_063,2026,2018-10-10,Ahmedabad,Narendra Modi Stadium,Sunrisers Hyderabad,Punjab Kings,Punjab Kings,field,Sunrisers Hyderabad,0,0,Prithvi Shaw,normal,1,Sunrisers Hyderabad,Punjab Kings,Pat Cummins,Nicholas Pooran,1,0,1,0,1,5
IPL2026_063,2026,2018-10-10,Ahmedabad,Narendra Modi Stadium,Sunrisers Hyderabad,Punjab Kings,Punjab Kings,field,Sunrisers Hyderabad,0,0,Prithvi Shaw,normal,1,Sunrisers Hyderabad,Punjab Kings,Shikhar Dhawan,Suryakumar Yadav,1,0,1,0,1,6
IPL2026_063,2026,2018-10-10,Ahmedabad,Narendra Modi Stadium,Sunrisers Hyderabad,Punjab Kings,Punjab Kings,field,Sunrisers Hyderabad,0,0,Prithvi Shaw,normal,1,Sunrisers Hyderabad,Punjab Kings,Trent Boult,Sunil Narine,1,0,1,0,2,1
IPL2026_063,2026,2018-10-10,Ahmedabad,Narendra Modi Stadium,Sunrisers Hyderabad,Punjab Kings,Punjab Kings,field,Sunrisers Hyderabad,0,0,Prithvi Shaw,normal,1,Sunrisers Hyderabad,Punjab Kings,Jasprit Bumrah,Rashid Khan,2,0,2,0,2,2
IPL2026_063,2026,2018-10-10,Ahmedabad,Narendra Modi Stadium,Sunrisers Hyderabad,Punjab Kings,Punjab Kings,field,Sunrisers Hyderabad,0,0,Prithvi Shaw,normal,1,Sunrisers Hyderabad,Punjab Kings,Suryakumar Yadav,Faf du Plessis,4,0,4,0,2,3
IPL2026_063,2026,2018-10-10,Ahmedabad,Narendra Modi Stadium,Sunrisers Hyderabad,Punjab Kings,Punjab Kings,field,Sunrisers Hyderabad,0,0,Prithvi Shaw,normal,1,Sunrisers Hyderabad,Punjab Kings,Ruturaj Gaikwad,Rashid Khan,4,0,4,0,2,4
IPL2026_063,2026,2018-10-10,Ahmedabad,Narendra Modi Stadium,Sunrisers Hyderabad,Punjab Kings,Punjab Kings,field,Sunrisers Hyderabad,0,0,Prithvi Shaw,normal,2,Punjab Kings,Sunrisers Hyderabad,Ruturaj Gaikwad,Bhuvneshwar Kumar,0,0,0,0,1,1
IPL2026_063,2026,2018-10-10,Ahmedabad,Narendra Modi Stadium,Sunrisers Hyderabad,Punjab Kings,Punjab Kings,field,Sunrisers Hyderabad,0,0,Prithvi Shaw,normal,2,Punjab Kings,Sunrisers Hyderabad,Ruturaj Gaikwad,Shikhar Dhawan,0,0,0,0,1,2
IPL2026_063,2026,2018-10-10,Ahmedabad,Narendra Modi Stadium,Sunrisers Hyderabad,Punjab Kings,Punjab Kings,field,Sunrisers Hyderabad,0,0,Prithvi Shaw,normal,2,Punjab Kings,Sunrisers Hyderabad,Jasprit Bumrah,Shikhar Dhawan,0,2,2,0,1,3
IPL2026_063,2026,2018-10-10,Ahmedabad,Narendra Modi Stadium,Sunrisers Hyderabad,Punjab Kings,Punjab Kings,field,Sunrisers Hyderabad,0,0,Prithvi Shaw,normal,2,Punjab Kings,Sunrisers Hyderabad,Shikhar Dhawan,Sunil Narine,0,0,0,0,1,4
IPL2026_063,2026,2018-10-10,Ahmedabad,Narendra Modi Stadium,Sunrisers Hyderabad,Punjab Kings,Punjab Kings,field,Sunrisers Hyderabad,0,0,Prithvi Shaw,normal,2,Punjab Kings,Sunrisers Hyderabad,KL Rahul,Sunil Narine,0,0,0,0,1,5
IPL2026_063,2026,2018-10-10,Ahmedabad,Narendra Modi Stadium,Sunrisers Hyderabad,Punjab Kings,Punjab Kings,field,Sunrisers Hyderabad,0,0,Prithvi Shaw,normal,2,Punjab Kings,Sunrisers Hyderabad,Rishabh Pant,Faf du Plessis,0,0,0,0,1,6
IPL2026_063,2026,2018-10-10,Ahmedabad,Narendra Modi Stadium,Sunrisers Hyderabad,Punjab Kings,Punjab Kings,field,Sunrisers Hyderabad,0,0,Prithvi Shaw,normal,2,Punjab Kings,Sunrisers Hyderabad,Prithvi Shaw,Prithvi Shaw,0,1,1,0,2,1
IPL2026_063,2026,2018-10-10,Ahmedabad,Narendra Modi Stadium,Sunrisers Hyderabad,Punjab Kings,Punjab Kings,field,Sunrisers Hyderabad,0,0,Prithvi Shaw,normal,2,Punjab Kings,Sunrisers Hyderabad,Nicholas Pooran,Ravindra Jadeja,6,0,6,0,2,2
IPL2026_063,2026,2018-10-10,Ahmedabad,Narendra Modi Stadium,Sunrisers Hyderabad,Punjab Kings,Punjab Kings,field,Sunrisers Hyderabad,0,0,Prithvi Shaw,normal,2,Punjab Kings,Sunrisers Hyderabad,Suryakumar Yadav,Ruturaj Gaikwad,1,0,1,0,2,3
IPL2026_063,2026,2018-10-10,Ahmedabad,Narendra Modi Stadium,Sunrisers Hyderabad,Punjab Kings,Punjab Kings,field,Sunrisers Hyderabad,0,0,Prithvi Shaw,normal,2,Punjab Kings,Sunrisers Hyderabad,Shubman Gill,Mohammed Siraj,0,0,0,0,2,4
IPL2018_064,2018,2018-10-13,Jaipur,Sawai Mansingh Stadium,Gujarat Titans,Delhi Capitals,Delhi Capitals,field,Gujarat Titans,0,8,Rohit Sharma,wickets,1,Gujarat Titans,Delhi Capitals,Shikhar Dhawan,MS Dhoni,6,0,6,0,1,1
IPL2018_064,2018,2018-10-13,Jaipur,Sawai Mansingh Stadium,Gujarat Titans,Delhi Capitals,Delhi Capitals,field,Gujarat Titans,0,8,Rohit Sharma,wickets,1,Gujarat Titans,Delhi Capitals,Rishabh Pant,Prithvi Shaw,2,0,2,0,1,2
IPL2018_064,2018,2018-10-13,Jaipur,Sawai Mansingh Stadium,Gujarat Titans,Delhi Capitals,Delhi Capitals,field,Gujarat Titans,0,8,Rohit Sharma,wickets,1,Gujarat Titans,Delhi Capitals,Andre Russell,Pat Cummins,0,0,0,0,1,3
IPL2018_064,2018,2018-10-13,Jaipur,Sawai Mansingh Stadium,Gujarat Titans,Delhi Capitals,Delhi Capitals,field,Gujarat Titans,0,8,Rohit Sharma,wickets,1,Gujarat Titans,Delhi Capitals,Suryakumar Yadav,Ravindra Jadeja,0,0,0,0,1,4
IPL2018_064,2018,2018-10-13,Jaipur,Sawai Mansingh Stadium,Gujarat Titans,Delhi Capitals,Delhi Capitals,field,Gujarat Titans,0,8,Rohit Sharma,wickets,1,Gujarat Titans,Delhi Capitals,Sunil Narine,Jasprit Bumrah,0,0,0,0,1,5
IPL2018_064,2018,2018-10-13,Jaipur,Sawai Mansingh Stadium,Gujarat Titans,Delhi Capitals,Delhi Capitals,field,Gujarat Titans,0,8,Rohit Sharma,wickets,1,Gujarat Titans,Delhi Capitals,Jasprit Bumrah,Glenn Maxwell,4,0,4,0,1,6
IPL2018_064,2018,2018-10-13,Jaipur,Sawai Mansingh Stadium,Gujarat Titans,Delhi Capitals,Delhi Capitals,field,Gujarat Titans,0,8,Rohit Sharma,wickets,1,Gujarat Titans,Delhi Capitals,Faf du Plessis,Suryakumar Yadav,0,0,0,0,2,1
IPL2018_064,2018,2018-10-13,Jaipur,Sawai Mansingh Stadium,Gujarat Titans,Delhi Capitals,Delhi Capitals,field,Gujarat Titans,0,8,Rohit Sharma,wickets,1,Gujarat Titans,Delhi Capitals,Prithvi Shaw,Faf du Plessis,3,0,3,0,2,2
IPL2018_064,2018,2018-10-13,Jaipur,Sawai Mansingh Stadium,Gujarat Titans,Delhi Capitals,Delhi Capitals,field,Gujarat Titans,0,8,Rohit Sharma,wickets,1,Gujarat Titans,Delhi Capitals,Shikhar Dhawan,Suryakumar Yadav,0,0,0,0,2,3
IPL2018_064,2018,2018-10-13,Jaipur,Sawai Mansingh Stadium,Gujarat Titans,Delhi Capitals,Delhi Capitals,field,Gujarat Titans,0,8,Rohit Sharma,wickets,1,Gujarat Titans,Delhi Capitals,Jos Buttler,Shubman Gill,1,0,1,0,2,4
IPL2018_064,2018,2018-10-13,Jaipur,Sawai Mansingh Stadium,Gujarat Titans,Delhi Capitals,Delhi Capitals,field,Gujarat Titans,0,8,Rohit Sharma,wickets,2,Delhi Capitals,Gujarat Titans,Trent Boult,Ravindra Jadeja,0,0,0,0,1,1
IPL2018_064,2018,2018-10-13,Jaipur,Sawai Mansingh Stadium,Gujarat Titans,Delhi Capitals,Delhi Capitals,field,Gujarat Titans,0,8,Rohit Sharma,wickets,2,Delhi Capitals,Gujarat Titans,Mohammed Siraj,Rashid Khan,2,0,2,0,1,2
IPL2018_064,2018,2018-10-13,Jaipur,Sawai Mansingh Stadium,Gujarat Titans,Delhi Capitals,Delhi Capitals,field,Gujarat Titans,0,8,Rohit Sharma,wickets,2,Delhi Capitals,Gujarat Titans,Rashid Khan,Rohit Sharma,4,0,4,0,1,3
IPL2018_064,2018,2018-10-13,Jaipur,Sawai Mansingh Stadium,Gujarat Titans,Delhi Capitals,Delhi Capitals,field,Gujarat Titans,0,8,Rohit Sharma,wickets,2,Delhi Capitals,Gujarat Titans,Shreyas Iyer,Ishan Kishan,1,0,1,1,1,4
IPL2018_064,2018,2018-10-13,Jaipur,Sawai Mansingh Stadium,Gujarat Titans,Delhi Capitals,Delhi Capitals,field,Gujarat Titans,0,8,Rohit Sharma,wickets,2,Delhi Capitals,Gujarat Titans,Yashasvi Jaiswal,Rashid Khan,2,0,2,0,1,5
IPL2018_064,2018,2018-10-13,Jaipur,Sawai Mansingh Stadium,Gujarat Titans,Delhi Capitals,Delhi Capitals,field,Gujarat Titans,0,8,Rohit Sharma,wickets,2,Delhi Capitals,Gujarat Titans,Pat Cummins,Rashid Khan,2,1,3,1,1,6
IPL2018_064,2018,2018-10-13,Jaipur,Sawai Mansingh Stadium,Gujarat Titans,Delhi Capitals,Delhi Capitals,field,Gujarat Titans,0,8,Rohit Sharma,wickets,2,Delhi Capitals,Gujarat Titans,Rohit Sharma,Shubman Gill,0,0,0,0,2,1
IPL2018_064,2018,2018-10-13,Jaipur,Sawai Mansingh Stadium,Gujarat Titans,Delhi Capitals,Delhi Capitals,field,Gujarat Titans,0,8,Rohit Sharma,wickets,2,Delhi Capitals,Gujarat Titans,David Warner,KL Rahul,6,0,6,0,2,2
IPL2018_064,2018,2018-10-13,Jaipur,Sawai Mansingh Stadium,Gujarat Titans,Delhi Capitals,Delhi Capitals,field,Gujarat Titans,0,8,Rohit Sharma,wickets,2,Delhi Capitals,Gujarat Titans,Shikhar Dhawan,Sunil Narine,1,0,1,0,2,3
IPL2018_064,2018,2018-10-13,Jaipur,Sawai Mansingh Stadium,Gujarat Titans,Delhi Capitals,Delhi Capitals,field,Gujarat Titans,0,8,Rohit Sharma,wickets,2,Delhi Capitals,Gujarat Titans,Shubman Gill,Shreyas Iyer,0,0,0,0,2,4
IPL2019_065,2019,2018-10-16,Ahmedabad,Narendra Modi Stadium,Royal Challengers Bengaluru,Chennai Super Kings,Royal Challengers Bengaluru,field,Chennai Super Kings,16,0,Pat Cummins,runs,1,Royal Challengers Bengaluru,Chennai Super Kings,Bhuvneshwar Kumar,Ruturaj Gaikwad,0,0,0,0,1,1
IPL2019_065,2019,2018-10-16,Ahmedabad,Narendra Modi Stadium,Royal Challengers Bengaluru,Chennai Super Kings,Royal Challengers Bengaluru,field,Chennai Super Kings,16,0,Pat Cummins,runs,1,Royal Challengers Bengaluru,Chennai Super Kings,KL Rahul,Ruturaj Gaikwad,4,0,4,0,1,2
IPL2019_065,2019,2018-10-16,Ahmedabad,Narendra Modi Stadium,Royal Challengers Bengaluru,Chennai Super Kings,Royal Challengers Bengaluru,field,Chennai Super Kings,16,0,Pat Cummins,runs,1,Royal Challengers Bengaluru,Chennai Super Kings,Pat Cummins,Rohit Sharma,1,0,1,0,1,3
IPL2019_065,2019,2018-10-16,Ahmedabad,Narendra Modi Stadium,Royal Challengers Bengaluru,Chennai Super Kings,Royal Challengers Bengaluru,field,Chennai Super Kings,16,0,Pat Cummins,runs,1,Royal Challengers Bengaluru,Chennai Super Kings,Prithvi Shaw,Bhuvneshwar Kumar,0,0,0,0,1,4
IPL2019_065,2019,2018-10-16,Ahmedabad,Narendra Modi Stadium,Royal Challengers Bengaluru,Chennai Super Kings,Royal Challengers Bengaluru,field,Chennai Super Kings,16,0,Pat Cummins,runs,1,Royal Challengers Bengaluru,Chennai Super Kings,MS Dhoni,Pat Cummins,4,0,4,0,1,5
IPL2019_065,2019,2018-10-16,Ahmedabad,Narendra Modi Stadium,Royal Challengers Bengaluru,Chennai Super Kings,Royal Challengers Bengaluru,field,Chennai Super Kings,16,0,Pat Cummins,runs,1,Royal Challengers Bengaluru,Chennai Super Kings,Mohammed Siraj,Rashid Khan,1,0,1,0,1,6
IPL2019_065,2019,2018-10-16,Ahmedabad,Narendra Modi Stadium,Royal Challengers Bengaluru,Chennai Super Kings,Royal Challengers Bengaluru,field,Chennai Super Kings,16,0,Pat Cummins,runs,1,Royal Challengers Bengaluru,Chennai Super Kings,Faf du Plessis,Ravindra Jadeja,2,0,2,0,2,1
IPL2019_065,2019,2018-10-16,Ahmedabad,Narendra Modi Stadium,Royal Challengers Bengaluru,Chennai Super Kings,Royal Challengers Bengaluru,field,Chennai Super Kings,16,0,Pat Cummins,runs,1,Royal Challengers Bengaluru,Chennai Super Kings,Ravindra Jadeja,Tilak Varma,4,0,4,0,2,2
IPL2019_065,2019,2018-10-16,Ahmedabad,Narendra Modi Stadium,Royal Challengers Bengaluru,Chennai Super Kings,Royal Challengers Bengaluru,field,Chennai Super Kings,16,0,Pat Cummins,runs,1,Royal Challengers Bengaluru,Chennai Super Kings,Prithvi Shaw,Rohit Sharma,1,0,1,0,2,3
IPL2019_065,2019,2018-10-16,Ahmedabad,Narendra Modi Stadium,Royal Challengers Bengaluru,Chennai Super Kings,Royal Challengers Bengaluru,field,Chennai Super Kings,16,0,Pat Cummins,runs,1,Royal Challengers Bengaluru,Chennai Super Kings,Prithvi Shaw,Prithvi Shaw,1,0,1,0,2,4
IPL2019_065,2019,2018-10-16,Ahmedabad,Narendra Modi Stadium,Royal Challengers Bengaluru,Chennai Super Kings,Royal Challengers Bengaluru,field,Chennai Super Kings,16,0,Pat Cummins,runs,2,Chennai Super Kings,Royal Challengers Bengaluru,Sanju Samson,David Warner,4,0,4,0,1,1
IPL2019_065,2019,2018-10-16,Ahmedabad,Narendra Modi Stadium,Royal Challengers Bengaluru,Chennai Super Kings,Royal Challengers Bengaluru,field,Chennai Super Kings,16,0,Pat Cummins,runs,2,Chennai Super Kings,Royal Challengers Bengaluru,Ishan Kishan,Glenn Maxwell,0,0,0,0,1,2
IPL2019_065,2019,2018-10-16,Ahmedabad,Narendra Modi Stadium,Royal Challengers Bengaluru,Chennai Super Kings,Royal Challengers Bengaluru,field,Chennai Super Kings,16,0,Pat Cummins,runs,2,Chennai Super Kings,Royal Challengers Bengaluru,Sanju Samson,Prithvi Shaw,0,0,0,1,1,3
IPL2019_065,2019,2018-10-16,Ahmedabad,Narendra Modi Stadium,Royal Challengers Bengaluru,Chennai Super Kings,Royal Challengers Bengaluru,field,Chennai Super Kings,16,0,Pat Cummins,runs,2,Chennai Super Kings,Royal Challengers Bengaluru,Prithvi Shaw,Rohit Sharma,6,1,7,0,1,4
IPL2019_065,2019,2018-10-16,Ahmedabad,Narendra Modi Stadium,Royal Challengers Bengaluru,Chennai Super Kings,Royal Challengers Bengaluru,field,Chennai Super Kings,16,0,Pat Cummins,runs,2,Chennai Super Kings,Royal Challengers Bengaluru,Glenn Maxwell,Hardik Pandya,2,0,2,0,1,5
IPL2019_065,2019,2018-10-16,Ahmedabad,Narendra Modi Stadium,Royal Challengers Bengaluru,Chennai Super Kings,Royal Challengers Bengaluru,field,Chennai Super Kings,16,0,Pat Cummins,runs,2,Chennai Super Kings,Royal Challengers Bengaluru,Nicholas Pooran,Sunil Narine,3,1,4,0,1,6
IPL2019_065,2019,2018-10-16,Ahmedabad,Narendra Modi Stadium,Royal Challengers Bengaluru,Chennai Super Kings,Royal Challengers Bengaluru,field,Chennai Super Kings,16,0,Pat Cummins,runs,2,Chennai Super Kings,Royal Challengers Bengaluru,Sanju Samson,Prithvi Shaw,3,0,3,0,2,1
IPL2019_065,2019,2018-10-16,Ahmedabad,Narendra Modi Stadium,Royal Challengers Bengaluru,Chennai Super Kings,Royal Challengers Bengaluru,field,Chennai Super Kings,16,0,Pat Cummins,runs,2,Chennai Super Kings,Royal Challengers Bengaluru,Ravindra Jadeja,Tilak Varma,0,0,0,0,2,2
IPL2019_065,2019,2018-10-16,Ahmedabad,Narendra Modi Stadium,Royal Challengers Bengaluru,Chennai Super Kings,Royal Challengers Bengaluru,field,Chennai Super Kings,16,0,Pat Cummins,runs,2,Chennai Super Kings,Royal Challengers Bengaluru,Prithvi Shaw,Ruturaj Gaikwad,2,0,2,0,2,3
IPL2019_065,2019,2018-10-16,Ahmedabad,Narendra Modi Stadium,Royal Challengers Bengaluru,Chennai Super Kings,Royal Challengers Bengaluru,field,Chennai Super Kings,16,0,Pat Cummins,runs,2,Chennai Super Kings,Royal Challengers Bengaluru,Ishan Kishan,Rohit Sharma,0,0,0,0,2,4
IPL2020_066,2020,2018-10-19,Ahmedabad,Narendra Modi Stadium,Chennai Super Kings,Rajasthan Royals,Chennai Super Kings,field,Rajasthan Royals,0,0,Pat Cummins,normal,1,Chennai Super Kings,Rajasthan Royals,Yashasvi Jaiswal,Sunil Narine,0,0,0,0,1,1
IPL2020_066,2020,2018-10-19,Ahmedabad,Narendra Modi Stadium,Chennai Super Kings,Rajasthan Royals,Chennai Super Kings,field,Rajasthan Royals,0,0,Pat Cummins,normal,1,Chennai Super Kings,Rajasthan Royals,Ishan Kishan,Jos Buttler,0,0,0,0,1,2
IPL2020_066,2020,2018-10-19,Ahmedabad,Narendra Modi Stadium,Chennai Super Kings,Rajasthan Royals,Chennai Super Kings,field,Rajasthan Royals,0,0,Pat Cummins,normal,1,Chennai Super Kings,Rajasthan Royals,Tilak Varma,Yashasvi Jaiswal,2,0,2,0,1,3
IPL2020_066,2020,2018-10-19,Ahmedabad,Narendra Modi Stadium,Chennai Super Kings,Rajasthan Royals,Chennai Super Kings,field,Rajasthan Royals,0,0,Pat Cummins,normal,1,Chennai Super Kings,Rajasthan Royals,Andre Russell,Suryakumar Yadav,1,0,1,1,1,4
IPL2020_066,2020,2018-10-19,Ahmedabad,Narendra Modi Stadium,Chennai Super Kings,Rajasthan Royals,Chennai Super Kings,field,Rajasthan Royals,0,0,Pat Cummins,normal,1,Chennai Super Kings,Rajasthan Royals,Jasprit Bumrah,Nicholas Pooran,2,0,2,0,1,5
IPL2020_066,2020,2018-10-19,Ahmedabad,Narendra Modi Stadium,Chennai Super Kings,Rajasthan Royals,Chennai Super Kings,field,Rajasthan Royals,0,0,Pat Cummins,normal,1,Chennai Super Kings,Rajasthan Royals,Shubman Gill,KL Rahul,0,0,0,0,1,6
IPL2020_066,2020,2018-10-19,Ahmedabad,Narendra Modi Stadium,Chennai Super Kings,Rajasthan Royals,Chennai Super Kings,field,Rajasthan Royals,0,0,Pat Cummins,normal,1,Chennai Super Kings,Rajasthan Royals,Sanju Samson,Ravindra Jadeja,6,0,6,0,2,1
IPL2020_066,2020,2018-10-19,Ahmedabad,Narendra Modi Stadium,Chennai Super Kings,Rajasthan Royals,Chennai Super Kings,field,Rajasthan Royals,0,0,Pat Cummins,normal,1,Chennai Super Kings,Rajasthan Royals,Andre Russell,Pat Cummins,4,1,5,0,2,2
IPL2020_066,2020,2018-10-19,Ahmedabad,Narendra Modi Stadium,Chennai Super Kings,Rajasthan Royals,Chennai Super Kings,field,Rajasthan Royals,0,0,Pat Cummins,normal,1,Chennai Super Kings,Rajasthan Royals,Suryakumar Yadav,Shikhar Dhawan,0,0,0,0,2,3
IPL2020_066,2020,2018-10-19,Ahmedabad,Narendra Modi Stadium,Chennai Super Kings,Rajasthan Royals,Chennai Super Kings,field,Rajasthan Royals,0,0,Pat Cummins,normal,1,Chennai Super Kings,Rajasthan Royals,Sanju Samson,Virat Kohli,1,0,1,0,2,4
IPL2020_066,2020,2018-10-19,Ahmedabad,Narendra Modi Stadium,Chennai Super Kings,Rajasthan Royals,Chennai Super Kings,field,Rajasthan Royals,0,0,Pat Cummins,normal,2,Rajasthan Royals,Chennai Super Kings,Ravindra Jadeja,KL Rahul,0,0,0,0,1,1
IPL2020_066,2020,2018-10-19,Ahmedabad,Narendra Modi Stadium,Chennai Super Kings,Rajasthan Royals,Chennai Super Kings,field,Rajasthan Royals,0,0,Pat Cummins,normal,2,Rajasthan Royals,Chennai Super Kings,Nicholas Pooran,Ruturaj Gaikwad,0,0,0,0,1,2
IPL2020_066,2020,2018-10-19,Ahmedabad,Narendra Modi Stadium,Chennai Super Kings,Rajasthan Royals,Chennai Super Kings,field,Rajasthan Royals,0,0,Pat Cummins,normal,2,Rajasthan Royals,Chennai Super Kings,Mohammed Siraj,Shreyas Iyer,6,0,6,0,1,3
IPL2020_066,2020,2018-10-19,Ahmedabad,Narendra Modi Stadium,Chennai Super Kings,Rajasthan Royals,Chennai Super Kings,field,Rajasthan Royals,0,0,Pat Cummins,normal,2,Rajasthan Royals,Chennai Super Kings,Bhuvneshwar Kumar,Jasprit Bumrah,2,0,2,0,1,4
IPL2020_066,2020,2018-10-19,Ahmedabad,Narendra Modi Stadium,Chennai Super Kings,Rajasthan Royals,Chennai Super Kings,field,Rajasthan Royals,0,0,Pat Cummins,normal,2,Rajasthan Royals,Chennai Super Kings,Sanju Samson,Trent Boult,1,0,1,0,1,5
IPL2020_066,2020,2018-10-19,Ahmedabad,Narendra Modi Stadium,Chennai Super Kings,Rajasthan Royals,Chennai Super Kings,field,Rajasthan Royals,0,0,Pat Cummins,normal,2,Rajasthan Royals,Chennai Super Kings,Tilak Varma,Pat Cummins,1,0,1,0,1,6
IPL2020_066,2020,2018-10-19,Ahmedabad,Narendra Modi Stadium,Chennai Super Kings,Rajasthan Royals,Chennai Super Kings,field,Rajasthan Royals,0,0,Pat Cummins,normal,2,Rajasthan Royals,Chennai Super Kings,Ishan Kishan,Hardik Pandya,0,0,0,0,2,1
IPL2020_066,2020,2018-10-19,Ahmedabad,Narendra Modi Stadium,Chennai Super Kings,Rajasthan Royals,Chennai Super Kings,field,Rajasthan Royals,0,0,Pat Cummins,normal,2,Rajasthan Royals,Chennai Super Kings,Glenn Maxwell,David Warner,4,0,4,0,2,2
IPL2020_066,2020,2018-10-19,Ahmedabad,Narendra Modi Stadium,Chennai Super Kings,Rajasthan Royals,Chennai Super Kings,field,Rajasthan Royals,0,0,Pat Cummins,normal,2,Rajasthan Royals,Chennai Super Kings,Yashasvi Jaiswal,KL Rahul,1,0,1,0,2,3
IPL2020_066,2020,2018-10-19,Ahmedabad,Narendra Modi Stadium,Chennai Super Kings,Rajasthan Royals,Chennai Super Kings,field,Rajasthan Royals,0,0,Pat Cummins,normal,2,Rajasthan Royals,Chennai Super Kings,MS Dhoni,Hardik Pandya,0,0,0,0,2,4
IPL2021_067,2021,2018-10-22,Kolkata,Eden Gardens,Mumbai Indians,Royal Challengers Bengaluru,Mumbai Indians,field,Royal Challengers Bengaluru,0,5,Virat Kohli,wickets,1,Mumbai Indians,Royal Challengers Bengaluru,Hardik Pandya,Rashid Khan,2,0,2,0,1,1
IPL2021_067,2021,2018-10-22,Kolkata,Eden Gardens,Mumbai Indians,Royal Challengers Bengaluru,Mumbai Indians,field,Royal Challengers Bengaluru,0,5,Virat Kohli,wickets,1,Mumbai Indians,Royal Challengers Bengaluru,Andre Russell,Bhuvneshwar Kumar,1,0,1,0,1,2
IPL2021_067,2021,2018-10-22,Kolkata,Eden Gardens,Mumbai Indians,Royal Challengers Bengaluru,Mumbai Indians,field,Royal Challengers Bengaluru,0,5,Virat Kohli,wickets,1,Mumbai Indians,Royal Challengers Bengaluru,Suryakumar Yadav,KL Rahul,0,0,0,0,1,3
IPL2021_067,2021,2018-10-22,Kolkata,Eden Gardens,Mumbai Indians,Royal Challengers Bengaluru,Mumbai Indians,field,Royal Challengers Bengaluru,0,5,Virat Kohli,wickets,1,Mumbai Indians,Royal Challengers Bengaluru,Ruturaj Gaikwad,Mohammed Siraj,2,0,2,0,1,4
IPL2021_067,2021,2018-10-22,Kolkata,Eden Gardens,Mumbai Indians,Royal Challengers Bengaluru,Mumbai Indians,field,Royal Challengers Bengaluru,0,5,Virat Kohli,wickets,1,Mumbai Indians,Royal Challengers Bengaluru,Ravindra Jadeja,Mohammed Siraj,0,0,0,0,1,5
IPL2021_067,2021,2018-10-22,Kolkata,Eden Gardens,Mumbai Indians,Royal Challengers Bengaluru,Mumbai Indians,field,Royal Challengers Bengaluru,0,5,Virat Kohli,wickets,1,Mumbai Indians,Royal Challengers Bengaluru,Virat Kohli,Suryakumar Yadav,1,0,1,0,1,6
IPL2021_067,2021,2018-10-22,Kolkata,Eden Gardens,Mumbai Indians,Royal Challengers Bengaluru,Mumbai Indians,field,Royal Challengers Bengaluru,0,5,Virat Kohli,wickets,1,Mumbai Indians,Royal Challengers Bengaluru,Pat Cummins,Rishabh Pant,0,1,1,0,2,1
IPL2021_067,2021,2018-10-22,Kolkata,Eden Gardens,Mumbai Indians,Royal Challengers Bengaluru,Mumbai Indians,field,Royal Challengers Bengaluru,0,5,Virat Kohli,wickets,1,Mumbai Indians,Royal Challengers Bengaluru,Shikhar Dhawan,Rashid Khan,1,0,1,0,2,2
IPL2021_067,2021,2018-10-22,Kolkata,Eden Gardens,Mumbai Indians,Royal Challengers Bengaluru,Mumbai Indians,field,Royal Challengers Bengaluru,0,5,Virat Kohli,wickets,1,Mumbai Indians,Royal Challengers Bengaluru,Rohit Sharma,Shreyas Iyer,0,0,0,0,2,3
IPL2021_067,2021,2018-10-22,Kolkata,Eden Gardens,Mumbai Indians,Royal Challengers Bengaluru,Mumbai Indians,field,Royal Challengers Bengaluru,0,5,Virat Kohli,wickets,1,Mumbai Indians,Royal Challengers Bengaluru,Shubman Gill,Andre Russell,3,0,3,0,2,4
IPL2021_067,2021,2018-10-22,Kolkata,Eden Gardens,Mumbai Indians,Royal Challengers Bengaluru,Mumbai Indians,field,Royal Challengers Bengaluru,0,5,Virat Kohli,wickets,2,Royal Challengers Bengaluru,Mumbai Indians,Ruturaj Gaikwad,Sanju Samson,0,0,0,0,1,1
IPL2021_067,2021,2018-10-22,Kolkata,Eden Gardens,Mumbai Indians,Royal Challengers Bengaluru,Mumbai Indians,field,Royal Challengers Bengaluru,0,5,Virat Kohli,wickets,2,Royal Challengers Bengaluru,Mumbai Indians,Hardik Pandya,Shreyas Iyer,1,0,1,1,1,2
IPL2021_067,2021,2018-10-22,Kolkata,Eden Gardens,Mumbai Indians,Royal Challengers Bengaluru,Mumbai Indians,field,Royal Challengers Bengaluru,0,5,Virat Kohli,wickets,2,Royal Challengers Bengaluru,Mumbai Indians,Yashasvi Jaiswal,Prithvi Shaw,6,0,6,0,1,3
IPL2021_067,2021,2018-10-22,Kolkata,Eden Gardens,Mumbai Indians,Royal Challengers Bengaluru,Mumbai Indians,field,Royal Challengers Bengaluru,0,5,Virat Kohli,wickets,2,Royal Challengers Bengaluru,Mumbai Indians,Ishan Kishan,Ishan Kishan,1,0,1,0,1,4
IPL2021_067,2021,2018-10-22,Kolkata,Eden Gardens,Mumbai Indians,Royal Challengers Bengaluru,Mumbai Indians,field,Royal Challengers Bengaluru,0,5,Virat Kohli,wickets,2,Royal Challengers Bengaluru,Mumbai Indians,Shikhar Dhawan,Bhuvneshwar Kumar,1,0,1,0,1,5
IPL2021_067,2021,2018-10-22,Kolkata,Eden Gardens,Mumbai Indians,Royal Challengers Bengaluru,Mumbai Indians,field,Royal Challengers Bengaluru,0,5,Virat Kohli,wickets,2,Royal Challengers Bengaluru,Mumbai Indians,Ruturaj Gaikwad,Shikhar Dhawan,2,2,4,0,1,6
IPL2021_067,2021,2018-10-22,Kolkata,Eden Gardens,Mumbai Indians,Royal Challengers Bengaluru,Mumbai Indians,field,Royal Challengers Bengaluru,0,5,Virat Kohli,wickets,2,Royal Challengers Bengaluru,Mumbai Indians,Shubman Gill,Pat Cummins,1,0,1,0,2,1
IPL2021_067,2021,2018-10-22,Kolkata,Eden Gardens,Mumbai Indians,Royal Challengers Bengaluru,Mumbai Indians,field,Royal Challengers Bengaluru,0,5,Virat Kohli,wickets,2,Royal Challengers Bengaluru,Mumbai Indians,Prithvi Shaw,Ruturaj Gaikwad,2,0,2,0,2,2
IPL2021_067,2021,2018-10-22,Kolkata,Eden Gardens,Mumbai Indians,Royal Challengers Bengaluru,Mumbai Indians,field,Royal Challengers Bengaluru,0,5,Virat Kohli,wickets,2,Royal Challengers Bengaluru,Mumbai Indians,Rishabh Pant,Trent Boult,0,0,0,0,2,3
IPL2021_067,2021,2018-10-22,Kolkata,Eden Gardens,Mumbai Indians,Royal Challengers Bengaluru,Mumbai Indians,field,Royal Challengers Bengaluru,0,5,Virat Kohli,wickets,2,Royal Challengers Bengaluru,Mumbai Indians,Rashid Khan,Rashid Khan,0,0,0,0,2,4
IPL2022_068,2022,2018-10-25,Delhi,Arun Jaitley Stadium,Royal Challengers Bengaluru,Punjab Kings,Royal Challengers Bengaluru,field,Punjab Kings,0,0,Shikhar Dhawan,normal,1,Royal Challengers Bengaluru,Punjab Kings,Prithvi Shaw,Sunil Narine,1,0,1,0,1,1
IPL2022_068,2022,2018-10-25,Delhi,Arun Jaitley Stadium,Royal Challengers Bengaluru,Punjab Kings,Royal Challengers Bengaluru,field,Punjab Kings,0,0,Shikhar Dhawan,normal,1,Royal Challengers Bengaluru,Punjab Kings,Bhuvneshwar Kumar,Faf du Plessis,1,0,1,0,1,2
IPL2022_068,2022,2018-10-25,Delhi,Arun Jaitley Stadium,Royal Challengers Bengaluru,Punjab Kings,Royal Challengers Bengaluru,field,Punjab Kings,0,0,Shikhar Dhawan,normal,1,Royal Challengers Bengaluru,Punjab Kings,Nicholas Pooran,Shreyas Iyer,3,0,3,0,1,3
IPL2022_068,2022,2018-10-25,Delhi,Arun Jaitley Stadium,Royal Challengers Bengaluru,Punjab Kings,Royal Challengers Bengaluru,field,Punjab Kings,0,0,Shikhar Dhawan,normal,1,Royal Challengers Bengaluru,Punjab Kings,Glenn Maxwell,Jasprit Bumrah,1,0,1,0,1,4
IPL2022_068,2022,2018-10-25,Delhi,Arun Jaitley Stadium,Royal Challengers Bengaluru,Punjab Kings,Royal Challengers Bengaluru,field,Punjab Kings,0,0,Shikhar Dhawan,normal,1,Royal Challengers Bengaluru,Punjab Kings,Bhuvneshwar Kumar,Rashid Khan,0,1,1,0,1,5
IPL2022_068,2022,2018-10-25,Delhi,Arun Jaitley Stadium,Royal Challengers Bengaluru,Punjab Kings,Royal Challengers Bengaluru,field,Punjab Kings,0,0,Shikhar Dhawan,normal,1,Royal Challengers Bengaluru,Punjab Kings,Shreyas Iyer,Bhuvneshwar Kumar,0,0,0,0,1,6
IPL2022_068,2022,2018-10-25,Delhi,Arun Jaitley Stadium,Royal Challengers Bengaluru,Punjab Kings,Royal Challengers Bengaluru,field,Punjab Kings,0,0,Shikhar Dhawan,normal,1,Royal Challengers Bengaluru,Punjab Kings,Trent Boult,Tilak Varma,2,0,2,1,2,1
IPL2022_068,2022,2018-10-25,Delhi,Arun Jaitley Stadium,Royal Challengers Bengaluru,Punjab Kings,Royal Challengers Bengaluru,field,Punjab Kings,0,0,Shikhar Dhawan,normal,1,Royal Challengers Bengaluru,Punjab Kings,Nicholas Pooran,MS Dhoni,1,0,1,1,2,2
IPL2022_068,2022,2018-10-25,Delhi,Arun Jaitley Stadium,Royal Challengers Bengaluru,Punjab Kings,Royal Challengers Bengaluru,field,Punjab Kings,0,0,Shikhar Dhawan,normal,1,Royal Challengers Bengaluru,Punjab Kings,Yashasvi Jaiswal,Andre Russell,1,1,2,0,2,3
IPL2022_068,2022,2018-10-25,Delhi,Arun Jaitley Stadium,Royal Challengers Bengaluru,Punjab Kings,Royal Challengers Bengaluru,field,Punjab Kings,0,0,Shikhar Dhawan,normal,1,Royal Challengers Bengaluru,Punjab Kings,Yashasvi Jaiswal,Shikhar Dhawan,2,0,2,0,2,4
IPL2022_068,2022,2018-10-25,Delhi,Arun Jaitley Stadium,Royal Challengers Bengaluru,Punjab Kings,Royal Challengers Bengaluru,field,Punjab Kings,0,0,Shikhar Dhawan,normal,2,Punjab Kings,Royal Challengers Bengaluru,Rishabh Pant,MS Dhoni,2,0,2,0,1,1
IPL2022_068,2022,2018-10-25,Delhi,Arun Jaitley Stadium,Royal Challengers Bengaluru,Punjab Kings,Royal Challengers Bengaluru,field,Punjab Kings,0,0,Shikhar Dhawan,normal,2,Punjab Kings,Royal Challengers Bengaluru,Prithvi Shaw,Mohammed Siraj,2,0,2,0,1,2
IPL2022_068,2022,2018-10-25,Delhi,Arun Jaitley Stadium,Royal Challengers Bengaluru,Punjab Kings,Royal Challengers Bengaluru,field,Punjab Kings,0,0,Shikhar Dhawan,normal,2,Punjab Kings,Royal Challengers Bengaluru,Shubman Gill,Rohit Sharma,0,0,0,0,1,3
IPL2022_068,2022,2018-10-25,Delhi,Arun Jaitley Stadium,Royal Challengers Bengaluru,Punjab Kings,Royal Challengers Bengaluru,field,Punjab Kings,0,0,Shikhar Dhawan,normal,2,Punjab Kings,Royal Challengers Bengaluru,Glenn Maxwell,Faf du Plessis,0,0,0,0,1,4
IPL2022_068,2022,2018-10-25,Delhi,Arun Jaitley Stadium,Royal Challengers Bengaluru,Punjab Kings,Royal Challengers Bengaluru,field,Punjab Kings,0,0,Shikhar Dhawan,normal,2,Punjab Kings,Royal Challengers Bengaluru,Ishan Kishan,Yashasvi Jaiswal,3,0,3,0,1,5
IPL2022_068,2022,2018-10-25,Delhi,Arun Jaitley Stadium,Royal Challengers Bengaluru,Punjab Kings,Royal Challengers Bengaluru,field,Punjab Kings,0,0,Shikhar Dhawan,normal,2,Punjab Kings,Royal Challengers Bengaluru,Jasprit Bumrah,Mohammed Siraj,2,0,2,0,1,6
IPL2022_068,2022,2018-10-25,Delhi,Arun Jaitley Stadium,Royal Challengers Bengaluru,Punjab Kings,Royal Challengers Bengaluru,field,Punjab Kings,0,0,Shikhar Dhawan,normal,2,Punjab Kings,Royal Challengers Bengaluru,Faf du Plessis,Jos Buttler,1,0,1,0,2,1
IPL2022_068,2022,2018-10-25,Delhi,Arun Jaitley Stadium,Royal Challengers Bengaluru,Punjab Kings,Royal Challengers Bengaluru,field,Punjab Kings,0,0,Shikhar Dhawan,normal,2,Punjab Kings,Royal Challengers Bengaluru,Sanju Samson,KL Rahul,1,0,1,0,2,2
IPL2022_068,2022,2018-10-25,Delhi,Arun Jaitley Stadium,Royal Challengers Bengaluru,Punjab Kings,Royal Challengers Bengaluru,field,Punjab Kings,0,0,Shikhar Dhawan,normal,2,Punjab Kings,Royal Challengers Bengaluru,Tilak Varma,Yashasvi Jaiswal,0,0,0,0,2,3
IPL2022_068,2022,2018-10-25,Delhi,Arun Jaitley Stadium,Royal Challengers Bengaluru,Punjab Kings,Royal Challengers Bengaluru,field,Punjab Kings,0,0,Shikhar Dhawan,normal,2,Punjab Kings,Royal Challengers Bengaluru,Andre Russell,Shubman Gill,1,0,1,0,2,4
IPL2023_069,2023,2018-10-28,Ahmedabad,Narendra Modi Stadium,Kolkata Knight Riders,Punjab Kings,Kolkata Knight Riders,field,Kolkata Knight Riders,0,0,Jos Buttler,normal,1,Kolkata Knight Riders,Punjab Kings,David Warner,Andre Russell,3,0,3,0,1,1
IPL2023_069,2023,2018-10-28,Ahmedabad,Narendra Modi Stadium,Kolkata Knight Riders,Punjab Kings,Kolkata Knight Riders,field,Kolkata Knight Riders,0,0,Jos Buttler,normal,1,Kolkata Knight Riders,Punjab Kings,Mohammed Siraj,Rohit Sharma,4,2,6,0,1,2
IPL2023_069,2023,2018-10-28,Ahmedabad,Narendra Modi Stadium,Kolkata Knight Riders,Punjab Kings,Kolkata Knight Riders,field,Kolkata Knight Riders,0,0,Jos Buttler,normal,1,Kolkata Knight Riders,Punjab Kings,Faf du Plessis,Andre Russell,3,2,5,0,1,3
IPL2023_069,2023,2018-10-28,Ahmedabad,Narendra Modi Stadium,Kolkata Knight Riders,Punjab Kings,Kolkata Knight Riders,field,Kolkata Knight Riders,0,0,Jos Buttler,normal,1,Kolkata Knight Riders,Punjab Kings,Shreyas Iyer,Nicholas Pooran,0,0,0,0,1,4
IPL2023_069,2023,2018-10-28,Ahmedabad,Narendra Modi Stadium,Kolkata Knight Riders,Punjab Kings,Kolkata Knight Riders,field,Kolkata Knight Riders,0,0,Jos Buttler,normal,1,Kolkata Knight Riders,Punjab Kings,Ruturaj Gaikwad,Ravindra Jadeja,1,0,1,0,1,5
IPL2023_069,2023,2018-10-28,Ahmedabad,Narendra Modi Stadium,Kolkata Knight Riders,Punjab Kings,Kolkata Knight Riders,field,Kolkata Knight Riders,0,0,Jos Buttler,normal,1,Kolkata Knight Riders,Punjab Kings,Virat Kohli,Hardik Pandya,0,1,1,0,1,6
IPL2023_069,2023,2018-10-28,Ahmedabad,Narendra Modi Stadium,Kolkata Knight Riders,Punjab Kings,Kolkata Knight Riders,field,Kolkata Knight Riders,0,0,Jos Buttler,normal,1,Kolkata Knight Riders,Punjab Kings,Suryakumar Yadav,Glenn Maxwell,0,0,0,1,2,1
IPL2023_069,2023,2018-10-28,Ahmedabad,Narendra Modi Stadium,Kolkata Knight Riders,Punjab Kings,Kolkata Knight Riders,field,Kolkata Knight Riders,0,0,Jos Buttler,normal,1,Kolkata Knight Riders,Punjab Kings,Virat Kohli,Ravindra Jadeja,2,0,2,0,2,2
IPL2023_069,2023,2018-10-28,Ahmedabad,Narendra Modi Stadium,Kolkata Knight Riders,Punjab Kings,Kolkata Knight Riders,field,Kolkata Knight Riders,0,0,Jos Buttler,normal,1,Kolkata Knight Riders,Punjab Kings,Jasprit Bumrah,Mohammed Siraj,0,0,0,0,2,3
IPL2023_069,2023,2018-10-28,Ahmedabad,Narendra Modi Stadium,Kolkata Knight Riders,Punjab Kings,Kolkata Knight Riders,field,Kolkata Knight Riders,0,0,Jos Buttler,normal,1,Kolkata Knight Riders,Punjab Kings,MS Dhoni,Rohit Sharma,4,0,4,0,2,4
IPL2023_069,2023,2018-10-28,Ahmedabad,Narendra Modi Stadium,Kolkata Knight Riders,Punjab Kings,Kolkata Knight Riders,field,Kolkata Knight Riders,0,0,Jos Buttler,normal,2,Punjab Kings,Kolkata Knight Riders,David Warner,Rishabh Pant,0,0,0,0,1,1
IPL2023_069,2023,2018-10-28,Ahmedabad,Narendra Modi Stadium,Kolkata Knight Riders,Punjab Kings,Kolkata Knight Riders,field,Kolkata Knight Riders,0,0,Jos Buttler,normal,2,Punjab Kings,Kolkata Knight Riders,Shikhar Dhawan,MS Dhoni,0,0,0,0,1,2
IPL2023_069,2023,2018-10-28,Ahmedabad,Narendra Modi Stadium,Kolkata Knight Riders,Punjab Kings,Kolkata Knight Riders,field,Kolkata Knight Riders,0,0,Jos Buttler,normal,2,Punjab Kings,Kolkata Knight Riders,Faf du Plessis,Rohit Sharma,0,0,0,0,1,3
IPL2023_069,2023,2018-10-28,Ahmedabad,Narendra Modi Stadium,Kolkata Knight Riders,Punjab Kings,Kolkata Knight Riders,field,Kolkata Knight Riders,0,0,Jos Buttler,normal,2,Punjab Kings,Kolkata Knight Riders,Prithvi Shaw,Ishan Kishan,0,0,0,0,1,4
IPL2023_069,2023,2018-10-28,Ahmedabad,Narendra Modi Stadium,Kolkata Knight Riders,Punjab Kings,Kolkata Knight Riders,field,Kolkata Knight Riders,0,0,Jos Buttler,normal,2,Punjab Kings,Kolkata Knight Riders,MS Dhoni,Prithvi Shaw,4,0,4,0,1,5
IPL2023_069,2023,2018-10-28,Ahmedabad,Narendra Modi Stadium,Kolkata Knight Riders,Punjab Kings,Kolkata Knight Riders,field,Kolkata Knight Riders,0,0,Jos Buttler,normal,2,Punjab Kings,Kolkata Knight Riders,Sunil Narine,Rohit Sharma,1,0,1,0,1,6
IPL2023_069,2023,2018-10-28,Ahmedabad,Narendra Modi Stadium,Kolkata Knight Riders,Punjab Kings,Kolkata Knight Riders,field,Kolkata Knight Riders,0,0,Jos Buttler,normal,2,Punjab Kings,Kolkata Knight Riders,Ruturaj Gaikwad,David Warner,2,2,4,0,2,1
IPL2023_069,2023,2018-10-28,Ahmedabad,Narendra Modi Stadium,Kolkata Knight Riders,Punjab Kings,Kolkata Knight Riders,field,Kolkata Knight Riders,0,0,Jos Buttler,normal,2,Punjab Kings,Kolkata Knight Riders,Sanju Samson,Bhuvneshwar Kumar,1,0,1,0,2,2
IPL2023_069,2023,2018-10-28,Ahmedabad,Narendra Modi Stadium,Kolkata Knight Riders,Punjab Kings,Kolkata Knight Riders,field,Kolkata Knight Riders,0,0,Jos Buttler,normal,2,Punjab Kings,Kolkata Knight Riders,Jos Buttler,Bhuvneshwar Kumar,0,0,0,0,2,3
IPL2023_069,2023,2018-10-28,Ahmedabad,Narendra Modi Stadium,Kolkata Knight Riders,Punjab Kings,Kolkata Knight Riders,field,Kolkata Knight Riders,0,0,Jos Buttler,normal,2,Punjab Kings,Kolkata Knight Riders,Pat Cummins,Ravindra Jadeja,1,0,1,0,2,4
IPL2024_070,2024,2018-10-31,Delhi,Arun Jaitley Stadium,Delhi Capitals,Sunrisers Hyderabad,Sunrisers Hyderabad,field,Sunrisers Hyderabad,0,0,MS Dhoni,normal,1,Delhi Capitals,Sunrisers Hyderabad,Shreyas Iyer,Tilak Varma,4,0,4,0,1,1
IPL2024_070,2024,2018-10-31,Delhi,Arun Jaitley Stadium,Delhi Capitals,Sunrisers Hyderabad,Sunrisers Hyderabad,field,Sunrisers Hyderabad,0,0,MS Dhoni,normal,1,Delhi Capitals,Sunrisers Hyderabad,Faf du Plessis,Jos Buttler,1,0,1,0,1,2
IPL2024_070,2024,2018-10-31,Delhi,Arun Jaitley Stadium,Delhi Capitals,Sunrisers Hyderabad,Sunrisers Hyderabad,field,Sunrisers Hyderabad,0,0,MS Dhoni,normal,1,Delhi Capitals,Sunrisers Hyderabad,Pat Cummins,Tilak Varma,4,0,4,0,1,3
IPL2024_070,2024,2018-10-31,Delhi,Arun Jaitley Stadium,Delhi Capitals,Sunrisers Hyderabad,Sunrisers Hyderabad,field,Sunrisers Hyderabad,0,0,MS Dhoni,normal,1,Delhi Capitals,Sunrisers Hyderabad,Rishabh Pant,Shubman Gill,1,0,1,0,1,4
IPL2024_070,2024,2018-10-31,Delhi,Arun Jaitley Stadium,Delhi Capitals,Sunrisers Hyderabad,Sunrisers Hyderabad,field,Sunrisers Hyderabad,0,0,MS Dhoni,normal,1,Delhi Capitals,Sunrisers Hyderabad,Sanju Samson,Faf du Plessis,0,0,0,0,1,5
IPL2024_070,2024,2018-10-31,Delhi,Arun Jaitley Stadium,Delhi Capitals,Sunrisers Hyderabad,Sunrisers Hyderabad,field,Sunrisers Hyderabad,0,0,MS Dhoni,normal,1,Delhi Capitals,Sunrisers Hyderabad,Hardik Pandya,Yashasvi Jaiswal,3,0,3,0,1,6
IPL2024_070,2024,2018-10-31,Delhi,Arun Jaitley Stadium,Delhi Capitals,Sunrisers Hyderabad,Sunrisers Hyderabad,field,Sunrisers Hyderabad,0,0,MS Dhoni,normal,1,Delhi Capitals,Sunrisers Hyderabad,Jos Buttler,Ravindra Jadeja,0,0,0,0,2,1
IPL2024_070,2024,2018-10-31,Delhi,Arun Jaitley Stadium,Delhi Capitals,Sunrisers Hyderabad,Sunrisers Hyderabad,field,Sunrisers Hyderabad,0,0,MS Dhoni,normal,1,Delhi Capitals,Sunrisers Hyderabad,Rashid Khan,Glenn Maxwell,2,0,2,0,2,2
IPL2024_070,2024,2018-10-31,Delhi,Arun Jaitley Stadium,Delhi Capitals,Sunrisers Hyderabad,Sunrisers Hyderabad,field,Sunrisers Hyderabad,0,0,MS Dhoni,normal,1,Delhi Capitals,Sunrisers Hyderabad,Virat Kohli,Bhuvneshwar Kumar,3,0,3,0,2,3
IPL2024_070,2024,2018-10-31,Delhi,Arun Jaitley Stadium,Delhi Capitals,Sunrisers Hyderabad,Sunrisers Hyderabad,field,Sunrisers Hyderabad,0,0,MS Dhoni,normal,1,Delhi Capitals,Sunrisers Hyderabad,Virat Kohli,Ruturaj Gaikwad,1,0,1,0,2,4
IPL2024_070,2024,2018-10-31,Delhi,Arun Jaitley Stadium,Delhi Capitals,Sunrisers Hyderabad,Sunrisers Hyderabad,field,Sunrisers Hyderabad,0,0,MS Dhoni,normal,2,Sunrisers Hyderabad,Delhi Capitals,Andre Russell,Shreyas Iyer,0,0,0,0,1,1
IPL2024_070,2024,2018-10-31,Delhi,Arun Jaitley Stadium,Delhi Capitals,Sunrisers Hyderabad,Sunrisers Hyderabad,field,Sunrisers Hyderabad,0,0,MS Dhoni,normal,2,Sunrisers Hyderabad,Delhi Capitals,Ravindra Jadeja,Faf du Plessis,2,0,2,0,1,2
IPL2024_070,2024,2018-10-31,Delhi,Arun Jaitley Stadium,Delhi Capitals,Sunrisers Hyderabad,Sunrisers Hyderabad,field,Sunrisers Hyderabad,0,0,MS Dhoni,normal,2,Sunrisers Hyderabad,Delhi Capitals,David Warner,Faf du Plessis,1,0,1,1,1,3
IPL2024_070,2024,2018-10-31,Delhi,Arun Jaitley Stadium,Delhi Capitals,Sunrisers Hyderabad,Sunrisers Hyderabad,field,Sunrisers Hyderabad,0,0,MS Dhoni,normal,2,Sunrisers Hyderabad,Delhi Capitals,Hardik Pandya,Glenn Maxwell,0,1,1,0,1,4
IPL2024_070,2024,2018-10-31,Delhi,Arun Jaitley Stadium,Delhi Capitals,Sunrisers Hyderabad,Sunrisers Hyderabad,field,Sunrisers Hyderabad,0,0,MS Dhoni,normal,2,Sunrisers Hyderabad,Delhi Capitals,Rashid Khan,Rashid Khan,0,0,0,0,1,5
IPL2024_070,2024,2018-10-31,Delhi,Arun Jaitley Stadium,Delhi Capitals,Sunrisers Hyderabad,Sunrisers Hyderabad,field,Sunrisers Hyderabad,0,0,MS Dhoni,normal,2,Sunrisers Hyderabad,Delhi Capitals,Andre Russell,Rishabh Pant,2,0,2,0,1,6
IPL2024_070,2024,2018-10-31,Delhi,Arun Jaitley Stadium,Delhi Capitals,Sunrisers Hyderabad,Sunrisers Hyderabad,field,Sunrisers Hyderabad,0,0,MS Dhoni,normal,2,Sunrisers Hyderabad,Delhi Capitals,Jos Buttler,Suryakumar Yadav,1,0,1,0,2,1
IPL2024_070,2024,2018-10-31,Delhi,Arun Jaitley Stadium,Delhi Capitals,Sunrisers Hyderabad,Sunrisers Hyderabad,field,Sunrisers Hyderabad,0,0,MS Dhoni,normal,2,Sunrisers Hyderabad,Delhi Capitals,Jasprit Bumrah,Prithvi Shaw,0,0,0,0,2,2
IPL2024_070,2024,2018-10-31,Delhi,Arun Jaitley Stadium,Delhi Capitals,Sunrisers Hyderabad,Sunrisers Hyderabad,field,Sunrisers Hyderabad,0,0,MS Dhoni,normal,2,Sunrisers Hyderabad,Delhi Capitals,Ishan Kishan,Ravindra Jadeja,2,0,2,0,2,3
IPL2024_070,2024,2018-10-31,Delhi,Arun Jaitley Stadium,Delhi Capitals,Sunrisers Hyderabad,Sunrisers Hyderabad,field,Sunrisers Hyderabad,0,0,MS Dhoni,normal,2,Sunrisers Hyderabad,Delhi Capitals,Bhuvneshwar Kumar,Shubman Gill,4,0,4,0,2,4
IPL2025_071,2025,2018-11-03,Chennai,MA Chidambaram Stadium,Chennai Super Kings,Delhi Capitals,Chennai Super Kings,bat,Chennai Super Kings,0,0,Shubman Gill,normal,1,Chennai Super Kings,Delhi Capitals,Rohit Sharma,Andre Russell,4,1,5,0,1,1
IPL2025_071,2025,2018-11-03,Chennai,MA Chidambaram Stadium,Chennai Super Kings,Delhi Capitals,Chennai Super Kings,bat,Chennai Super Kings,0,0,Shubman Gill,normal,1,Chennai Super Kings,Delhi Capitals,Trent Boult,Shreyas Iyer,0,1,1,0,1,2
IPL2025_071,2025,2018-11-03,Chennai,MA Chidambaram Stadium,Chennai Super Kings,Delhi Capitals,Chennai Super Kings,bat,Chennai Super Kings,0,0,Shubman Gill,normal,1,Chennai Super Kings,Delhi Capitals,Shikhar Dhawan,Tilak Varma,4,0,4,0,1,3
IPL2025_071,2025,2018-11-03,Chennai,MA Chidambaram Stadium,Chennai Super Kings,Delhi Capitals,Chennai Super Kings,bat,Chennai Super Kings,0,0,Shubman Gill,normal,1,Chennai Super Kings,Delhi Capitals,Rohit Sharma,Rashid Khan,1,0,1,0,1,4
IPL2025_071,2025,2018-11-03,Chennai,MA Chidambaram Stadium,Chennai Super Kings,Delhi Capitals,Chennai Super Kings,bat,Chennai Super Kings,0,0,Shubman Gill,normal,1,Chennai Super Kings,Delhi Capitals,Ravindra Jadeja,Rohit Sharma,0,0,0,0,1,5
IPL2025_071,2025,2018-11-03,Chennai,MA Chidambaram Stadium,Chennai Super Kings,Delhi Capitals,Chennai Super Kings,bat,Chennai Super Kings,0,0,Shubman Gill,normal,1,Chennai Super Kings,Delhi Capitals,Hardik Pandya,Andre Russell,4,0,4,0,1,6
IPL2025_071,2025,2018-11-03,Chennai,MA Chidambaram Stadium,Chennai Super Kings,Delhi Capitals,Chennai Super Kings,bat,Chennai Super Kings,0,0,Shubman Gill,normal,1,Chennai Super Kings,Delhi Capitals,Rashid Khan,Faf du Plessis,0,0,0,0,2,1
IPL2025_071,2025,2018-11-03,Chennai,MA Chidambaram Stadium,Chennai Super Kings,Delhi Capitals,Chennai Super Kings,bat,Chennai Super Kings,0,0,Shubman Gill,normal,1,Chennai Super Kings,Delhi Capitals,Jasprit Bumrah,Bhuvneshwar Kumar,0,0,0,0,2,2
IPL2025_071,2025,2018-11-03,Chennai,MA Chidambaram Stadium,Chennai Super Kings,Delhi Capitals,Chennai Super Kings,bat,Chennai Super Kings,0,0,Shubman Gill,normal,1,Chennai Super Kings,Delhi Capitals,Tilak Varma,Bhuvneshwar Kumar,4,0,4,0,2,3
IPL2025_071,2025,2018-11-03,Chennai,MA Chidambaram Stadium,Chennai Super Kings,Delhi Capitals,Chennai Super Kings,bat,Chennai Super Kings,0,0,Shubman Gill,normal,1,Chennai Super Kings,Delhi Capitals,Rohit Sharma,Jos Buttler,0,0,0,0,2,4
IPL2025_071,2025,2018-11-03,Chennai,MA Chidambaram Stadium,Chennai Super Kings,Delhi Capitals,Chennai Super Kings,bat,Chennai Super Kings,0,0,Shubman Gill,normal,2,Delhi Capitals,Chennai Super Kings,Yashasvi Jaiswal,Ruturaj Gaikwad,1,0,1,0,1,1
IPL2025_071,2025,2018-11-03,Chennai,MA Chidambaram Stadium,Chennai Super Kings,Delhi Capitals,Chennai Super Kings,bat,Chennai Super Kings,0,0,Shubman Gill,normal,2,Delhi Capitals,Chennai Super Kings,Rashid Khan,Glenn Maxwell,1,0,1,0,1,2
IPL2025_071,2025,2018-11-03,Chennai,MA Chidambaram Stadium,Chennai Super Kings,Delhi Capitals,Chennai Super Kings,bat,Chennai Super Kings,0,0,Shubman Gill,normal,2,Delhi Capitals,Chennai Super Kings,Prithvi Shaw,Ravindra Jadeja,0,0,0,0,1,3
IPL2025_071,2025,2018-11-03,Chennai,MA Chidambaram Stadium,Chennai Super Kings,Delhi Capitals,Chennai Super Kings,bat,Chennai Super Kings,0,0,Shubman Gill,normal,2,Delhi Capitals,Chennai Super Kings,Mohammed Siraj,KL Rahul,1,0,1,0,1,4
IPL2025_071,2025,2018-11-03,Chennai,MA Chidambaram Stadium,Chennai Super Kings,Delhi Capitals,Chennai Super Kings,bat,Chennai Super Kings,0,0,Shubman Gill,normal,2,Delhi Capitals,Chennai Super Kings,Mohammed Siraj,Trent Boult,0,0,0,0,1,5
IPL2025_071,2025,2018-11-03,Chennai,MA Chidambaram Stadium,Chennai Super Kings,Delhi Capitals,Chennai Super Kings,bat,Chennai Super Kings,0,0,Shubman Gill,normal,2,Delhi Capitals,Chennai Super Kings,Bhuvneshwar Kumar,Shreyas Iyer,0,0,0,0,1,6
IPL2025_071,2025,2018-11-03,Chennai,MA Chidambaram Stadium,Chennai Super Kings,Delhi Capitals,Chennai Super Kings,bat,Chennai Super Kings,0,0,Shubman Gill,normal,2,Delhi Capitals,Chennai Super Kings,Glenn Maxwell,KL Rahul,0,0,0,0,2,1
IPL2025_071,2025,2018-11-03,Chennai,MA Chidambaram Stadium,Chennai Super Kings,Delhi Capitals,Chennai Super Kings,bat,Chennai Super Kings,0,0,Shubman Gill,normal,2,Delhi Capitals,Chennai Super Kings,Rashid Khan,Ruturaj Gaikwad,0,0,0,0,2,2
IPL2025_071,2025,2018-11-03,Chennai,MA Chidambaram Stadium,Chennai Super Kings,Delhi Capitals,Chennai Super Kings,bat,Chennai Super Kings,0,0,Shubman Gill,normal,2,Delhi Capitals,Chennai Super Kings,Ishan Kishan,Jos Buttler,0,0,0,0,2,3
IPL2025_071,2025,2018-11-03,Chennai,MA Chidambaram Stadium,Chennai Super Kings,Delhi Capitals,Chennai Super Kings,bat,Chennai Super Kings,0,0,Shubman Gill,normal,2,Delhi Capitals,Chennai Super Kings,Shreyas Iyer,Yashasvi Jaiswal,1,0,1,0,2,4
IPL2026_072,2026,2018-11-06,Lucknow,BRSABV Ekana Cricket Stadium,Kolkata Knight Riders,Delhi Capitals,Delhi Capitals,field,Kolkata Knight Riders,0,0,Mohammed Siraj,normal,1,Kolkata Knight Riders,Delhi Capitals,Prithvi Shaw,Sanju Samson,4,0,4,0,1,1
IPL2026_072,2026,2018-11-06,Lucknow,BRSABV Ekana Cricket Stadium,Kolkata Knight Riders,Delhi Capitals,Delhi Capitals,field,Kolkata Knight Riders,0,0,Mohammed Siraj,normal,1,Kolkata Knight Riders,Delhi Capitals,Pat Cummins,Shreyas Iyer,1,0,1,0,1,2
IPL2026_072,2026,2018-11-06,Lucknow,BRSABV Ekana Cricket Stadium,Kolkata Knight Riders,Delhi Capitals,Delhi Capitals,field,Kolkata Knight Riders,0,0,Mohammed Siraj,normal,1,Kolkata Knight Riders,Delhi Capitals,David Warner,Faf du Plessis,0,0,0,0,1,3
IPL2026_072,2026,2018-11-06,Lucknow,BRSABV Ekana Cricket Stadium,Kolkata Knight Riders,Delhi Capitals,Delhi Capitals,field,Kolkata Knight Riders,0,0,Mohammed Siraj,normal,1,Kolkata Knight Riders,Delhi Capitals,Sunil Narine,Rohit Sharma,0,0,0,0,1,4
IPL2026_072,2026,2018-11-06,Lucknow,BRSABV Ekana Cricket Stadium,Kolkata Knight Riders,Delhi Capitals,Delhi Capitals,field,Kolkata Knight Riders,0,0,Mohammed Siraj,normal,1,Kolkata Knight Riders,Delhi Capitals,Rishabh Pant,Pat Cummins,4,0,4,0,1,5
IPL2026_072,2026,2018-11-06,Lucknow,BRSABV Ekana Cricket Stadium,Kolkata Knight Riders,Delhi Capitals,Delhi Capitals,field,Kolkata Knight Riders,0,0,Mohammed Siraj,normal,1,Kolkata Knight Riders,Delhi Capitals,Shreyas Iyer,Hardik Pandya,0,0,0,0,1,6
IPL2026_072,2026,2018-11-06,Lucknow,BRSABV Ekana Cricket Stadium,Kolkata Knight Riders,Delhi Capitals,Delhi Capitals,field,Kolkata Knight Riders,0,0,Mohammed Siraj,normal,1,Kolkata Knight Riders,Delhi Capitals,Nicholas Pooran,Yashasvi Jaiswal,6,0,6,0,2,1
IPL2026_072,2026,2018-11-06,Lucknow,BRSABV Ekana Cricket Stadium,Kolkata Knight Riders,Delhi Capitals,Delhi Capitals,field,Kolkata Knight Riders,0,0,Mohammed Siraj,normal,1,Kolkata Knight Riders,Delhi Capitals,KL Rahul,Shikhar Dhawan,2,0,2,0,2,2
IPL2026_072,2026,2018-11-06,Lucknow,BRSABV Ekana Cricket Stadium,Kolkata Knight Riders,Delhi Capitals,Delhi Capitals,field,Kolkata Knight Riders,0,0,Mohammed Siraj,normal,1,Kolkata Knight Riders,Delhi Capitals,David Warner,David Warner,1,2,3,1,2,3
IPL2026_072,2026,2018-11-06,Lucknow,BRSABV Ekana Cricket Stadium,Kolkata Knight Riders,Delhi Capitals,Delhi Capitals,field,Kolkata Knight Riders,0,0,Mohammed Siraj,normal,1,Kolkata Knight Riders,Delhi Capitals,Jos Buttler,Ruturaj Gaikwad,4,0,4,0,2,4
IPL2026_072,2026,2018-11-06,Lucknow,BRSABV Ekana Cricket Stadium,Kolkata Knight Riders,Delhi Capitals,Delhi Capitals,field,Kolkata Knight Riders,0,0,Mohammed Siraj,normal,2,Delhi Capitals,Kolkata Knight Riders,Hardik Pandya,Sanju Samson,2,0,2,0,1,1
IPL2026_072,2026,2018-11-06,Lucknow,BRSABV Ekana Cricket Stadium,Kolkata Knight Riders,Delhi Capitals,Delhi Capitals,field,Kolkata Knight Riders,0,0,Mohammed Siraj,normal,2,Delhi Capitals,Kolkata Knight Riders,Bhuvneshwar Kumar,Faf du Plessis,0,0,0,0,1,2
IPL2026_072,2026,2018-11-06,Lucknow,BRSABV Ekana Cricket Stadium,Kolkata Knight Riders,Delhi Capitals,Delhi Capitals,field,Kolkata Knight Riders,0,0,Mohammed Siraj,normal,2,Delhi Capitals,Kolkata Knight Riders,Sunil Narine,Rashid Khan,1,0,1,1,1,3
IPL2026_072,2026,2018-11-06,Lucknow,BRSABV Ekana Cricket Stadium,Kolkata Knight Riders,Delhi Capitals,Delhi Capitals,field,Kolkata Knight Riders,0,0,Mohammed Siraj,normal,2,Delhi Capitals,Kolkata Knight Riders,Tilak Varma,Rashid Khan,0,0,0,0,1,4
IPL2026_072,2026,2018-11-06,Lucknow,BRSABV Ekana Cricket Stadium,Kolkata Knight Riders,Delhi Capitals,Delhi Capitals,field,Kolkata Knight Riders,0,0,Mohammed Siraj,normal,2,Delhi Capitals,Kolkata Knight Riders,Ruturaj Gaikwad,Tilak Varma,1,0,1,0,1,5
IPL2026_072,2026,2018-11-06,Lucknow,BRSABV Ekana Cricket Stadium,Kolkata Knight Riders,Delhi Capitals,Delhi Capitals,field,Kolkata Knight Riders,0,0,Mohammed Siraj,normal,2,Delhi Capitals,Kolkata Knight Riders,Shikhar Dhawan,Jos Buttler,4,0,4,0,1,6
IPL2026_072,2026,2018-11-06,Lucknow,BRSABV Ekana Cricket Stadium,Kolkata Knight Riders,Delhi Capitals,Delhi Capitals,field,Kolkata Knight Riders,0,0,Mohammed Siraj,normal,2,Delhi Capitals,Kolkata Knight Riders,Nicholas Pooran,Andre Russell,0,0,0,0,2,1
IPL2026_072,2026,2018-11-06,Lucknow,BRSABV Ekana Cricket Stadium,Kolkata Knight Riders,Delhi Capitals,Delhi Capitals,field,Kolkata Knight Riders,0,0,Mohammed Siraj,normal,2,Delhi Capitals,Kolkata Knight Riders,Prithvi Shaw,Rohit Sharma,0,0,0,0,2,2
IPL2026_072,2026,2018-11-06,Lucknow,BRSABV Ekana Cricket Stadium,Kolkata Knight Riders,Delhi Capitals,Delhi Capitals,field,Kolkata Knight Riders,0,0,Mohammed Siraj,normal,2,Delhi Capitals,Kolkata Knight Riders,Faf du Plessis,David Warner,1,0,1,1,2,3
IPL2026_072,2026,2018-11-06,Lucknow,BRSABV Ekana Cricket Stadium,Kolkata Knight Riders,Delhi Capitals,Delhi Capitals,field,Kolkata Knight Riders,0,0,Mohammed Siraj,normal,2,Delhi Capitals,Kolkata Knight Riders,David Warner,Faf du Plessis,0,0,0,0,2,4
IPL2018_073,2018,2018-11-09,Kolkata,Eden Gardens,Gujarat Titans,Royal Challengers Bengaluru,Royal Challengers Bengaluru,bat,Royal Challengers Bengaluru,0,0,KL Rahul,normal,1,Gujarat Titans,Royal Challengers Bengaluru,MS Dhoni,Prithvi Shaw,1,0,1,0,1,1
IPL2018_073,2018,2018-11-09,Kolkata,Eden Gardens,Gujarat Titans,Royal Challengers Bengaluru,Royal Challengers Bengaluru,bat,Royal Challengers Bengaluru,0,0,KL Rahul,normal,1,Gujarat Titans,Royal Challengers Bengaluru,Andre Russell,Tilak Varma,0,0,0,0,1,2
IPL2018_073,2018,2018-11-09,Kolkata,Eden Gardens,Gujarat Titans,Royal Challengers Bengaluru,Royal Challengers Bengaluru,bat,Royal Challengers Bengaluru,0,0,KL Rahul,normal,1,Gujarat Titans,Royal Challengers Bengaluru,Rishabh Pant,MS Dhoni,3,0,3,0,1,3
IPL2018_073,2018,2018-11-09,Kolkata,Eden Gardens,Gujarat Titans,Royal Challengers Bengaluru,Royal Challengers Bengaluru,bat,Royal Challengers Bengaluru,0,0,KL Rahul,normal,1,Gujarat Titans,Royal Challengers Bengaluru,Faf du Plessis,Ravindra Jadeja,1,0,1,0,1,4
IPL2018_073,2018,2018-11-09,Kolkata,Eden Gardens,Gujarat Titans,Royal Challengers Bengaluru,Royal Challengers Bengaluru,bat,Royal Challengers Bengaluru,0,0,KL Rahul,normal,1,Gujarat Titans,Royal Challengers Bengaluru,Glenn Maxwell,Jasprit Bumrah,0,0,0,0,1,5
IPL2018_073,2018,2018-11-09,Kolkata,Eden Gardens,Gujarat Titans,Royal Challengers Bengaluru,Royal Challengers Bengaluru,bat,Royal Challengers Bengaluru,0,0,KL Rahul,normal,1,Gujarat Titans,Royal Challengers Bengaluru,Rohit Sharma,Suryakumar Yadav,0,0,0,0,1,6
IPL2018_073,2018,2018-11-09,Kolkata,Eden Gardens,Gujarat Titans,Royal Challengers Bengaluru,Royal Challengers Bengaluru,bat,Royal Challengers Bengaluru,0,0,KL Rahul,normal,1,Gujarat Titans,Royal Challengers Bengaluru,Hardik Pandya,Shreyas Iyer,4,1,5,0,2,1
IPL2018_073,2018,2018-11-09,Kolkata,Eden Gardens,Gujarat Titans,Royal Challengers Bengaluru,Royal Challengers Bengaluru,bat,Royal Challengers Bengaluru,0,0,KL Rahul,normal,1,Gujarat Titans,Royal Challengers Bengaluru,Trent Boult,Trent Boult,0,0,0,0,2,2
IPL2018_073,2018,2018-11-09,Kolkata,Eden Gardens,Gujarat Titans,Royal Challengers Bengaluru,Royal Challengers Bengaluru,bat,Royal Challengers Bengaluru,0,0,KL Rahul,normal,1,Gujarat Titans,Royal Challengers Bengaluru,Rohit Sharma,Tilak Varma,0,0,0,0,2,3
IPL2018_073,2018,2018-11-09,Kolkata,Eden Gardens,Gujarat Titans,Royal Challengers Bengaluru,Royal Challengers Bengaluru,bat,Royal Challengers Bengaluru,0,0,KL Rahul,normal,1,Gujarat Titans,Royal Challengers Bengaluru,MS Dhoni,Jasprit Bumrah,1,2,3,0,2,4
IPL2018_073,2018,2018-11-09,Kolkata,Eden Gardens,Gujarat Titans,Royal Challengers Bengaluru,Royal Challengers Bengaluru,bat,Royal Challengers Bengaluru,0,0,KL Rahul,normal,2,Royal Challengers Bengaluru,Gujarat Titans,Nicholas Pooran,Bhuvneshwar Kumar,0,0,0,0,1,1
IPL2018_073,2018,2018-11-09,Kolkata,Eden Gardens,Gujarat Titans,Royal Challengers Bengaluru,Royal Challengers Bengaluru,bat,Royal Challengers Bengaluru,0,0,KL Rahul,normal,2,Royal Challengers Bengaluru,Gujarat Titans,Mohammed Siraj,Ravindra Jadeja,2,0,2,0,1,2
IPL2018_073,2018,2018-11-09,Kolkata,Eden Gardens,Gujarat Titans,Royal Challengers Bengaluru,Royal Challengers Bengaluru,bat,Royal Challengers Bengaluru,0,0,KL Rahul,normal,2,Royal Challengers Bengaluru,Gujarat Titans,Shreyas Iyer,Faf du Plessis,1,0,1,0,1,3
IPL2018_073,2018,2018-11-09,Kolkata,Eden Gardens,Gujarat Titans,Royal Challengers Bengaluru,Royal Challengers Bengaluru,bat,Royal Challengers Bengaluru,0,0,KL Rahul,normal,2,Royal Challengers Bengaluru,Gujarat Titans,Jasprit Bumrah,Sunil Narine,1,0,1,0,1,4
IPL2018_073,2018,2018-11-09,Kolkata,Eden Gardens,Gujarat Titans,Royal Challengers Bengaluru,Royal Challengers Bengaluru,bat,Royal Challengers Bengaluru,0,0,KL Rahul,normal,2,Royal Challengers Bengaluru,Gujarat Titans,Jasprit Bumrah,Tilak Varma,4,2,6,0,1,5
IPL2018_073,2018,2018-11-09,Kolkata,Eden Gardens,Gujarat Titans,Royal Challengers Bengaluru,Royal Challengers Bengaluru,bat,Royal Challengers Bengaluru,0,0,KL Rahul,normal,2,Royal Challengers Bengaluru,Gujarat Titans,Prithvi Shaw,KL Rahul,2,0,2,0,1,6
IPL2018_073,2018,2018-11-09,Kolkata,Eden Gardens,Gujarat Titans,Royal Challengers Bengaluru,Royal Challengers Bengaluru,bat,Royal Challengers Bengaluru,0,0,KL Rahul,normal,2,Royal Challengers Bengaluru,Gujarat Titans,Ruturaj Gaikwad,Prithvi Shaw,0,0,0,0,2,1
IPL2018_073,2018,2018-11-09,Kolkata,Eden Gardens,Gujarat Titans,Royal Challengers Bengaluru,Royal Challengers Bengaluru,bat,Royal Challengers Bengaluru,0,0,KL Rahul,normal,2,Royal Challengers Bengaluru,Gujarat Titans,Virat Kohli,Jasprit Bumrah,0,1,1,0,2,2
IPL2018_073,2018,2018-11-09,Kolkata,Eden Gardens,Gujarat Titans,Royal Challengers Bengaluru,Royal Challengers Bengaluru,bat,Royal Challengers Bengaluru,0,0,KL Rahul,normal,2,Royal Challengers Bengaluru,Gujarat Titans,Prithvi Shaw,Jasprit Bumrah,0,0,0,0,2,3
IPL2018_073,2018,2018-11-09,Kolkata,Eden Gardens,Gujarat Titans,Royal Challengers Bengaluru,Royal Challengers Bengaluru,bat,Royal Challengers Bengaluru,0,0,KL Rahul,normal,2,Royal Challengers Bengaluru,Gujarat Titans,Ravindra Jadeja,Shubman Gill,0,0,0,0,2,4
IPL2019_074,2019,2018-11-12,Lucknow,BRSABV Ekana Cricket Stadium,Punjab Kings,Kolkata Knight Riders,Punjab Kings,field,Punjab Kings,0,9,KL Rahul,wickets,1,Punjab Kings,Kolkata Knight Riders,Hardik Pandya,Andre Russell,1,0,1,0,1,1
IPL2019_074,2019,2018-11-12,Lucknow,BRSABV Ekana Cricket Stadium,Punjab Kings,Kolkata Knight Riders,Punjab Kings,field,Punjab Kings,0,9,KL Rahul,wickets,1,Punjab Kings,Kolkata Knight Riders,Faf du Plessis,Pat Cummins,0,0,0,0,1,2
IPL2019_074,2019,2018-11-12,Lucknow,BRSABV Ekana Cricket Stadium,Punjab Kings,Kolkata Knight Riders,Punjab Kings,field,Punjab Kings,0,9,KL Rahul,wickets,1,Punjab Kings,Kolkata Knight Riders,Rishabh Pant,Ruturaj Gaikwad,1,0,1,0,1,3
IPL2019_074,2019,2018-11-12,Lucknow,BRSABV Ekana Cricket Stadium,Punjab Kings,Kolkata Knight Riders,Punjab Kings,field,Punjab Kings,0,9,KL Rahul,wickets,1,Punjab Kings,Kolkata Knight Riders,Suryakumar Yadav,Rishabh Pant,1,0,1,0,1,4
IPL2019_074,2019,2018-11-12,Lucknow,BRSABV Ekana Cricket Stadium,Punjab Kings,Kolkata Knight Riders,Punjab Kings,field,Punjab Kings,0,9,KL Rahul,wickets,1,Punjab Kings,Kolkata Knight Riders,Yashasvi Jaiswal,Ishan Kishan,0,0,0,0,1,5
IPL2019_074,2019,2018-11-12,Lucknow,BRSABV Ekana Cricket Stadium,Punjab Kings,Kolkata Knight Riders,Punjab Kings,field,Punjab Kings,0,9,KL Rahul,wickets,1,Punjab Kings,Kolkata Knight Riders,Sunil Narine,Andre Russell,1,0,1,0,1,6
IPL2019_074,2019,2018-11-12,Lucknow,BRSABV Ekana Cricket Stadium,Punjab Kings,Kolkata Knight Riders,Punjab Kings,field,Punjab Kings,0,9,KL Rahul,wickets,1,Punjab Kings,Kolkata Knight Riders,Shubman Gill,Nicholas Pooran,0,0,0,0,2,1
IPL2019_074,2019,2018-11-12,Lucknow,BRSABV Ekana Cricket Stadium,Punjab Kings,Kolkata Knight Riders,Punjab Kings,field,Punjab Kings,0,9,KL Rahul,wickets,1,Punjab Kings,Kolkata Knight Riders,Ravindra Jadeja,Sunil Narine,3,2,5,0,2,2
IPL2019_074,2019,2018-11-12,Lucknow,BRSABV Ekana Cricket Stadium,Punjab Kings,Kolkata Knight Riders,Punjab Kings,field,Punjab Kings,0,9,KL Rahul,wickets,1,Punjab Kings,Kolkata Knight Riders,Bhuvneshwar Kumar,Glenn Maxwell,4,0,4,0,2,3
IPL2019_074,2019,2018-11-12,Lucknow,BRSABV Ekana Cricket Stadium,Punjab Kings,Kolkata Knight Riders,Punjab Kings,field,Punjab Kings,0,9,KL Rahul,wickets,1,Punjab Kings,Kolkata Knight Riders,KL Rahul,Prithvi Shaw,1,0,1,0,2,4
IPL2019_074,2019,2018-11-12,Lucknow,BRSABV Ekana Cricket Stadium,Punjab Kings,Kolkata Knight Riders,Punjab Kings,field,Punjab Kings,0,9,KL Rahul,wickets,2,Kolkata Knight Riders,Punjab Kings,Jasprit Bumrah,Rishabh Pant,0,0,0,0,1,1
IPL2019_074,2019,2018-11-12,Lucknow,BRSABV Ekana Cricket Stadium,Punjab Kings,Kolkata Knight Riders,Punjab Kings,field,Punjab Kings,0,9,KL Rahul,wickets,2,Kolkata Knight Riders,Punjab Kings,KL Rahul,David Warner,2,0,2,0,1,2
IPL2019_074,2019,2018-11-12,Lucknow,BRSABV Ekana Cricket Stadium,Punjab Kings,Kolkata Knight Riders,Punjab Kings,field,Punjab Kings,0,9,KL Rahul,wickets,2,Kolkata Knight Riders,Punjab Kings,Rohit Sharma,Mohammed Siraj,4,0,4,0,1,3
IPL2019_074,2019,2018-11-12,Lucknow,BRSABV Ekana Cricket Stadium,Punjab Kings,Kolkata Knight Riders,Punjab Kings,field,Punjab Kings,0,9,KL Rahul,wickets,2,Kolkata Knight Riders,Punjab Kings,Tilak Varma,Rashid Khan,0,0,0,0,1,4
IPL2019_074,2019,2018-11-12,Lucknow,BRSABV Ekana Cricket Stadium,Punjab Kings,Kolkata Knight Riders,Punjab Kings,field,Punjab Kings,0,9,KL Rahul,wickets,2,Kolkata Knight Riders,Punjab Kings,Ravindra Jadeja,Jos Buttler,1,0,1,0,1,5
IPL2019_074,2019,2018-11-12,Lucknow,BRSABV Ekana Cricket Stadium,Punjab Kings,Kolkata Knight Riders,Punjab Kings,field,Punjab Kings,0,9,KL Rahul,wickets,2,Kolkata Knight Riders,Punjab Kings,Virat Kohli,Suryakumar Yadav,1,2,3,0,1,6
IPL2019_074,2019,2018-11-12,Lucknow,BRSABV Ekana Cricket Stadium,Punjab Kings,Kolkata Knight Riders,Punjab Kings,field,Punjab Kings,0,9,KL Rahul,wickets,2,Kolkata Knight Riders,Punjab Kings,Faf du Plessis,Prithvi Shaw,2,0,2,0,2,1
IPL2019_074,2019,2018-11-12,Lucknow,BRSABV Ekana Cricket Stadium,Punjab Kings,Kolkata Knight Riders,Punjab Kings,field,Punjab Kings,0,9,KL Rahul,wickets,2,Kolkata Knight Riders,Punjab Kings,Mohammed Siraj,Mohammed Siraj,0,1,1,0,2,2
IPL2019_074,2019,2018-11-12,Lucknow,BRSABV Ekana Cricket Stadium,Punjab Kings,Kolkata Knight Riders,Punjab Kings,field,Punjab Kings,0,9,KL Rahul,wickets,2,Kolkata Knight Riders,Punjab Kings,Ravindra Jadeja,David Warner,4,2,6,0,2,3
IPL2019_074,2019,2018-11-12,Lucknow,BRSABV Ekana Cricket Stadium,Punjab Kings,Kolkata Knight Riders,Punjab Kings,field,Punjab Kings,0,9,KL Rahul,wickets,2,Kolkata Knight Riders,Punjab Kings,Ruturaj Gaikwad,Jos Buttler,1,0,1,0,2,4
IPL2020_075,2020,2018-11-15,Ahmedabad,Narendra Modi Stadium,Kolkata Knight Riders,Sunrisers Hyderabad,Kolkata Knight Riders,field,Kolkata Knight Riders,0,0,Faf du Plessis,normal,1,Kolkata Knight Riders,Sunrisers Hyderabad,Shreyas Iyer,KL Rahul,1,0,1,0,1,1
IPL2020_075,2020,2018-11-15,Ahmedabad,Narendra Modi Stadium,Kolkata Knight Riders,Sunrisers Hyderabad,Kolkata Knight Riders,field,Kolkata Knight Riders,0,0,Faf du Plessis,normal,1,Kolkata Knight Riders,Sunrisers Hyderabad,Suryakumar Yadav,Bhuvneshwar Kumar,1,0,1,0,1,2
IPL2020_075,2020,2018-11-15,Ahmedabad,Narendra Modi Stadium,Kolkata Knight Riders,Sunrisers Hyderabad,Kolkata Knight Riders,field,Kolkata Knight Riders,0,0,Faf du Plessis,normal,1,Kolkata Knight Riders,Sunrisers Hyderabad,Glenn Maxwell,Sunil Narine,1,0,1,0,1,3
IPL2020_075,2020,2018-11-15,Ahmedabad,Narendra Modi Stadium,Kolkata Knight Riders,Sunrisers Hyderabad,Kolkata Knight Riders,field,Kolkata Knight Riders,0,0,Faf du Plessis,normal,1,Kolkata Knight Riders,Sunrisers Hyderabad,Ravindra Jadeja,Pat Cummins,2,0,2,0,1,4
IPL2020_075,2020,2018-11-15,Ahmedabad,Narendra Modi Stadium,Kolkata Knight Riders,Sunrisers Hyderabad,Kolkata Knight Riders,field,Kolkata Knight Riders,0,0,Faf du Plessis,normal,1,Kolkata Knight Riders,Sunrisers Hyderabad,Ravindra Jadeja,Sunil Narine,3,0,3,0,1,5
IPL2020_075,2020,2018-11-15,Ahmedabad,Narendra Modi Stadium,Kolkata Knight Riders,Sunrisers Hyderabad,Kolkata Knight Riders,field,Kolkata Knight Riders,0,0,Faf du Plessis,normal,1,Kolkata Knight Riders,Sunrisers Hyderabad,Andre Russell,Sanju Samson,2,0,2,0,1,6
IPL2020_075,2020,2018-11-15,Ahmedabad,Narendra Modi Stadium,Kolkata Knight Riders,Sunrisers Hyderabad,Kolkata Knight Riders,field,Kolkata Knight Riders,0,0,Faf du Plessis,normal,1,Kolkata Knight Riders,Sunrisers Hyderabad,Ravindra Jadeja,Nicholas Pooran,2,0,2,0,2,1
IPL2020_075,2020,2018-11-15,Ahmedabad,Narendra Modi Stadium,Kolkata Knight Riders,Sunrisers Hyderabad,Kolkata Knight Riders,field,Kolkata Knight Riders,0,0,Faf du Plessis,normal,1,Kolkata Knight Riders,Sunrisers Hyderabad,Rishabh Pant,Sanju Samson,0,0,0,0,2,2
IPL2020_075,2020,2018-11-15,Ahmedabad,Narendra Modi Stadium,Kolkata Knight Riders,Sunrisers Hyderabad,Kolkata Knight Riders,field,Kolkata Knight Riders,0,0,Faf du Plessis,normal,1,Kolkata Knight Riders,Sunrisers Hyderabad,Jos Buttler,Ravindra Jadeja,1,0,1,0,2,3
IPL2020_075,2020,2018-11-15,Ahmedabad,Narendra Modi Stadium,Kolkata Knight Riders,Sunrisers Hyderabad,Kolkata Knight Riders,field,Kolkata Knight Riders,0,0,Faf du Plessis,normal,1,Kolkata Knight Riders,Sunrisers Hyderabad,Faf du Plessis,Sunil Narine,0,0,0,0,2,4
IPL2020_075,2020,2018-11-15,Ahmedabad,Narendra Modi Stadium,Kolkata Knight Riders,Sunrisers Hyderabad,Kolkata Knight Riders,field,Kolkata Knight Riders,0,0,Faf du Plessis,normal,2,Sunrisers Hyderabad,Kolkata Knight Riders,Sanju Samson,Prithvi Shaw,2,0,2,0,1,1
IPL2020_075,2020,2018-11-15,Ahmedabad,Narendra Modi Stadium,Kolkata Knight Riders,Sunrisers Hyderabad,Kolkata Knight Riders,field,Kolkata Knight Riders,0,0,Faf du Plessis,normal,2,Sunrisers Hyderabad,Kolkata Knight Riders,Ishan Kishan,Faf du Plessis,4,0,4,0,1,2
IPL2020_075,2020,2018-11-15,Ahmedabad,Narendra Modi Stadium,Kolkata Knight Riders,Sunrisers Hyderabad,Kolkata Knight Riders,field,Kolkata Knight Riders,0,0,Faf du Plessis,normal,2,Sunrisers Hyderabad,Kolkata Knight Riders,Pat Cummins,Rohit Sharma,0,0,0,0,1,3
IPL2020_075,2020,2018-11-15,Ahmedabad,Narendra Modi Stadium,Kolkata Knight Riders,Sunrisers Hyderabad,Kolkata Knight Riders,field,Kolkata Knight Riders,0,0,Faf du Plessis,normal,2,Sunrisers Hyderabad,Kolkata Knight Riders,Yashasvi Jaiswal,Rohit Sharma,1,0,1,0,1,4
IPL2020_075,2020,2018-11-15,Ahmedabad,Narendra Modi Stadium,Kolkata Knight Riders,Sunrisers Hyderabad,Kolkata Knight Riders,field,Kolkata Knight Riders,0,0,Faf du Plessis,normal,2,Sunrisers Hyderabad,Kolkata Knight Riders,Glenn Maxwell,Tilak Varma,0,0,0,0,1,5
IPL2020_075,2020,2018-11-15,Ahmedabad,Narendra Modi Stadium,Kolkata Knight Riders,Sunrisers Hyderabad,Kolkata Knight Riders,field,Kolkata Knight Riders,0,0,Faf du Plessis,normal,2,Sunrisers Hyderabad,Kolkata Knight Riders,MS Dhoni,Glenn Maxwell,1,0,1,0,1,6
IPL2020_075,2020,2018-11-15,Ahmedabad,Narendra Modi Stadium,Kolkata Knight Riders,Sunrisers Hyderabad,Kolkata Knight Riders,field,Kolkata Knight Riders,0,0,Faf du Plessis,normal,2,Sunrisers Hyderabad,Kolkata Knight Riders,Shreyas Iyer,Rohit Sharma,4,0,4,0,2,1
IPL2020_075,2020,2018-11-15,Ahmedabad,Narendra Modi Stadium,Kolkata Knight Riders,Sunrisers Hyderabad,Kolkata Knight Riders,field,Kolkata Knight Riders,0,0,Faf du Plessis,normal,2,Sunrisers Hyderabad,Kolkata Knight Riders,Bhuvneshwar Kumar,Virat Kohli,4,0,4,0,2,2
IPL2020_075,2020,2018-11-15,Ahmedabad,Narendra Modi Stadium,Kolkata Knight Riders,Sunrisers Hyderabad,Kolkata Knight Riders,field,Kolkata Knight Riders,0,0,Faf du Plessis,normal,2,Sunrisers Hyderabad,Kolkata Knight Riders,David Warner,Jos Buttler,0,0,0,0,2,3
IPL2020_075,2020,2018-11-15,Ahmedabad,Narendra Modi Stadium,Kolkata Knight Riders,Sunrisers Hyderabad,Kolkata Knight Riders,field,Kolkata Knight Riders,0,0,Faf du Plessis,normal,2,Sunrisers Hyderabad,Kolkata Knight Riders,Glenn Maxwell,Pat Cummins,0,0,0,0,2,4
IPL2021_076,2021,2018-11-18,Lucknow,BRSABV Ekana Cricket Stadium,Kolkata Knight Riders,Mumbai Indians,Kolkata Knight Riders,bat,Kolkata Knight Riders,0,6,Andre Russell,wickets,1,Kolkata Knight Riders,Mumbai Indians,Rohit Sharma,Trent Boult,2,0,2,0,1,1
IPL2021_076,2021,2018-11-18,Lucknow,BRSABV Ekana Cricket Stadium,Kolkata Knight Riders,Mumbai Indians,Kolkata Knight Riders,bat,Kolkata Knight Riders,0,6,Andre Russell,wickets,1,Kolkata Knight Riders,Mumbai Indians,Pat Cummins,Shreyas Iyer,0,0,0,0,1,2
IPL2021_076,2021,2018-11-18,Lucknow,BRSABV Ekana Cricket Stadium,Kolkata Knight Riders,Mumbai Indians,Kolkata Knight Riders,bat,Kolkata Knight Riders,0,6,Andre Russell,wickets,1,Kolkata Knight Riders,Mumbai Indians,Prithvi Shaw,Trent Boult,0,0,0,0,1,3
IPL2021_076,2021,2018-11-18,Lucknow,BRSABV Ekana Cricket Stadium,Kolkata Knight Riders,Mumbai Indians,Kolkata Knight Riders,bat,Kolkata Knight Riders,0,6,Andre Russell,wickets,1,Kolkata Knight Riders,Mumbai Indians,Prithvi Shaw,Sunil Narine,0,0,0,0,1,4
IPL2021_076,2021,2018-11-18,Lucknow,BRSABV Ekana Cricket Stadium,Kolkata Knight Riders,Mumbai Indians,Kolkata Knight Riders,bat,Kolkata Knight Riders,0,6,Andre Russell,wickets,1,Kolkata Knight Riders,Mumbai Indians,Shreyas Iyer,Sunil Narine,3,1,4,1,1,5
IPL2021_076,2021,2018-11-18,Lucknow,BRSABV Ekana Cricket Stadium,Kolkata Knight Riders,Mumbai Indians,Kolkata Knight Riders,bat,Kolkata Knight Riders,0,6,Andre Russell,wickets,1,Kolkata Knight Riders,Mumbai Indians,Virat Kohli,Virat Kohli,0,0,0,0,1,6
IPL2021_076,2021,2018-11-18,Lucknow,BRSABV Ekana Cricket Stadium,Kolkata Knight Riders,Mumbai Indians,Kolkata Knight Riders,bat,Kolkata Knight Riders,0,6,Andre Russell,wickets,1,Kolkata Knight Riders,Mumbai Indians,Faf du Plessis,Faf du Plessis,1,0,1,0,2,1
IPL2021_076,2021,2018-11-18,Lucknow,BRSABV Ekana Cricket Stadium,Kolkata Knight Riders,Mumbai Indians,Kolkata Knight Riders,bat,Kolkata Knight Riders,0,6,Andre Russell,wickets,1,Kolkata Knight Riders,Mumbai Indians,David Warner,Virat Kohli,4,2,6,0,2,2
IPL2021_076,2021,2018-11-18,Lucknow,BRSABV Ekana Cricket Stadium,Kolkata Knight Riders,Mumbai Indians,Kolkata Knight Riders,bat,Kolkata Knight Riders,0,6,Andre Russell,wickets,1,Kolkata Knight Riders,Mumbai Indians,Virat Kohli,Yashasvi Jaiswal,0,0,0,1,2,3
IPL2021_076,2021,2018-11-18,Lucknow,BRSABV Ekana Cricket Stadium,Kolkata Knight Riders,Mumbai Indians,Kolkata Knight Riders,bat,Kolkata Knight Riders,0,6,Andre Russell,wickets,1,Kolkata Knight Riders,Mumbai Indians,Ravindra Jadeja,Suryakumar Yadav,0,0,0,0,2,4
IPL2021_076,2021,2018-11-18,Lucknow,BRSABV Ekana Cricket Stadium,Kolkata Knight Riders,Mumbai Indians,Kolkata Knight Riders,bat,Kolkata Knight Riders,0,6,Andre Russell,wickets,2,Mumbai Indians,Kolkata Knight Riders,Faf du Plessis,Ruturaj Gaikwad,0,0,0,0,1,1
IPL2021_076,2021,2018-11-18,Lucknow,BRSABV Ekana Cricket Stadium,Kolkata Knight Riders,Mumbai Indians,Kolkata Knight Riders,bat,Kolkata Knight Riders,0,6,Andre Russell,wickets,2,Mumbai Indians,Kolkata Knight Riders,Virat Kohli,Yashasvi Jaiswal,1,0,1,0,1,2
IPL2021_076,2021,2018-11-18,Lucknow,BRSABV Ekana Cricket Stadium,Kolkata Knight Riders,Mumbai Indians,Kolkata Knight Riders,bat,Kolkata Knight Riders,0,6,Andre Russell,wickets,2,Mumbai Indians,Kolkata Knight Riders,Glenn Maxwell,Shikhar Dhawan,2,0,2,0,1,3
IPL2021_076,2021,2018-11-18,Lucknow,BRSABV Ekana Cricket Stadium,Kolkata Knight Riders,Mumbai Indians,Kolkata Knight Riders,bat,Kolkata Knight Riders,0,6,Andre Russell,wickets,2,Mumbai Indians,Kolkata Knight Riders,Shreyas Iyer,David Warner,1,0,1,0,1,4
IPL2021_076,2021,2018-11-18,Lucknow,BRSABV Ekana Cricket Stadium,Kolkata Knight Riders,Mumbai Indians,Kolkata Knight Riders,bat,Kolkata Knight Riders,0,6,Andre Russell,wickets,2,Mumbai Indians,Kolkata Knight Riders,Nicholas Pooran,Prithvi Shaw,2,1,3,0,1,5
IPL2021_076,2021,2018-11-18,Lucknow,BRSABV Ekana Cricket Stadium,Kolkata Knight Riders,Mumbai Indians,Kolkata Knight Riders,bat,Kolkata Knight Riders,0,6,Andre Russell,wickets,2,Mumbai Indians,Kolkata Knight Riders,Sanju Samson,Shubman Gill,3,0,3,0,1,6
IPL2021_076,2021,2018-11-18,Lucknow,BRSABV Ekana Cricket Stadium,Kolkata Knight Riders,Mumbai Indians,Kolkata Knight Riders,bat,Kolkata Knight Riders,0,6,Andre Russell,wickets,2,Mumbai Indians,Kolkata Knight Riders,Prithvi Shaw,Shubman Gill,6,0,6,0,2,1
IPL2021_076,2021,2018-11-18,Lucknow,BRSABV Ekana Cricket Stadium,Kolkata Knight Riders,Mumbai Indians,Kolkata Knight Riders,bat,Kolkata Knight Riders,0,6,Andre Russell,wickets,2,Mumbai Indians,Kolkata Knight Riders,Yashasvi Jaiswal,Jos Buttler,2,0,2,0,2,2
IPL2021_076,2021,2018-11-18,Lucknow,BRSABV Ekana Cricket Stadium,Kolkata Knight Riders,Mumbai Indians,Kolkata Knight Riders,bat,Kolkata Knight Riders,0,6,Andre Russell,wickets,2,Mumbai Indians,Kolkata Knight Riders,Rashid Khan,Jasprit Bumrah,0,0,0,0,2,3
IPL2021_076,2021,2018-11-18,Lucknow,BRSABV Ekana Cricket Stadium,Kolkata Knight Riders,Mumbai Indians,Kolkata Knight Riders,bat,Kolkata Knight Riders,0,6,Andre Russell,wickets,2,Mumbai Indians,Kolkata Knight Riders,Trent Boult,Yashasvi Jaiswal,1,0,1,0,2,4
IPL2022_077,2022,2018-11-21,Hyderabad,Rajiv Gandhi International Stadium,Rajasthan Royals,Sunrisers Hyderabad,Sunrisers Hyderabad,field,Rajasthan Royals,0,3,Hardik Pandya,wickets,1,Rajasthan Royals,Sunrisers Hyderabad,Mohammed Siraj,Rashid Khan,1,0,1,0,1,1
IPL2022_077,2022,2018-11-21,Hyderabad,Rajiv Gandhi International Stadium,Rajasthan Royals,Sunrisers Hyderabad,Sunrisers Hyderabad,field,Rajasthan Royals,0,3,Hardik Pandya,wickets,1,Rajasthan Royals,Sunrisers Hyderabad,Shikhar Dhawan,Rashid Khan,4,0,4,0,1,2
IPL2022_077,2022,2018-11-21,Hyderabad,Rajiv Gandhi International Stadium,Rajasthan Royals,Sunrisers Hyderabad,Sunrisers Hyderabad,field,Rajasthan Royals,0,3,Hardik Pandya,wickets,1,Rajasthan Royals,Sunrisers Hyderabad,Ruturaj Gaikwad,Shreyas Iyer,3,0,3,0,1,3
IPL2022_077,2022,2018-11-21,Hyderabad,Rajiv Gandhi International Stadium,Rajasthan Royals,Sunrisers Hyderabad,Sunrisers Hyderabad,field,Rajasthan Royals,0,3,Hardik Pandya,wickets,1,Rajasthan Royals,Sunrisers Hyderabad,Glenn Maxwell,Tilak Varma,0,0,0,0,1,4
IPL2022_077,2022,2018-11-21,Hyderabad,Rajiv Gandhi International Stadium,Rajasthan Royals,Sunrisers Hyderabad,Sunrisers Hyderabad,field,Rajasthan Royals,0,3,Hardik Pandya,wickets,1,Rajasthan Royals,Sunrisers Hyderabad,MS Dhoni,Pat Cummins,0,0,0,0,1,5
IPL2022_077,2022,2018-11-21,Hyderabad,Rajiv Gandhi International Stadium,Rajasthan Royals,Sunrisers Hyderabad,Sunrisers Hyderabad,field,Rajasthan Royals,0,3,Hardik Pandya,wickets,1,Rajasthan Royals,Sunrisers Hyderabad,Tilak Varma,Pat Cummins,0,0,0,0,1,6
IPL2022_077,2022,2018-11-21,Hyderabad,Rajiv Gandhi International Stadium,Rajasthan Royals,Sunrisers Hyderabad,Sunrisers Hyderabad,field,Rajasthan Royals,0,3,Hardik Pandya,wickets,1,Rajasthan Royals,Sunrisers Hyderabad,Bhuvneshwar Kumar,Rohit Sharma,1,0,1,0,2,1
IPL2022_077,2022,2018-11-21,Hyderabad,Rajiv Gandhi International Stadium,Rajasthan Royals,Sunrisers Hyderabad,Sunrisers Hyderabad,field,Rajasthan Royals,0,3,Hardik Pandya,wickets,1,Rajasthan Royals,Sunrisers Hyderabad,MS Dhoni,Hardik Pandya,4,0,4,0,2,2
IPL2022_077,2022,2018-11-21,Hyderabad,Rajiv Gandhi International Stadium,Rajasthan Royals,Sunrisers Hyderabad,Sunrisers Hyderabad,field,Rajasthan Royals,0,3,Hardik Pandya,wickets,1,Rajasthan Royals,Sunrisers Hyderabad,Hardik Pandya,Hardik Pandya,0,0,0,0,2,3
IPL2022_077,2022,2018-11-21,Hyderabad,Rajiv Gandhi International Stadium,Rajasthan Royals,Sunrisers Hyderabad,Sunrisers Hyderabad,field,Rajasthan Royals,0,3,Hardik Pandya,wickets,1,Rajasthan Royals,Sunrisers Hyderabad,Faf du Plessis,Sunil Narine,4,0,4,0,2,4
IPL2022_077,2022,2018-11-21,Hyderabad,Rajiv Gandhi International Stadium,Rajasthan Royals,Sunrisers Hyderabad,Sunrisers Hyderabad,field,Rajasthan Royals,0,3,Hardik Pandya,wickets,2,Sunrisers Hyderabad,Rajasthan Royals,Rohit Sharma,Pat Cummins,2,0,2,0,1,1
IPL2022_077,2022,2018-11-21,Hyderabad,Rajiv Gandhi International Stadium,Rajasthan Royals,Sunrisers Hyderabad,Sunrisers Hyderabad,field,Rajasthan Royals,0,3,Hardik Pandya,wickets,2,Sunrisers Hyderabad,Rajasthan Royals,Virat Kohli,Shikhar Dhawan,0,0,0,0,1,2
IPL2022_077,2022,2018-11-21,Hyderabad,Rajiv Gandhi International Stadium,Rajasthan Royals,Sunrisers Hyderabad,Sunrisers Hyderabad,field,Rajasthan Royals,0,3,Hardik Pandya,wickets,2,Sunrisers Hyderabad,Rajasthan Royals,Sanju Samson,MS Dhoni,0,0,0,0,1,3
IPL2022_077,2022,2018-11-21,Hyderabad,Rajiv Gandhi International Stadium,Rajasthan Royals,Sunrisers Hyderabad,Sunrisers Hyderabad,field,Rajasthan Royals,0,3,Hardik Pandya,wickets,2,Sunrisers Hyderabad,Rajasthan Royals,Sunil Narine,Tilak Varma,2,0,2,0,1,4
IPL2022_077,2022,2018-11-21,Hyderabad,Rajiv Gandhi International Stadium,Rajasthan Royals,Sunrisers Hyderabad,Sunrisers Hyderabad,field,Rajasthan Royals,0,3,Hardik Pandya,wickets,2,Sunrisers Hyderabad,Rajasthan Royals,David Warner,Pat Cummins,4,0,4,0,1,5
IPL2022_077,2022,2018-11-21,Hyderabad,Rajiv Gandhi International Stadium,Rajasthan Royals,Sunrisers Hyderabad,Sunrisers Hyderabad,field,Rajasthan Royals,0,3,Hardik Pandya,wickets,2,Sunrisers Hyderabad,Rajasthan Royals,Nicholas Pooran,KL Rahul,3,2,5,0,1,6
IPL2022_077,2022,2018-11-21,Hyderabad,Rajiv Gandhi International Stadium,Rajasthan Royals,Sunrisers Hyderabad,Sunrisers Hyderabad,field,Rajasthan Royals,0,3,Hardik Pandya,wickets,2,Sunrisers Hyderabad,Rajasthan Royals,Mohammed Siraj,Tilak Varma,0,0,0,0,2,1
IPL2022_077,2022,2018-11-21,Hyderabad,Rajiv Gandhi International Stadium,Rajasthan Royals,Sunrisers Hyderabad,Sunrisers Hyderabad,field,Rajasthan Royals,0,3,Hardik Pandya,wickets,2,Sunrisers Hyderabad,Rajasthan Royals,Shubman Gill,Ishan Kishan,2,0,2,0,2,2
IPL2022_077,2022,2018-11-21,Hyderabad,Rajiv Gandhi International Stadium,Rajasthan Royals,Sunrisers Hyderabad,Sunrisers Hyderabad,field,Rajasthan Royals,0,3,Hardik Pandya,wickets,2,Sunrisers Hyderabad,Rajasthan Royals,Yashasvi Jaiswal,Prithvi Shaw,6,0,6,0,2,3
IPL2022_077,2022,2018-11-21,Hyderabad,Rajiv Gandhi International Stadium,Rajasthan Royals,Sunrisers Hyderabad,Sunrisers Hyderabad,field,Rajasthan Royals,0,3,Hardik Pandya,wickets,2,Sunrisers Hyderabad,Rajasthan Royals,Rohit Sharma,Rashid Khan,0,0,0,0,2,4
IPL2023_078,2023,2018-11-24,Dubai,Dubai International Cricket Stadium,Kolkata Knight Riders,Punjab Kings,Punjab Kings,bat,Kolkata Knight Riders,0,1,Prithvi Shaw,wickets,1,Kolkata Knight Riders,Punjab Kings,Ishan Kishan,Faf du Plessis,0,0,0,0,1,1
IPL2023_078,2023,2018-11-24,Dubai,Dubai International Cricket Stadium,Kolkata Knight Riders,Punjab Kings,Punjab Kings,bat,Kolkata Knight Riders,0,1,Prithvi Shaw,wickets,1,Kolkata Knight Riders,Punjab Kings,Mohammed Siraj,Shreyas Iyer,2,0,2,0,1,2
IPL2023_078,2023,2018-11-24,Dubai,Dubai International Cricket Stadium,Kolkata Knight Riders,Punjab Kings,Punjab Kings,bat,Kolkata Knight Riders,0,1,Prithvi Shaw,wickets,1,Kolkata Knight Riders,Punjab Kings,Rohit Sharma,Sanju Samson,4,0,4,0,1,3
IPL2023_078,2023,2018-11-24,Dubai,Dubai International Cricket Stadium,Kolkata Knight Riders,Punjab Kings,Punjab Kings,bat,Kolkata Knight Riders,0,1,Prithvi Shaw,wickets,1,Kolkata Knight Riders,Punjab Kings,Prithvi Shaw,Tilak Varma,4,0,4,0,1,4
IPL2023_078,2023,2018-11-24,Dubai,Dubai International Cricket Stadium,Kolkata Knight Riders,Punjab Kings,Punjab Kings,bat,Kolkata Knight Riders,0,1,Prithvi Shaw,wickets,1,Kolkata Knight Riders,Punjab Kings,KL Rahul,Virat Kohli,1,0,1,0,1,5
IPL2023_078,2023,2018-11-24,Dubai,Dubai International Cricket Stadium,Kolkata Knight Riders,Punjab Kings,Punjab Kings,bat,Kolkata Knight Riders,0,1,Prithvi Shaw,wickets,1,Kolkata Knight Riders,Punjab Kings,Jasprit Bumrah,Mohammed Siraj,0,0,0,0,1,6
IPL2023_078,2023,2018-11-24,Dubai,Dubai International Cricket Stadium,Kolkata Knight Riders,Punjab Kings,Punjab Kings,bat,Kolkata Knight Riders,0,1,Prithvi Shaw,wickets,1,Kolkata Knight Riders,Punjab Kings,Jos Buttler,Bhuvneshwar Kumar,0,1,1,0,2,1
IPL2023_078,2023,2018-11-24,Dubai,Dubai International Cricket Stadium,Kolkata Knight Riders,Punjab Kings,Punjab Kings,bat,Kolkata Knight Riders,0,1,Prithvi Shaw,wickets,1,Kolkata Knight Riders,Punjab Kings,Glenn Maxwell,Shikhar Dhawan,2,0,2,0,2,2
IPL2023_078,2023,2018-11-24,Dubai,Dubai International Cricket Stadium,Kolkata Knight Riders,Punjab Kings,Punjab Kings,bat,Kolkata Knight Riders,0,1,Prithvi Shaw,wickets,1,Kolkata Knight Riders,Punjab Kings,Glenn Maxwell,Hardik Pandya,4,0,4,0,2,3
IPL2023_078,2023,2018-11-24,Dubai,Dubai International Cricket Stadium,Kolkata Knight Riders,Punjab Kings,Punjab Kings,bat,Kolkata Knight Riders,0,1,Prithvi Shaw,wickets,1,Kolkata Knight Riders,Punjab Kings,Prithvi Shaw,MS Dhoni,1,0,1,1,2,4
IPL2023_078,2023,2018-11-24,Dubai,Dubai International Cricket Stadium,Kolkata Knight Riders,Punjab Kings,Punjab Kings,bat,Kolkata Knight Riders,0,1,Prithvi Shaw,wickets,2,Punjab Kings,Kolkata Knight Riders,Ruturaj Gaikwad,Sanju Samson,1,1,2,0,1,1
IPL2023_078,2023,2018-11-24,Dubai,Dubai International Cricket Stadium,Kolkata Knight Riders,Punjab Kings,Punjab Kings,bat,Kolkata Knight Riders,0,1,Prithvi Shaw,wickets,2,Punjab Kings,Kolkata Knight Riders,Mohammed Siraj,Rashid Khan,1,0,1,0,1,2
IPL2023_078,2023,2018-11-24,Dubai,Dubai International Cricket Stadium,Kolkata Knight Riders,Punjab Kings,Punjab Kings,bat,Kolkata Knight Riders,0,1,Prithvi Shaw,wickets,2,Punjab Kings,Kolkata Knight Riders,Mohammed Siraj,Glenn Maxwell,1,0,1,0,1,3
IPL2023_078,2023,2018-11-24,Dubai,Dubai International Cricket Stadium,Kolkata Knight Riders,Punjab Kings,Punjab Kings,bat,Kolkata Knight Riders,0,1,Prithvi Shaw,wickets,2,Punjab Kings,Kolkata Knight Riders,Tilak Varma,Hardik Pandya,1,0,1,0,1,4
IPL2023_078,2023,2018-11-24,Dubai,Dubai International Cricket Stadium,Kolkata Knight Riders,Punjab Kings,Punjab Kings,bat,Kolkata Knight Riders,0,1,Prithvi Shaw,wickets,2,Punjab Kings,Kolkata Knight Riders,Shreyas Iyer,Ishan Kishan,0,0,0,0,1,5
IPL2023_078,2023,2018-11-24,Dubai,Dubai International Cricket Stadium,Kolkata Knight Riders,Punjab Kings,Punjab Kings,bat,Kolkata Knight Riders,0,1,Prithvi Shaw,wickets,2,Punjab Kings,Kolkata Knight Riders,Faf du Plessis,KL Rahul,1,0,1,0,1,6
IPL2023_078,2023,2018-11-24,Dubai,Dubai International Cricket Stadium,Kolkata Knight Riders,Punjab Kings,Punjab Kings,bat,Kolkata Knight Riders,0,1,Prithvi Shaw,wickets,2,Punjab Kings,Kolkata Knight Riders,Hardik Pandya,Bhuvneshwar Kumar,3,0,3,0,2,1
IPL2023_078,2023,2018-11-24,Dubai,Dubai International Cricket Stadium,Kolkata Knight Riders,Punjab Kings,Punjab Kings,bat,Kolkata Knight Riders,0,1,Prithvi Shaw,wickets,2,Punjab Kings,Kolkata Knight Riders,Ravindra Jadeja,Jos Buttler,2,0,2,0,2,2
IPL2023_078,2023,2018-11-24,Dubai,Dubai International Cricket Stadium,Kolkata Knight Riders,Punjab Kings,Punjab Kings,bat,Kolkata Knight Riders,0,1,Prithvi Shaw,wickets,2,Punjab Kings,Kolkata Knight Riders,Nicholas Pooran,Shikhar Dhawan,0,0,0,0,2,3
IPL2023_078,2023,2018-11-24,Dubai,Dubai International Cricket Stadium,Kolkata Knight Riders,Punjab Kings,Punjab Kings,bat,Kolkata Knight Riders,0,1,Prithvi Shaw,wickets,2,Punjab Kings,Kolkata Knight Riders,Ravindra Jadeja,MS Dhoni,1,0,1,0,2,4
IPL2024_079,2024,2018-11-27,Kolkata,Eden Gardens,Gujarat Titans,Sunrisers Hyderabad,Gujarat Titans,bat,Sunrisers Hyderabad,69,0,Glenn Maxwell,runs,1,Gujarat Titans,Sunrisers Hyderabad,KL Rahul,Trent Boult,0,0,0,0,1,1
IPL2024_079,2024,2018-11-27,Kolkata,Eden Gardens,Gujarat Titans,Sunrisers Hyderabad,Gujarat Titans,bat,Sunrisers Hyderabad,69,0,Glenn Maxwell,runs,1,Gujarat Titans,Sunrisers Hyderabad,Bhuvneshwar Kumar,Trent Boult,1,0,1,0,1,2
IPL2024_079,2024,2018-11-27,Kolkata,Eden Gardens,Gujarat Titans,Sunrisers Hyderabad,Gujarat Titans,bat,Sunrisers Hyderabad,69,0,Glenn Maxwell,runs,1,Gujarat Titans,Sunrisers Hyderabad,Trent Boult,Hardik Pandya,0,0,0,0,1,3
IPL2024_079,2024,2018-11-27,Kolkata,Eden Gardens,Gujarat Titans,Sunrisers Hyderabad,Gujarat Titans,bat,Sunrisers Hyderabad,69,0,Glenn Maxwell,runs,1,Gujarat Titans,Sunrisers Hyderabad,Bhuvneshwar Kumar,KL Rahul,0,0,0,0,1,4
IPL2024_079,2024,2018-11-27,Kolkata,Eden Gardens,Gujarat Titans,Sunrisers Hyderabad,Gujarat Titans,bat,Sunrisers Hyderabad,69,0,Glenn Maxwell,runs,1,Gujarat Titans,Sunrisers Hyderabad,Virat Kohli,Pat Cummins,2,0,2,0,1,5
IPL2024_079,2024,2018-11-27,Kolkata,Eden Gardens,Gujarat Titans,Sunrisers Hyderabad,Gujarat Titans,bat,Sunrisers Hyderabad,69,0,Glenn Maxwell,runs,1,Gujarat Titans,Sunrisers Hyderabad,Suryakumar Yadav,Nicholas Pooran,0,0,0,0,1,6
IPL2024_079,2024,2018-11-27,Kolkata,Eden Gardens,Gujarat Titans,Sunrisers Hyderabad,Gujarat Titans,bat,Sunrisers Hyderabad,69,0,Glenn Maxwell,runs,1,Gujarat Titans,Sunrisers Hyderabad,Andre Russell,Sunil Narine,0,0,0,0,2,1
IPL2024_079,2024,2018-11-27,Kolkata,Eden Gardens,Gujarat Titans,Sunrisers Hyderabad,Gujarat Titans,bat,Sunrisers Hyderabad,69,0,Glenn Maxwell,runs,1,Gujarat Titans,Sunrisers Hyderabad,Rashid Khan,Rishabh Pant,2,0,2,0,2,2
IPL2024_079,2024,2018-11-27,Kolkata,Eden Gardens,Gujarat Titans,Sunrisers Hyderabad,Gujarat Titans,bat,Sunrisers Hyderabad,69,0,Glenn Maxwell,runs,1,Gujarat Titans,Sunrisers Hyderabad,Faf du Plessis,Hardik Pandya,4,0,4,0,2,3
IPL2024_079,2024,2018-11-27,Kolkata,Eden Gardens,Gujarat Titans,Sunrisers Hyderabad,Gujarat Titans,bat,Sunrisers Hyderabad,69,0,Glenn Maxwell,runs,1,Gujarat Titans,Sunrisers Hyderabad,David Warner,Sanju Samson,2,0,2,0,2,4
IPL2024_079,2024,2018-11-27,Kolkata,Eden Gardens,Gujarat Titans,Sunrisers Hyderabad,Gujarat Titans,bat,Sunrisers Hyderabad,69,0,Glenn Maxwell,runs,2,Sunrisers Hyderabad,Gujarat Titans,Shreyas Iyer,Mohammed Siraj,0,0,0,0,1,1
IPL2024_079,2024,2018-11-27,Kolkata,Eden Gardens,Gujarat Titans,Sunrisers Hyderabad,Gujarat Titans,bat,Sunrisers Hyderabad,69,0,Glenn Maxwell,runs,2,Sunrisers Hyderabad,Gujarat Titans,Shreyas Iyer,Hardik Pandya,2,0,2,0,1,2
IPL2024_079,2024,2018-11-27,Kolkata,Eden Gardens,Gujarat Titans,Sunrisers Hyderabad,Gujarat Titans,bat,Sunrisers Hyderabad,69,0,Glenn Maxwell,runs,2,Sunrisers Hyderabad,Gujarat Titans,MS Dhoni,Bhuvneshwar Kumar,2,0,2,1,1,3
IPL2024_079,2024,2018-11-27,Kolkata,Eden Gardens,Gujarat Titans,Sunrisers Hyderabad,Gujarat Titans,bat,Sunrisers Hyderabad,69,0,Glenn Maxwell,runs,2,Sunrisers Hyderabad,Gujarat Titans,Trent Boult,Ruturaj Gaikwad,1,0,1,0,1,4
IPL2024_079,2024,2018-11-27,Kolkata,Eden Gardens,Gujarat Titans,Sunrisers Hyderabad,Gujarat Titans,bat,Sunrisers Hyderabad,69,0,Glenn Maxwell,runs,2,Sunrisers Hyderabad,Gujarat Titans,Nicholas Pooran,Rashid Khan,1,0,1,0,1,5
IPL2024_079,2024,2018-11-27,Kolkata,Eden Gardens,Gujarat Titans,Sunrisers Hyderabad,Gujarat Titans,bat,Sunrisers Hyderabad,69,0,Glenn Maxwell,runs,2,Sunrisers Hyderabad,Gujarat Titans,Shikhar Dhawan,MS Dhoni,3,0,3,0,1,6
IPL2024_079,2024,2018-11-27,Kolkata,Eden Gardens,Gujarat Titans,Sunrisers Hyderabad,Gujarat Titans,bat,Sunrisers Hyderabad,69,0,Glenn Maxwell,runs,2,Sunrisers Hyderabad,Gujarat Titans,MS Dhoni,Suryakumar Yadav,4,0,4,0,2,1
IPL2024_079,2024,2018-11-27,Kolkata,Eden Gardens,Gujarat Titans,Sunrisers Hyderabad,Gujarat Titans,bat,Sunrisers Hyderabad,69,0,Glenn Maxwell,runs,2,Sunrisers Hyderabad,Gujarat Titans,Jos Buttler,Hardik Pandya,4,0,4,0,2,2
IPL2024_079,2024,2018-11-27,Kolkata,Eden Gardens,Gujarat Titans,Sunrisers Hyderabad,Gujarat Titans,bat,Sunrisers Hyderabad,69,0,Glenn Maxwell,runs,2,Sunrisers Hyderabad,Gujarat Titans,Shikhar Dhawan,Nicholas Pooran,0,0,0,0,2,3
IPL2024_079,2024,2018-11-27,Kolkata,Eden Gardens,Gujarat Titans,Sunrisers Hyderabad,Gujarat Titans,bat,Sunrisers Hyderabad,69,0,Glenn Maxwell,runs,2,Sunrisers Hyderabad,Gujarat Titans,Pat Cummins,Jos Buttler,0,2,2,0,2,4
IPL2025_080,2025,2018-11-30,Mumbai,Wankhede Stadium,Delhi Capitals,Sunrisers Hyderabad,Sunrisers Hyderabad,bat,Delhi Capitals,0,1,Ruturaj Gaikwad,wickets,1,Delhi Capitals,Sunrisers Hyderabad,Rishabh Pant,Bhuvneshwar Kumar,0,0,0,0,1,1
IPL2025_080,2025,2018-11-30,Mumbai,Wankhede Stadium,Delhi Capitals,Sunrisers Hyderabad,Sunrisers Hyderabad,bat,Delhi Capitals,0,1,Ruturaj Gaikwad,wickets,1,Delhi Capitals,Sunrisers Hyderabad,Suryakumar Yadav,Shubman Gill,1,0,1,0,1,2
IPL2025_080,2025,2018-11-30,Mumbai,Wankhede Stadium,Delhi Capitals,Sunrisers Hyderabad,Sunrisers Hyderabad,bat,Delhi Capitals,0,1,Ruturaj Gaikwad,wickets,1,Delhi Capitals,Sunrisers Hyderabad,Jos Buttler,MS Dhoni,1,0,1,0,1,3
IPL2025_080,2025,2018-11-30,Mumbai,Wankhede Stadium,Delhi Capitals,Sunrisers Hyderabad,Sunrisers Hyderabad,bat,Delhi Capitals,0,1,Ruturaj Gaikwad,wickets,1,Delhi Capitals,Sunrisers Hyderabad,Sanju Samson,David Warner,1,0,1,0,1,4
IPL2025_080,2025,2018-11-30,Mumbai,Wankhede Stadium,Delhi Capitals,Sunrisers Hyderabad,Sunrisers Hyderabad,bat,Delhi Capitals,0,1,Ruturaj Gaikwad,wickets,1,Delhi Capitals,Sunrisers Hyderabad,Andre Russell,Faf du Plessis,6,0,6,0,1,5
IPL2025_080,2025,2018-11-30,Mumbai,Wankhede Stadium,Delhi Capitals,Sunrisers Hyderabad,Sunrisers Hyderabad,bat,Delhi Capitals,0,1,Ruturaj Gaikwad,wickets,1,Delhi Capitals,Sunrisers Hyderabad,Faf du Plessis,Yashasvi Jaiswal,0,0,0,0,1,6
IPL2025_080,2025,2018-11-30,Mumbai,Wankhede Stadium,Delhi Capitals,Sunrisers Hyderabad,Sunrisers Hyderabad,bat,Delhi Capitals,0,1,Ruturaj Gaikwad,wickets,1,Delhi Capitals,Sunrisers Hyderabad,David Warner,Shubman Gill,3,0,3,0,2,1
IPL2025_080,2025,2018-11-30,Mumbai,Wankhede Stadium,Delhi Capitals,Sunrisers Hyderabad,Sunrisers Hyderabad,bat,Delhi Capitals,0,1,Ruturaj Gaikwad,wickets,1,Delhi Capitals,Sunrisers Hyderabad,Virat Kohli,MS Dhoni,0,0,0,0,2,2
IPL2025_080,2025,2018-11-30,Mumbai,Wankhede Stadium,Delhi Capitals,Sunrisers Hyderabad,Sunrisers Hyderabad,bat,Delhi Capitals,0,1,Ruturaj Gaikwad,wickets,1,Delhi Capitals,Sunrisers Hyderabad,Rishabh Pant,Faf du Plessis,0,0,0,0,2,3
IPL2025_080,2025,2018-11-30,Mumbai,Wankhede Stadium,Delhi Capitals,Sunrisers Hyderabad,Sunrisers Hyderabad,bat,Delhi Capitals,0,1,Ruturaj Gaikwad,wickets,1,Delhi Capitals,Sunrisers Hyderabad,MS Dhoni,Trent Boult,0,1,1,0,2,4
IPL2025_080,2025,2018-11-30,Mumbai,Wankhede Stadium,Delhi Capitals,Sunrisers Hyderabad,Sunrisers Hyderabad,bat,Delhi Capitals,0,1,Ruturaj Gaikwad,wickets,2,Sunrisers Hyderabad,Delhi Capitals,Trent Boult,Nicholas Pooran,4,0,4,0,1,1
IPL2025_080,2025,2018-11-30,Mumbai,Wankhede Stadium,Delhi Capitals,Sunrisers Hyderabad,Sunrisers Hyderabad,bat,Delhi Capitals,0,1,Ruturaj Gaikwad,wickets,2,Sunrisers Hyderabad,Delhi Capitals,KL Rahul,Tilak Varma,0,0,0,0,1,2
IPL2025_080,2025,2018-11-30,Mumbai,Wankhede Stadium,Delhi Capitals,Sunrisers Hyderabad,Sunrisers Hyderabad,bat,Delhi Capitals,0,1,Ruturaj Gaikwad,wickets,2,Sunrisers Hyderabad,Delhi Capitals,Hardik Pandya,Virat Kohli,4,0,4,0,1,3
IPL2025_080,2025,2018-11-30,Mumbai,Wankhede Stadium,Delhi Capitals,Sunrisers Hyderabad,Sunrisers Hyderabad,bat,Delhi Capitals,0,1,Ruturaj Gaikwad,wickets,2,Sunrisers Hyderabad,Delhi Capitals,Ruturaj Gaikwad,David Warner,4,0,4,0,1,4
IPL2025_080,2025,2018-11-30,Mumbai,Wankhede Stadium,Delhi Capitals,Sunrisers Hyderabad,Sunrisers Hyderabad,bat,Delhi Capitals,0,1,Ruturaj Gaikwad,wickets,2,Sunrisers Hyderabad,Delhi Capitals,Hardik Pandya,Bhuvneshwar Kumar,0,0,0,0,1,5
IPL2025_080,2025,2018-11-30,Mumbai,Wankhede Stadium,Delhi Capitals,Sunrisers Hyderabad,Sunrisers Hyderabad,bat,Delhi Capitals,0,1,Ruturaj Gaikwad,wickets,2,Sunrisers Hyderabad,Delhi Capitals,MS Dhoni,Ravindra Jadeja,1,0,1,0,1,6
IPL2025_080,2025,2018-11-30,Mumbai,Wankhede Stadium,Delhi Capitals,Sunrisers Hyderabad,Sunrisers Hyderabad,bat,Delhi Capitals,0,1,Ruturaj Gaikwad,wickets,2,Sunrisers Hyderabad,Delhi Capitals,Ishan Kishan,Faf du Plessis,0,0,0,0,2,1
IPL2025_080,2025,2018-11-30,Mumbai,Wankhede Stadium,Delhi Capitals,Sunrisers Hyderabad,Sunrisers Hyderabad,bat,Delhi Capitals,0,1,Ruturaj Gaikwad,wickets,2,Sunrisers Hyderabad,Delhi Capitals,Ishan Kishan,Rashid Khan,3,0,3,0,2,2
IPL2025_080,2025,2018-11-30,Mumbai,Wankhede Stadium,Delhi Capitals,Sunrisers Hyderabad,Sunrisers Hyderabad,bat,Delhi Capitals,0,1,Ruturaj Gaikwad,wickets,2,Sunrisers Hyderabad,Delhi Capitals,Mohammed Siraj,Yashasvi Jaiswal,0,0,0,0,2,3
IPL2025_080,2025,2018-11-30,Mumbai,Wankhede Stadium,Delhi Capitals,Sunrisers Hyderabad,Sunrisers Hyderabad,bat,Delhi Capitals,0,1,Ruturaj Gaikwad,wickets,2,Sunrisers Hyderabad,Delhi Capitals,Sanju Samson,Shreyas Iyer,1,0,1,1,2,4
IPL2026_081,2026,2018-12-03,Jaipur,Sawai Mansingh Stadium,Delhi Capitals,Royal Challengers Bengaluru,Delhi Capitals,field,Royal Challengers Bengaluru,26,0,Sunil Narine,runs,1,Delhi Capitals,Royal Challengers Bengaluru,MS Dhoni,Sanju Samson,0,0,0,0,1,1
IPL2026_081,2026,2018-12-03,Jaipur,Sawai Mansingh Stadium,Delhi Capitals,Royal Challengers Bengaluru,Delhi Capitals,field,Royal Challengers Bengaluru,26,0,Sunil Narine,runs,1,Delhi Capitals,Royal Challengers Bengaluru,David Warner,Suryakumar Yadav,2,0,2,0,1,2
IPL2026_081,2026,2018-12-03,Jaipur,Sawai Mansingh Stadium,Delhi Capitals,Royal Challengers Bengaluru,Delhi Capitals,field,Royal Challengers Bengaluru,26,0,Sunil Narine,runs,1,Delhi Capitals,Royal Challengers Bengaluru,David Warner,Ruturaj Gaikwad,0,0,0,0,1,3
IPL2026_081,2026,2018-12-03,Jaipur,Sawai Mansingh Stadium,Delhi Capitals,Royal Challengers Bengaluru,Delhi Capitals,field,Royal Challengers Bengaluru,26,0,Sunil Narine,runs,1,Delhi Capitals,Royal Challengers Bengaluru,Sunil Narine,Nicholas Pooran,4,0,4,0,1,4
IPL2026_081,2026,2018-12-03,Jaipur,Sawai Mansingh Stadium,Delhi Capitals,Royal Challengers Bengaluru,Delhi Capitals,field,Royal Challengers Bengaluru,26,0,Sunil Narine,runs,1,Delhi Capitals,Royal Challengers Bengaluru,MS Dhoni,Rishabh Pant,1,0,1,0,1,5
IPL2026_081,2026,2018-12-03,Jaipur,Sawai Mansingh Stadium,Delhi Capitals,Royal Challengers Bengaluru,Delhi Capitals,field,Royal Challengers Bengaluru,26,0,Sunil Narine,runs,1,Delhi Capitals,Royal Challengers Bengaluru,Suryakumar Yadav,Rashid Khan,2,0,2,0,1,6
IPL2026_081,2026,2018-12-03,Jaipur,Sawai Mansingh Stadium,Delhi Capitals,Royal Challengers Bengaluru,Delhi Capitals,field,Royal Challengers Bengaluru,26,0,Sunil Narine,runs,1,Delhi Capitals,Royal Challengers Bengaluru,Ravindra Jadeja,Pat Cummins,1,0,1,0,2,1
IPL2026_081,2026,2018-12-03,Jaipur,Sawai Mansingh Stadium,Delhi Capitals,Royal Challengers Bengaluru,Delhi Capitals,field,Royal Challengers Bengaluru,26,0,Sunil Narine,runs,1,Delhi Capitals,Royal Challengers Bengaluru,Sunil Narine,Trent Boult,2,1,3,0,2,2
IPL2026_081,2026,2018-12-03,Jaipur,Sawai Mansingh Stadium,Delhi Capitals,Royal Challengers Bengaluru,Delhi Capitals,field,Royal Challengers Bengaluru,26,0,Sunil Narine,runs,1,Delhi Capitals,Royal Challengers Bengaluru,Trent Boult,Jasprit Bumrah,1,0,1,0,2,3
IPL2026_081,2026,2018-12-03,Jaipur,Sawai Mansingh Stadium,Delhi Capitals,Royal Challengers Bengaluru,Delhi Capitals,field,Royal Challengers Bengaluru,26,0,Sunil Narine,runs,1,Delhi Capitals,Royal Challengers Bengaluru,Andre Russell,Shubman Gill,2,0,2,0,2,4
IPL2026_081,2026,2018-12-03,Jaipur,Sawai Mansingh Stadium,Delhi Capitals,Royal Challengers Bengaluru,Delhi Capitals,field,Royal Challengers Bengaluru,26,0,Sunil Narine,runs,2,Royal Challengers Bengaluru,Delhi Capitals,Jos Buttler,Ruturaj Gaikwad,1,0,1,0,1,1
IPL2026_081,2026,2018-12-03,Jaipur,Sawai Mansingh Stadium,Delhi Capitals,Royal Challengers Bengaluru,Delhi Capitals,field,Royal Challengers Bengaluru,26,0,Sunil Narine,runs,2,Royal Challengers Bengaluru,Delhi Capitals,Virat Kohli,Hardik Pandya,6,0,6,0,1,2
IPL2026_081,2026,2018-12-03,Jaipur,Sawai Mansingh Stadium,Delhi Capitals,Royal Challengers Bengaluru,Delhi Capitals,field,Royal Challengers Bengaluru,26,0,Sunil Narine,runs,2,Royal Challengers Bengaluru,Delhi Capitals,KL Rahul,Glenn Maxwell,4,0,4,0,1,3
IPL2026_081,2026,2018-12-03,Jaipur,Sawai Mansingh Stadium,Delhi Capitals,Royal Challengers Bengaluru,Delhi Capitals,field,Royal Challengers Bengaluru,26,0,Sunil Narine,runs,2,Royal Challengers Bengaluru,Delhi Capitals,Trent Boult,Hardik Pandya,2,0,2,0,1,4
IPL2026_081,2026,2018-12-03,Jaipur,Sawai Mansingh Stadium,Delhi Capitals,Royal Challengers Bengaluru,Delhi Capitals,field,Royal Challengers Bengaluru,26,0,Sunil Narine,runs,2,Royal Challengers Bengaluru,Delhi Capitals,Nicholas Pooran,Tilak Varma,1,0,1,0,1,5
IPL2026_081,2026,2018-12-03,Jaipur,Sawai Mansingh Stadium,Delhi Capitals,Royal Challengers Bengaluru,Delhi Capitals,field,Royal Challengers Bengaluru,26,0,Sunil Narine,runs,2,Royal Challengers Bengaluru,Delhi Capitals,KL Rahul,Andre Russell,1,0,1,0,1,6
IPL2026_081,2026,2018-12-03,Jaipur,Sawai Mansingh Stadium,Delhi Capitals,Royal Challengers Bengaluru,Delhi Capitals,field,Royal Challengers Bengaluru,26,0,Sunil Narine,runs,2,Royal Challengers Bengaluru,Delhi Capitals,KL Rahul,David Warner,1,0,1,0,2,1
IPL2026_081,2026,2018-12-03,Jaipur,Sawai Mansingh Stadium,Delhi Capitals,Royal Challengers Bengaluru,Delhi Capitals,field,Royal Challengers Bengaluru,26,0,Sunil Narine,runs,2,Royal Challengers Bengaluru,Delhi Capitals,Glenn Maxwell,Glenn Maxwell,4,0,4,0,2,2
IPL2026_081,2026,2018-12-03,Jaipur,Sawai Mansingh Stadium,Delhi Capitals,Royal Challengers Bengaluru,Delhi Capitals,field,Royal Challengers Bengaluru,26,0,Sunil Narine,runs,2,Royal Challengers Bengaluru,Delhi Capitals,Tilak Varma,Pat Cummins,0,0,0,0,2,3
IPL2026_081,2026,2018-12-03,Jaipur,Sawai Mansingh Stadium,Delhi Capitals,Royal Challengers Bengaluru,Delhi Capitals,field,Royal Challengers Bengaluru,26,0,Sunil Narine,runs,2,Royal Challengers Bengaluru,Delhi Capitals,Trent Boult,Jos Buttler,0,0,0,0,2,4
IPL2018_082,2018,2018-12-06,Bengaluru,M. Chinnaswamy Stadium,Rajasthan Royals,Sunrisers Hyderabad,Rajasthan Royals,field,Sunrisers Hyderabad,0,9,Hardik Pandya,wickets,1,Rajasthan Royals,Sunrisers Hyderabad,Ruturaj Gaikwad,Ravindra Jadeja,0,0,0,0,1,1
IPL2018_082,2018,2018-12-06,Bengaluru,M. Chinnaswamy Stadium,Rajasthan Royals,Sunrisers Hyderabad,Rajasthan Royals,field,Sunrisers Hyderabad,0,9,Hardik Pandya,wickets,1,Rajasthan Royals,Sunrisers Hyderabad,Shikhar Dhawan,Pat Cummins,0,1,1,0,1,2
IPL2018_082,2018,2018-12-06,Bengaluru,M. Chinnaswamy Stadium,Rajasthan Royals,Sunrisers Hyderabad,Rajasthan Royals,field,Sunrisers Hyderabad,0,9,Hardik Pandya,wickets,1,Rajasthan Royals,Sunrisers Hyderabad,Sunil Narine,Mohammed Siraj,6,0,6,0,1,3
IPL2018_082,2018,2018-12-06,Bengaluru,M. Chinnaswamy Stadium,Rajasthan Royals,Sunrisers Hyderabad,Rajasthan Royals,field,Sunrisers Hyderabad,0,9,Hardik Pandya,wickets,1,Rajasthan Royals,Sunrisers Hyderabad,Nicholas Pooran,Rashid Khan,1,0,1,0,1,4
IPL2018_082,2018,2018-12-06,Bengaluru,M. Chinnaswamy Stadium,Rajasthan Royals,Sunrisers Hyderabad,Rajasthan Royals,field,Sunrisers Hyderabad,0,9,Hardik Pandya,wickets,1,Rajasthan Royals,Sunrisers Hyderabad,KL Rahul,Hardik Pandya,1,0,1,0,1,5
IPL2018_082,2018,2018-12-06,Bengaluru,M. Chinnaswamy Stadium,Rajasthan Royals,Sunrisers Hyderabad,Rajasthan Royals,field,Sunrisers Hyderabad,0,9,Hardik Pandya,wickets,1,Rajasthan Royals,Sunrisers Hyderabad,Suryakumar Yadav,Glenn Maxwell,4,0,4,0,1,6
IPL2018_082,2018,2018-12-06,Bengaluru,M. Chinnaswamy Stadium,Rajasthan Royals,Sunrisers Hyderabad,Rajasthan Royals,field,Sunrisers Hyderabad,0,9,Hardik Pandya,wickets,1,Rajasthan Royals,Sunrisers Hyderabad,Nicholas Pooran,Hardik Pandya,2,0,2,0,2,1
IPL2018_082,2018,2018-12-06,Bengaluru,M. Chinnaswamy Stadium,Rajasthan Royals,Sunrisers Hyderabad,Rajasthan Royals,field,Sunrisers Hyderabad,0,9,Hardik Pandya,wickets,1,Rajasthan Royals,Sunrisers Hyderabad,Rishabh Pant,Shubman Gill,2,0,2,0,2,2
IPL2018_082,2018,2018-12-06,Bengaluru,M. Chinnaswamy Stadium,Rajasthan Royals,Sunrisers Hyderabad,Rajasthan Royals,field,Sunrisers Hyderabad,0,9,Hardik Pandya,wickets,1,Rajasthan Royals,Sunrisers Hyderabad,Prithvi Shaw,Mohammed Siraj,0,0,0,0,2,3
IPL2018_082,2018,2018-12-06,Bengaluru,M. Chinnaswamy Stadium,Rajasthan Royals,Sunrisers Hyderabad,Rajasthan Royals,field,Sunrisers Hyderabad,0,9,Hardik Pandya,wickets,1,Rajasthan Royals,Sunrisers Hyderabad,Jasprit Bumrah,Mohammed Siraj,0,0,0,0,2,4
IPL2018_082,2018,2018-12-06,Bengaluru,M. Chinnaswamy Stadium,Rajasthan Royals,Sunrisers Hyderabad,Rajasthan Royals,field,Sunrisers Hyderabad,0,9,Hardik Pandya,wickets,2,Sunrisers Hyderabad,Rajasthan Royals,Faf du Plessis,Sanju Samson,1,0,1,0,1,1
IPL2018_082,2018,2018-12-06,Bengaluru,M. Chinnaswamy Stadium,Rajasthan Royals,Sunrisers Hyderabad,Rajasthan Royals,field,Sunrisers Hyderabad,0,9,Hardik Pandya,wickets,2,Sunrisers Hyderabad,Rajasthan Royals,Shreyas Iyer,Bhuvneshwar Kumar,1,0,1,0,1,2
IPL2018_082,2018,2018-12-06,Bengaluru,M. Chinnaswamy Stadium,Rajasthan Royals,Sunrisers Hyderabad,Rajasthan Royals,field,Sunrisers Hyderabad,0,9,Hardik Pandya,wickets,2,Sunrisers Hyderabad,Rajasthan Royals,Faf du Plessis,Virat Kohli,4,0,4,0,1,3
IPL2018_082,2018,2018-12-06,Bengaluru,M. Chinnaswamy Stadium,Rajasthan Royals,Sunrisers Hyderabad,Rajasthan Royals,field,Sunrisers Hyderabad,0,9,Hardik Pandya,wickets,2,Sunrisers Hyderabad,Rajasthan Royals,Ravindra Jadeja,Andre Russell,4,0,4,0,1,4
IPL2018_082,2018,2018-12-06,Bengaluru,M. Chinnaswamy Stadium,Rajasthan Royals,Sunrisers Hyderabad,Rajasthan Royals,field,Sunrisers Hyderabad,0,9,Hardik Pandya,wickets,2,Sunrisers Hyderabad,Rajasthan Royals,Shikhar Dhawan,Jasprit Bumrah,4,0,4,0,1,5
IPL2018_082,2018,2018-12-06,Bengaluru,M. Chinnaswamy Stadium,Rajasthan Royals,Sunrisers Hyderabad,Rajasthan Royals,field,Sunrisers Hyderabad,0,9,Hardik Pandya,wickets,2,Sunrisers Hyderabad,Rajasthan Royals,Andre Russell,Nicholas Pooran,4,0,4,0,1,6
IPL2018_082,2018,2018-12-06,Bengaluru,M. Chinnaswamy Stadium,Rajasthan Royals,Sunrisers Hyderabad,Rajasthan Royals,field,Sunrisers Hyderabad,0,9,Hardik Pandya,wickets,2,Sunrisers Hyderabad,Rajasthan Royals,Ruturaj Gaikwad,Glenn Maxwell,3,0,3,0,2,1
IPL2018_082,2018,2018-12-06,Bengaluru,M. Chinnaswamy Stadium,Rajasthan Royals,Sunrisers Hyderabad,Rajasthan Royals,field,Sunrisers Hyderabad,0,9,Hardik Pandya,wickets,2,Sunrisers Hyderabad,Rajasthan Royals,Shikhar Dhawan,MS Dhoni,0,0,0,0,2,2
IPL2018_082,2018,2018-12-06,Bengaluru,M. Chinnaswamy Stadium,Rajasthan Royals,Sunrisers Hyderabad,Rajasthan Royals,field,Sunrisers Hyderabad,0,9,Hardik Pandya,wickets,2,Sunrisers Hyderabad,Rajasthan Royals,Glenn Maxwell,Tilak Varma,1,0,1,0,2,3
IPL2018_082,2018,2018-12-06,Bengaluru,M. Chinnaswamy Stadium,Rajasthan Royals,Sunrisers Hyderabad,Rajasthan Royals,field,Sunrisers Hyderabad,0,9,Hardik Pandya,wickets,2,Sunrisers Hyderabad,Rajasthan Royals,Nicholas Pooran,Nicholas Pooran,2,0,2,0,2,4
IPL2019_083,2019,2018-12-09,Jaipur,Sawai Mansingh Stadium,Delhi Capitals,Punjab Kings,Delhi Capitals,field,Delhi Capitals,43,0,Shreyas Iyer,runs,1,Delhi Capitals,Punjab Kings,Shikhar Dhawan,David Warner,0,0,0,0,1,1
IPL2019_083,2019,2018-12-09,Jaipur,Sawai Mansingh Stadium,Delhi Capitals,Punjab Kings,Delhi Capitals,field,Delhi Capitals,43,0,Shreyas Iyer,runs,1,Delhi Capitals,Punjab Kings,Nicholas Pooran,Hardik Pandya,0,0,0,0,1,2
IPL2019_083,2019,2018-12-09,Jaipur,Sawai Mansingh Stadium,Delhi Capitals,Punjab Kings,Delhi Capitals,field,Delhi Capitals,43,0,Shreyas Iyer,runs,1,Delhi Capitals,Punjab Kings,MS Dhoni,Andre Russell,1,0,1,0,1,3
IPL2019_083,2019,2018-12-09,Jaipur,Sawai Mansingh Stadium,Delhi Capitals,Punjab Kings,Delhi Capitals,field,Delhi Capitals,43,0,Shreyas Iyer,runs,1,Delhi Capitals,Punjab Kings,Trent Boult,Sunil Narine,3,0,3,0,1,4
IPL2019_083,2019,2018-12-09,Jaipur,Sawai Mansingh Stadium,Delhi Capitals,Punjab Kings,Delhi Capitals,field,Delhi Capitals,43,0,Shreyas Iyer,runs,1,Delhi Capitals,Punjab Kings,Mohammed Siraj,Hardik Pandya,1,0,1,0,1,5
IPL2019_083,2019,2018-12-09,Jaipur,Sawai Mansingh Stadium,Delhi Capitals,Punjab Kings,Delhi Capitals,field,Delhi Capitals,43,0,Shreyas Iyer,runs,1,Delhi Capitals,Punjab Kings,Faf du Plessis,Yashasvi Jaiswal,2,0,2,0,1,6
IPL2019_083,2019,2018-12-09,Jaipur,Sawai Mansingh Stadium,Delhi Capitals,Punjab Kings,Delhi Capitals,field,Delhi Capitals,43,0,Shreyas Iyer,runs,1,Delhi Capitals,Punjab Kings,Prithvi Shaw,Prithvi Shaw,0,0,0,0,2,1
IPL2019_083,2019,2018-12-09,Jaipur,Sawai Mansingh Stadium,Delhi Capitals,Punjab Kings,Delhi Capitals,field,Delhi Capitals,43,0,Shreyas Iyer,runs,1,Delhi Capitals,Punjab Kings,Tilak Varma,Shikhar Dhawan,1,0,1,0,2,2
IPL2019_083,2019,2018-12-09,Jaipur,Sawai Mansingh Stadium,Delhi Capitals,Punjab Kings,Delhi Capitals,field,Delhi Capitals,43,0,Shreyas Iyer,runs,1,Delhi Capitals,Punjab Kings,David Warner,Faf du Plessis,2,0,2,0,2,3
IPL2019_083,2019,2018-12-09,Jaipur,Sawai Mansingh Stadium,Delhi Capitals,Punjab Kings,Delhi Capitals,field,Delhi Capitals,43,0,Shreyas Iyer,runs,1,Delhi Capitals,Punjab Kings,Rohit Sharma,Nicholas Pooran,1,0,1,0,2,4
IPL2019_083,2019,2018-12-09,Jaipur,Sawai Mansingh Stadium,Delhi Capitals,Punjab Kings,Delhi Capitals,field,Delhi Capitals,43,0,Shreyas Iyer,runs,2,Punjab Kings,Delhi Capitals,Rishabh Pant,Shikhar Dhawan,1,0,1,0,1,1
IPL2019_083,2019,2018-12-09,Jaipur,Sawai Mansingh Stadium,Delhi Capitals,Punjab Kings,Delhi Capitals,field,Delhi Capitals,43,0,Shreyas Iyer,runs,2,Punjab Kings,Delhi Capitals,Ishan Kishan,Nicholas Pooran,1,0,1,0,1,2
IPL2019_083,2019,2018-12-09,Jaipur,Sawai Mansingh Stadium,Delhi Capitals,Punjab Kings,Delhi Capitals,field,Delhi Capitals,43,0,Shreyas Iyer,runs,2,Punjab Kings,Delhi Capitals,Faf du Plessis,Trent Boult,0,0,0,0,1,3
IPL2019_083,2019,2018-12-09,Jaipur,Sawai Mansingh Stadium,Delhi Capitals,Punjab Kings,Delhi Capitals,field,Delhi Capitals,43,0,Shreyas Iyer,runs,2,Punjab Kings,Delhi Capitals,Pat Cummins,Prithvi Shaw,1,0,1,0,1,4
IPL2019_083,2019,2018-12-09,Jaipur,Sawai Mansingh Stadium,Delhi Capitals,Punjab Kings,Delhi Capitals,field,Delhi Capitals,43,0,Shreyas Iyer,runs,2,Punjab Kings,Delhi Capitals,MS Dhoni,Shubman Gill,1,0,1,0,1,5
IPL2019_083,2019,2018-12-09,Jaipur,Sawai Mansingh Stadium,Delhi Capitals,Punjab Kings,Delhi Capitals,field,Delhi Capitals,43,0,Shreyas Iyer,runs,2,Punjab Kings,Delhi Capitals,Bhuvneshwar Kumar,Rashid Khan,0,0,0,0,1,6
IPL2019_083,2019,2018-12-09,Jaipur,Sawai Mansingh Stadium,Delhi Capitals,Punjab Kings,Delhi Capitals,field,Delhi Capitals,43,0,Shreyas Iyer,runs,2,Punjab Kings,Delhi Capitals,Shreyas Iyer,Shreyas Iyer,0,0,0,0,2,1
IPL2019_083,2019,2018-12-09,Jaipur,Sawai Mansingh Stadium,Delhi Capitals,Punjab Kings,Delhi Capitals,field,Delhi Capitals,43,0,Shreyas Iyer,runs,2,Punjab Kings,Delhi Capitals,Rishabh Pant,Sanju Samson,3,0,3,0,2,2
IPL2019_083,2019,2018-12-09,Jaipur,Sawai Mansingh Stadium,Delhi Capitals,Punjab Kings,Delhi Capitals,field,Delhi Capitals,43,0,Shreyas Iyer,runs,2,Punjab Kings,Delhi Capitals,Pat Cummins,Trent Boult,0,0,0,0,2,3
IPL2019_083,2019,2018-12-09,Jaipur,Sawai Mansingh Stadium,Delhi Capitals,Punjab Kings,Delhi Capitals,field,Delhi Capitals,43,0,Shreyas Iyer,runs,2,Punjab Kings,Delhi Capitals,Rohit Sharma,Mohammed Siraj,4,0,4,0,2,4
IPL2020_084,2020,2018-12-12,Chennai,MA Chidambaram Stadium,Delhi Capitals,Sunrisers Hyderabad,Sunrisers Hyderabad,bat,Delhi Capitals,35,0,Suryakumar Yadav,runs,1,Delhi Capitals,Sunrisers Hyderabad,Yashasvi Jaiswal,Ravindra Jadeja,0,0,0,0,1,1
IPL2020_084,2020,2018-12-12,Chennai,MA Chidambaram Stadium,Delhi Capitals,Sunrisers Hyderabad,Sunrisers Hyderabad,bat,Delhi Capitals,35,0,Suryakumar Yadav,runs,1,Delhi Capitals,Sunrisers Hyderabad,Yashasvi Jaiswal,Faf du Plessis,0,0,0,0,1,2
IPL2020_084,2020,2018-12-12,Chennai,MA Chidambaram Stadium,Delhi Capitals,Sunrisers Hyderabad,Sunrisers Hyderabad,bat,Delhi Capitals,35,0,Suryakumar Yadav,runs,1,Delhi Capitals,Sunrisers Hyderabad,Mohammed Siraj,Shikhar Dhawan,4,0,4,0,1,3
IPL2020_084,2020,2018-12-12,Chennai,MA Chidambaram Stadium,Delhi Capitals,Sunrisers Hyderabad,Sunrisers Hyderabad,bat,Delhi Capitals,35,0,Suryakumar Yadav,runs,1,Delhi Capitals,Sunrisers Hyderabad,Mohammed Siraj,Rashid Khan,4,0,4,0,1,4
IPL2020_084,2020,2018-12-12,Chennai,MA Chidambaram Stadium,Delhi Capitals,Sunrisers Hyderabad,Sunrisers Hyderabad,bat,Delhi Capitals,35,0,Suryakumar Yadav,runs,1,Delhi Capitals,Sunrisers Hyderabad,Andre Russell,Rishabh Pant,0,0,0,0,1,5
IPL2020_084,2020,2018-12-12,Chennai,MA Chidambaram Stadium,Delhi Capitals,Sunrisers Hyderabad,Sunrisers Hyderabad,bat,Delhi Capitals,35,0,Suryakumar Yadav,runs,1,Delhi Capitals,Sunrisers Hyderabad,Hardik Pandya,Andre Russell,4,0,4,0,1,6
IPL2020_084,2020,2018-12-12,Chennai,MA Chidambaram Stadium,Delhi Capitals,Sunrisers Hyderabad,Sunrisers Hyderabad,bat,Delhi Capitals,35,0,Suryakumar Yadav,runs,1,Delhi Capitals,Sunrisers Hyderabad,Bhuvneshwar Kumar,Shreyas Iyer,0,0,0,0,2,1
IPL2020_084,2020,2018-12-12,Chennai,MA Chidambaram Stadium,Delhi Capitals,Sunrisers Hyderabad,Sunrisers Hyderabad,bat,Delhi Capitals,35,0,Suryakumar Yadav,runs,1,Delhi Capitals,Sunrisers Hyderabad,Mohammed Siraj,Shikhar Dhawan,1,0,1,1,2,2
IPL2020_084,2020,2018-12-12,Chennai,MA Chidambaram Stadium,Delhi Capitals,Sunrisers Hyderabad,Sunrisers Hyderabad,bat,Delhi Capitals,35,0,Suryakumar Yadav,runs,1,Delhi Capitals,Sunrisers Hyderabad,Yashasvi Jaiswal,Jos Buttler,0,0,0,0,2,3
IPL2020_084,2020,2018-12-12,Chennai,MA Chidambaram Stadium,Delhi Capitals,Sunrisers Hyderabad,Sunrisers Hyderabad,bat,Delhi Capitals,35,0,Suryakumar Yadav,runs,1,Delhi Capitals,Sunrisers Hyderabad,Rishabh Pant,Virat Kohli,0,0,0,0,2,4
IPL2020_084,2020,2018-12-12,Chennai,MA Chidambaram Stadium,Delhi Capitals,Sunrisers Hyderabad,Sunrisers Hyderabad,bat,Delhi Capitals,35,0,Suryakumar Yadav,runs,2,Sunrisers Hyderabad,Delhi Capitals,Sunil Narine,Shubman Gill,0,0,0,0,1,1
IPL2020_084,2020,2018-12-12,Chennai,MA Chidambaram Stadium,Delhi Capitals,Sunrisers Hyderabad,Sunrisers Hyderabad,bat,Delhi Capitals,35,0,Suryakumar Yadav,runs,2,Sunrisers Hyderabad,Delhi Capitals,Ruturaj Gaikwad,David Warner,1,0,1,0,1,2
IPL2020_084,2020,2018-12-12,Chennai,MA Chidambaram Stadium,Delhi Capitals,Sunrisers Hyderabad,Sunrisers Hyderabad,bat,Delhi Capitals,35,0,Suryakumar Yadav,runs,2,Sunrisers Hyderabad,Delhi Capitals,Prithvi Shaw,MS Dhoni,3,0,3,0,1,3
IPL2020_084,2020,2018-12-12,Chennai,MA Chidambaram Stadium,Delhi Capitals,Sunrisers Hyderabad,Sunrisers Hyderabad,bat,Delhi Capitals,35,0,Suryakumar Yadav,runs,2,Sunrisers Hyderabad,Delhi Capitals,Shubman Gill,Glenn Maxwell,4,0,4,0,1,4
IPL2020_084,2020,2018-12-12,Chennai,MA Chidambaram Stadium,Delhi Capitals,Sunrisers Hyderabad,Sunrisers Hyderabad,bat,Delhi Capitals,35,0,Suryakumar Yadav,runs,2,Sunrisers Hyderabad,Delhi Capitals,Ravindra Jadeja,Jos Buttler,2,0,2,0,1,5
IPL2020_084,2020,2018-12-12,Chennai,MA Chidambaram Stadium,Delhi Capitals,Sunrisers Hyderabad,Sunrisers Hyderabad,bat,Delhi Capitals,35,0,Suryakumar Yadav,runs,2,Sunrisers Hyderabad,Delhi Capitals,Rishabh Pant,Ruturaj Gaikwad,0,0,0,1,1,6
IPL2020_084,2020,2018-12-12,Chennai,MA Chidambaram Stadium,Delhi Capitals,Sunrisers Hyderabad,Sunrisers Hyderabad,bat,Delhi Capitals,35,0,Suryakumar Yadav,runs,2,Sunrisers Hyderabad,Delhi Capitals,KL Rahul,Andre Russell,0,0,0,0,2,1
IPL2020_084,2020,2018-12-12,Chennai,MA Chidambaram Stadium,Delhi Capitals,Sunrisers Hyderabad,Sunrisers Hyderabad,bat,Delhi Capitals,35,0,Suryakumar Yadav,runs,2,Sunrisers Hyderabad,Delhi Capitals,Nicholas Pooran,Jasprit Bumrah,1,0,1,0,2,2
IPL2020_084,2020,2018-12-12,Chennai,MA Chidambaram Stadium,Delhi Capitals,Sunrisers Hyderabad,Sunrisers Hyderabad,bat,Delhi Capitals,35,0,Suryakumar Yadav,runs,2,Sunrisers Hyderabad,Delhi Capitals,Yashasvi Jaiswal,Sunil Narine,0,0,0,0,2,3
IPL2020_084,2020,2018-12-12,Chennai,MA Chidambaram Stadium,Delhi Capitals,Sunrisers Hyderabad,Sunrisers Hyderabad,bat,Delhi Capitals,35,0,Suryakumar Yadav,runs,2,Sunrisers Hyderabad,Delhi Capitals,Rishabh Pant,Sunil Narine,1,0,1,0,2,4
IPL2021_085,2021,2018-12-15,Jaipur,Sawai Mansingh Stadium,Mumbai Indians,Punjab Kings,Punjab Kings,field,Mumbai Indians,0,0,Rohit Sharma,normal,1,Mumbai Indians,Punjab Kings,Shubman Gill,Virat Kohli,1,0,1,0,1,1
IPL2021_085,2021,2018-12-15,Jaipur,Sawai Mansingh Stadium,Mumbai Indians,Punjab Kings,Punjab Kings,field,Mumbai Indians,0,0,Rohit Sharma,normal,1,Mumbai Indians,Punjab Kings,Tilak Varma,KL Rahul,0,0,0,0,1,2
IPL2021_085,2021,2018-12-15,Jaipur,Sawai Mansingh Stadium,Mumbai Indians,Punjab Kings,Punjab Kings,field,Mumbai Indians,0,0,Rohit Sharma,normal,1,Mumbai Indians,Punjab Kings,Pat Cummins,Shubman Gill,6,0,6,0,1,3
IPL2021_085,2021,2018-12-15,Jaipur,Sawai Mansingh Stadium,Mumbai Indians,Punjab Kings,Punjab Kings,field,Mumbai Indians,0,0,Rohit Sharma,normal,1,Mumbai Indians,Punjab Kings,Shreyas Iyer,Nicholas Pooran,1,0,1,0,1,4
IPL2021_085,2021,2018-12-15,Jaipur,Sawai Mansingh Stadium,Mumbai Indians,Punjab Kings,Punjab Kings,field,Mumbai Indians,0,0,Rohit Sharma,normal,1,Mumbai Indians,Punjab Kings,Sanju Samson,Prithvi Shaw,2,0,2,0,1,5
IPL2021_085,2021,2018-12-15,Jaipur,Sawai Mansingh Stadium,Mumbai Indians,Punjab Kings,Punjab Kings,field,Mumbai Indians,0,0,Rohit Sharma,normal,1,Mumbai Indians,Punjab Kings,Ravindra Jadeja,Rashid Khan,0,0,0,0,1,6
IPL2021_085,2021,2018-12-15,Jaipur,Sawai Mansingh Stadium,Mumbai Indians,Punjab Kings,Punjab Kings,field,Mumbai Indians,0,0,Rohit Sharma,normal,1,Mumbai Indians,Punjab Kings,Yashasvi Jaiswal,Sanju Samson,2,0,2,0,2,1
IPL2021_085,2021,2018-12-15,Jaipur,Sawai Mansingh Stadium,Mumbai Indians,Punjab Kings,Punjab Kings,field,Mumbai Indians,0,0,Rohit Sharma,normal,1,Mumbai Indians,Punjab Kings,Faf du Plessis,Sanju Samson,2,0,2,0,2,2
IPL2021_085,2021,2018-12-15,Jaipur,Sawai Mansingh Stadium,Mumbai Indians,Punjab Kings,Punjab Kings,field,Mumbai Indians,0,0,Rohit Sharma,normal,1,Mumbai Indians,Punjab Kings,KL Rahul,Faf du Plessis,4,0,4,0,2,3
IPL2021_085,2021,2018-12-15,Jaipur,Sawai Mansingh Stadium,Mumbai Indians,Punjab Kings,Punjab Kings,field,Mumbai Indians,0,0,Rohit Sharma,normal,1,Mumbai Indians,Punjab Kings,David Warner,Andre Russell,6,0,6,0,2,4
IPL2021_085,2021,2018-12-15,Jaipur,Sawai Mansingh Stadium,Mumbai Indians,Punjab Kings,Punjab Kings,field,Mumbai Indians,0,0,Rohit Sharma,normal,2,Punjab Kings,Mumbai Indians,Rashid Khan,Nicholas Pooran,1,0,1,0,1,1
IPL2021_085,2021,2018-12-15,Jaipur,Sawai Mansingh Stadium,Mumbai Indians,Punjab Kings,Punjab Kings,field,Mumbai Indians,0,0,Rohit Sharma,normal,2,Punjab Kings,Mumbai Indians,Hardik Pandya,Pat Cummins,4,0,4,0,1,2
IPL2021_085,2021,2018-12-15,Jaipur,Sawai Mansingh Stadium,Mumbai Indians,Punjab Kings,Punjab Kings,field,Mumbai Indians,0,0,Rohit Sharma,normal,2,Punjab Kings,Mumbai Indians,Sanju Samson,Sanju Samson,0,0,0,0,1,3
IPL2021_085,2021,2018-12-15,Jaipur,Sawai Mansingh Stadium,Mumbai Indians,Punjab Kings,Punjab Kings,field,Mumbai Indians,0,0,Rohit Sharma,normal,2,Punjab Kings,Mumbai Indians,Pat Cummins,Shreyas Iyer,0,0,0,0,1,4
IPL2021_085,2021,2018-12-15,Jaipur,Sawai Mansingh Stadium,Mumbai Indians,Punjab Kings,Punjab Kings,field,Mumbai Indians,0,0,Rohit Sharma,normal,2,Punjab Kings,Mumbai Indians,David Warner,Hardik Pandya,0,0,0,0,1,5
IPL2021_085,2021,2018-12-15,Jaipur,Sawai Mansingh Stadium,Mumbai Indians,Punjab Kings,Punjab Kings,field,Mumbai Indians,0,0,Rohit Sharma,normal,2,Punjab Kings,Mumbai Indians,Virat Kohli,Ravindra Jadeja,0,0,0,0,1,6
IPL2021_085,2021,2018-12-15,Jaipur,Sawai Mansingh Stadium,Mumbai Indians,Punjab Kings,Punjab Kings,field,Mumbai Indians,0,0,Rohit Sharma,normal,2,Punjab Kings,Mumbai Indians,Trent Boult,Ishan Kishan,1,0,1,0,2,1
IPL2021_085,2021,2018-12-15,Jaipur,Sawai Mansingh Stadium,Mumbai Indians,Punjab Kings,Punjab Kings,field,Mumbai Indians,0,0,Rohit Sharma,normal,2,Punjab Kings,Mumbai Indians,Jasprit Bumrah,Andre Russell,4,0,4,0,2,2
IPL2021_085,2021,2018-12-15,Jaipur,Sawai Mansingh Stadium,Mumbai Indians,Punjab Kings,Punjab Kings,field,Mumbai Indians,0,0,Rohit Sharma,normal,2,Punjab Kings,Mumbai Indians,Mohammed Siraj,David Warner,4,0,4,1,2,3
IPL2021_085,2021,2018-12-15,Jaipur,Sawai Mansingh Stadium,Mumbai Indians,Punjab Kings,Punjab Kings,field,Mumbai Indians,0,0,Rohit Sharma,normal,2,Punjab Kings,Mumbai Indians,Hardik Pandya,Virat Kohli,1,0,1,0,2,4
IPL2022_086,2022,2018-12-18,Lucknow,BRSABV Ekana Cricket Stadium,Kolkata Knight Riders,Lucknow Super Giants,Lucknow Super Giants,bat,Kolkata Knight Riders,0,7,Sanju Samson,wickets,1,Kolkata Knight Riders,Lucknow Super Giants,KL Rahul,Jasprit Bumrah,1,0,1,0,1,1
IPL2022_086,2022,2018-12-18,Lucknow,BRSABV Ekana Cricket Stadium,Kolkata Knight Riders,Lucknow Super Giants,Lucknow Super Giants,bat,Kolkata Knight Riders,0,7,Sanju Samson,wickets,1,Kolkata Knight Riders,Lucknow Super Giants,Andre Russell,Shubman Gill,4,0,4,0,1,2
IPL2022_086,2022,2018-12-18,Lucknow,BRSABV Ekana Cricket Stadium,Kolkata Knight Riders,Lucknow Super Giants,Lucknow Super Giants,bat,Kolkata Knight Riders,0,7,Sanju Samson,wickets,1,Kolkata Knight Riders,Lucknow Super Giants,Suryakumar Yadav,Shreyas Iyer,2,0,2,0,1,3
IPL2022_086,2022,2018-12-18,Lucknow,BRSABV Ekana Cricket Stadium,Kolkata Knight Riders,Lucknow Super Giants,Lucknow Super Giants,bat,Kolkata Knight Riders,0,7,Sanju Samson,wickets,1,Kolkata Knight Riders,Lucknow Super Giants,Tilak Varma,Sunil Narine,0,0,0,0,1,4
IPL2022_086,2022,2018-12-18,Lucknow,BRSABV Ekana Cricket Stadium,Kolkata Knight Riders,Lucknow Super Giants,Lucknow Super Giants,bat,Kolkata Knight Riders,0,7,Sanju Samson,wickets,1,Kolkata Knight Riders,Lucknow Super Giants,Yashasvi Jaiswal,Pat Cummins,2,0,2,0,1,5
IPL2022_086,2022,2018-12-18,Lucknow,BRSABV Ekana Cricket Stadium,Kolkata Knight Riders,Lucknow Super Giants,Lucknow Super Giants,bat,Kolkata Knight Riders,0,7,Sanju Samson,wickets,1,Kolkata Knight Riders,Lucknow Super Giants,KL Rahul,Trent Boult,2,0,2,0,1,6
IPL2022_086,2022,2018-12-18,Lucknow,BRSABV Ekana Cricket Stadium,Kolkata Knight Riders,Lucknow Super Giants,Lucknow Super Giants,bat,Kolkata Knight Riders,0,7,Sanju Samson,wickets,1,Kolkata Knight Riders,Lucknow Super Giants,Hardik Pandya,Trent Boult,2,0,2,0,2,1
IPL2022_086,2022,2018-12-18,Lucknow,BRSABV Ekana Cricket Stadium,Kolkata Knight Riders,Lucknow Super Giants,Lucknow Super Giants,bat,Kolkata Knight Riders,0,7,Sanju Samson,wickets,1,Kolkata Knight Riders,Lucknow Super Giants,Hardik Pandya,Mohammed Siraj,1,0,1,0,2,2
IPL2022_086,2022,2018-12-18,Lucknow,BRSABV Ekana Cricket Stadium,Kolkata Knight Riders,Lucknow Super Giants,Lucknow Super Giants,bat,Kolkata Knight Riders,0,7,Sanju Samson,wickets,1,Kolkata Knight Riders,Lucknow Super Giants,Shubman Gill,Rishabh Pant,0,0,0,0,2,3
IPL2022_086,2022,2018-12-18,Lucknow,BRSABV Ekana Cricket Stadium,Kolkata Knight Riders,Lucknow Super Giants,Lucknow Super Giants,bat,Kolkata Knight Riders,0,7,Sanju Samson,wickets,1,Kolkata Knight Riders,Lucknow Super Giants,Rishabh Pant,Tilak Varma,2,0,2,0,2,4
IPL2022_086,2022,2018-12-18,Lucknow,BRSABV Ekana Cricket Stadium,Kolkata Knight Riders,Lucknow Super Giants,Lucknow Super Giants,bat,Kolkata Knight Riders,0,7,Sanju Samson,wickets,2,Lucknow Super Giants,Kolkata Knight Riders,Andre Russell,Trent Boult,0,0,0,0,1,1
IPL2022_086,2022,2018-12-18,Lucknow,BRSABV Ekana Cricket Stadium,Kolkata Knight Riders,Lucknow Super Giants,Lucknow Super Giants,bat,Kolkata Knight Riders,0,7,Sanju Samson,wickets,2,Lucknow Super Giants,Kolkata Knight Riders,Sanju Samson,Glenn Maxwell,4,0,4,0,1,2
IPL2022_086,2022,2018-12-18,Lucknow,BRSABV Ekana Cricket Stadium,Kolkata Knight Riders,Lucknow Super Giants,Lucknow Super Giants,bat,Kolkata Knight Riders,0,7,Sanju Samson,wickets,2,Lucknow Super Giants,Kolkata Knight Riders,Shreyas Iyer,Shikhar Dhawan,1,0,1,0,1,3
IPL2022_086,2022,2018-12-18,Lucknow,BRSABV Ekana Cricket Stadium,Kolkata Knight Riders,Lucknow Super Giants,Lucknow Super Giants,bat,Kolkata Knight Riders,0,7,Sanju Samson,wickets,2,Lucknow Super Giants,Kolkata Knight Riders,Nicholas Pooran,Ruturaj Gaikwad,4,0,4,0,1,4
IPL2022_086,2022,2018-12-18,Lucknow,BRSABV Ekana Cricket Stadium,Kolkata Knight Riders,Lucknow Super Giants,Lucknow Super Giants,bat,Kolkata Knight Riders,0,7,Sanju Samson,wickets,2,Lucknow Super Giants,Kolkata Knight Riders,Prithvi Shaw,Trent Boult,2,1,3,0,1,5
IPL2022_086,2022,2018-12-18,Lucknow,BRSABV Ekana Cricket Stadium,Kolkata Knight Riders,Lucknow Super Giants,Lucknow Super Giants,bat,Kolkata Knight Riders,0,7,Sanju Samson,wickets,2,Lucknow Super Giants,Kolkata Knight Riders,Mohammed Siraj,MS Dhoni,1,1,2,0,1,6
IPL2022_086,2022,2018-12-18,Lucknow,BRSABV Ekana Cricket Stadium,Kolkata Knight Riders,Lucknow Super Giants,Lucknow Super Giants,bat,Kolkata Knight Riders,0,7,Sanju Samson,wickets,2,Lucknow Super Giants,Kolkata Knight Riders,Shreyas Iyer,Jos Buttler,1,0,1,0,2,1
IPL2022_086,2022,2018-12-18,Lucknow,BRSABV Ekana Cricket Stadium,Kolkata Knight Riders,Lucknow Super Giants,Lucknow Super Giants,bat,Kolkata Knight Riders,0,7,Sanju Samson,wickets,2,Lucknow Super Giants,Kolkata Knight Riders,KL Rahul,Shubman Gill,4,0,4,0,2,2
IPL2022_086,2022,2018-12-18,Lucknow,BRSABV Ekana Cricket Stadium,Kolkata Knight Riders,Lucknow Super Giants,Lucknow Super Giants,bat,Kolkata Knight Riders,0,7,Sanju Samson,wickets,2,Lucknow Super Giants,Kolkata Knight Riders,Rashid Khan,Ruturaj Gaikwad,2,0,2,0,2,3
IPL2022_086,2022,2018-12-18,Lucknow,BRSABV Ekana Cricket Stadium,Kolkata Knight Riders,Lucknow Super Giants,Lucknow Super Giants,bat,Kolkata Knight Riders,0,7,Sanju Samson,wickets,2,Lucknow Super Giants,Kolkata Knight Riders,Shubman Gill,Sanju Samson,0,0,0,0,2,4
IPL2023_087,2023,2018-12-21,Mohali,Punjab Cricket Association Stadium,Sunrisers Hyderabad,Royal Challengers Bengaluru,Royal Challengers Bengaluru,field,Sunrisers Hyderabad,0,2,Hardik Pandya,wickets,1,Sunrisers Hyderabad,Royal Challengers Bengaluru,Sanju Samson,Sunil Narine,0,0,0,0,1,1
IPL2023_087,2023,2018-12-21,Mohali,Punjab Cricket Association Stadium,Sunrisers Hyderabad,Royal Challengers Bengaluru,Royal Challengers Bengaluru,field,Sunrisers Hyderabad,0,2,Hardik Pandya,wickets,1,Sunrisers Hyderabad,Royal Challengers Bengaluru,Pat Cummins,Faf du Plessis,0,0,0,0,1,2
IPL2023_087,2023,2018-12-21,Mohali,Punjab Cricket Association Stadium,Sunrisers Hyderabad,Royal Challengers Bengaluru,Royal Challengers Bengaluru,field,Sunrisers Hyderabad,0,2,Hardik Pandya,wickets,1,Sunrisers Hyderabad,Royal Challengers Bengaluru,Shikhar Dhawan,Prithvi Shaw,4,0,4,0,1,3
IPL2023_087,2023,2018-12-21,Mohali,Punjab Cricket Association Stadium,Sunrisers Hyderabad,Royal Challengers Bengaluru,Royal Challengers Bengaluru,field,Sunrisers Hyderabad,0,2,Hardik Pandya,wickets,1,Sunrisers Hyderabad,Royal Challengers Bengaluru,Pat Cummins,Prithvi Shaw,2,0,2,0,1,4
IPL2023_087,2023,2018-12-21,Mohali,Punjab Cricket Association Stadium,Sunrisers Hyderabad,Royal Challengers Bengaluru,Royal Challengers Bengaluru,field,Sunrisers Hyderabad,0,2,Hardik Pandya,wickets,1,Sunrisers Hyderabad,Royal Challengers Bengaluru,Sanju Samson,Faf du Plessis,1,0,1,0,1,5
IPL2023_087,2023,2018-12-21,Mohali,Punjab Cricket Association Stadium,Sunrisers Hyderabad,Royal Challengers Bengaluru,Royal Challengers Bengaluru,field,Sunrisers Hyderabad,0,2,Hardik Pandya,wickets,1,Sunrisers Hyderabad,Royal Challengers Bengaluru,Sanju Samson,Sunil Narine,0,1,1,0,1,6
IPL2023_087,2023,2018-12-21,Mohali,Punjab Cricket Association Stadium,Sunrisers Hyderabad,Royal Challengers Bengaluru,Royal Challengers Bengaluru,field,Sunrisers Hyderabad,0,2,Hardik Pandya,wickets,1,Sunrisers Hyderabad,Royal Challengers Bengaluru,Ruturaj Gaikwad,Jos Buttler,0,0,0,0,2,1
IPL2023_087,2023,2018-12-21,Mohali,Punjab Cricket Association Stadium,Sunrisers Hyderabad,Royal Challengers Bengaluru,Royal Challengers Bengaluru,field,Sunrisers Hyderabad,0,2,Hardik Pandya,wickets,1,Sunrisers Hyderabad,Royal Challengers Bengaluru,Sanju Samson,KL Rahul,0,1,1,0,2,2
IPL2023_087,2023,2018-12-21,Mohali,Punjab Cricket Association Stadium,Sunrisers Hyderabad,Royal Challengers Bengaluru,Royal Challengers Bengaluru,field,Sunrisers Hyderabad,0,2,Hardik Pandya,wickets,1,Sunrisers Hyderabad,Royal Challengers Bengaluru,Glenn Maxwell,Andre Russell,1,0,1,1,2,3
IPL2023_087,2023,2018-12-21,Mohali,Punjab Cricket Association Stadium,Sunrisers Hyderabad,Royal Challengers Bengaluru,Royal Challengers Bengaluru,field,Sunrisers Hyderabad,0,2,Hardik Pandya,wickets,1,Sunrisers Hyderabad,Royal Challengers Bengaluru,Trent Boult,Rohit Sharma,1,0,1,0,2,4
IPL2023_087,2023,2018-12-21,Mohali,Punjab Cricket Association Stadium,Sunrisers Hyderabad,Royal Challengers Bengaluru,Royal Challengers Bengaluru,field,Sunrisers Hyderabad,0,2,Hardik Pandya,wickets,2,Royal Challengers Bengaluru,Sunrisers Hyderabad,Tilak Varma,Rishabh Pant,0,0,0,0,1,1
IPL2023_087,2023,2018-12-21,Mohali,Punjab Cricket Association Stadium,Sunrisers Hyderabad,Royal Challengers Bengaluru,Royal Challengers Bengaluru,field,Sunrisers Hyderabad,0,2,Hardik Pandya,wickets,2,Royal Challengers Bengaluru,Sunrisers Hyderabad,Virat Kohli,Sunil Narine,4,0,4,0,1,2
IPL2023_087,2023,2018-12-21,Mohali,Punjab Cricket Association Stadium,Sunrisers Hyderabad,Royal Challengers Bengaluru,Royal Challengers Bengaluru,field,Sunrisers Hyderabad,0,2,Hardik Pandya,wickets,2,Royal Challengers Bengaluru,Sunrisers Hyderabad,Jos Buttler,Jasprit Bumrah,1,0,1,0,1,3
IPL2023_087,2023,2018-12-21,Mohali,Punjab Cricket Association Stadium,Sunrisers Hyderabad,Royal Challengers Bengaluru,Royal Challengers Bengaluru,field,Sunrisers Hyderabad,0,2,Hardik Pandya,wickets,2,Royal Challengers Bengaluru,Sunrisers Hyderabad,Glenn Maxwell,Hardik Pandya,1,0,1,0,1,4
IPL2023_087,2023,2018-12-21,Mohali,Punjab Cricket Association Stadium,Sunrisers Hyderabad,Royal Challengers Bengaluru,Royal Challengers Bengaluru,field,Sunrisers Hyderabad,0,2,Hardik Pandya,wickets,2,Royal Challengers Bengaluru,Sunrisers Hyderabad,Faf du Plessis,Yashasvi Jaiswal,1,0,1,0,1,5
IPL2023_087,2023,2018-12-21,Mohali,Punjab Cricket Association Stadium,Sunrisers Hyderabad,Royal Challengers Bengaluru,Royal Challengers Bengaluru,field,Sunrisers Hyderabad,0,2,Hardik Pandya,wickets,2,Royal Challengers Bengaluru,Sunrisers Hyderabad,Pat Cummins,Sunil Narine,1,1,2,0,1,6
IPL2023_087,2023,2018-12-21,Mohali,Punjab Cricket Association Stadium,Sunrisers Hyderabad,Royal Challengers Bengaluru,Royal Challengers Bengaluru,field,Sunrisers Hyderabad,0,2,Hardik Pandya,wickets,2,Royal Challengers Bengaluru,Sunrisers Hyderabad,David Warner,Shreyas Iyer,1,0,1,0,2,1
IPL2023_087,2023,2018-12-21,Mohali,Punjab Cricket Association Stadium,Sunrisers Hyderabad,Royal Challengers Bengaluru,Royal Challengers Bengaluru,field,Sunrisers Hyderabad,0,2,Hardik Pandya,wickets,2,Royal Challengers Bengaluru,Sunrisers Hyderabad,Sunil Narine,David Warner,4,2,6,0,2,2
IPL2023_087,2023,2018-12-21,Mohali,Punjab Cricket Association Stadium,Sunrisers Hyderabad,Royal Challengers Bengaluru,Royal Challengers Bengaluru,field,Sunrisers Hyderabad,0,2,Hardik Pandya,wickets,2,Royal Challengers Bengaluru,Sunrisers Hyderabad,Shikhar Dhawan,Glenn Maxwell,0,0,0,0,2,3
IPL2023_087,2023,2018-12-21,Mohali,Punjab Cricket Association Stadium,Sunrisers Hyderabad,Royal Challengers Bengaluru,Royal Challengers Bengaluru,field,Sunrisers Hyderabad,0,2,Hardik Pandya,wickets,2,Royal Challengers Bengaluru,Sunrisers Hyderabad,Andre Russell,Sunil Narine,4,0,4,0,2,4
IPL2024_088,2024,2018-12-24,Mumbai,Wankhede Stadium,Royal Challengers Bengaluru,Mumbai Indians,Royal Challengers Bengaluru,bat,Mumbai Indians,23,0,Suryakumar Yadav,runs,1,Royal Challengers Bengaluru,Mumbai Indians,Faf du Plessis,Ruturaj Gaikwad,6,0,6,0,1,1
IPL2024_088,2024,2018-12-24,Mumbai,Wankhede Stadium,Royal Challengers Bengaluru,Mumbai Indians,Royal Challengers Bengaluru,bat,Mumbai Indians,23,0,Suryakumar Yadav,runs,1,Royal Challengers Bengaluru,Mumbai Indians,Sanju Samson,Bhuvneshwar Kumar,1,0,1,0,1,2
IPL2024_088,2024,2018-12-24,Mumbai,Wankhede Stadium,Royal Challengers Bengaluru,Mumbai Indians,Royal Challengers Bengaluru,bat,Mumbai Indians,23,0,Suryakumar Yadav,runs,1,Royal Challengers Bengaluru,Mumbai Indians,Andre Russell,Mohammed Siraj,0,0,0,0,1,3
IPL2024_088,2024,2018-12-24,Mumbai,Wankhede Stadium,Royal Challengers Bengaluru,Mumbai Indians,Royal Challengers Bengaluru,bat,Mumbai Indians,23,0,Suryakumar Yadav,runs,1,Royal Challengers Bengaluru,Mumbai Indians,Ravindra Jadeja,Bhuvneshwar Kumar,3,0,3,0,1,4
IPL2024_088,2024,2018-12-24,Mumbai,Wankhede Stadium,Royal Challengers Bengaluru,Mumbai Indians,Royal Challengers Bengaluru,bat,Mumbai Indians,23,0,Suryakumar Yadav,runs,1,Royal Challengers Bengaluru,Mumbai Indians,Bhuvneshwar Kumar,Sunil Narine,0,0,0,0,1,5
IPL2024_088,2024,2018-12-24,Mumbai,Wankhede Stadium,Royal Challengers Bengaluru,Mumbai Indians,Royal Challengers Bengaluru,bat,Mumbai Indians,23,0,Suryakumar Yadav,runs,1,Royal Challengers Bengaluru,Mumbai Indians,Faf du Plessis,Yashasvi Jaiswal,1,2,3,0,1,6
IPL2024_088,2024,2018-12-24,Mumbai,Wankhede Stadium,Royal Challengers Bengaluru,Mumbai Indians,Royal Challengers Bengaluru,bat,Mumbai Indians,23,0,Suryakumar Yadav,runs,1,Royal Challengers Bengaluru,Mumbai Indians,Shubman Gill,Mohammed Siraj,0,0,0,0,2,1
IPL2024_088,2024,2018-12-24,Mumbai,Wankhede Stadium,Royal Challengers Bengaluru,Mumbai Indians,Royal Challengers Bengaluru,bat,Mumbai Indians,23,0,Suryakumar Yadav,runs,1,Royal Challengers Bengaluru,Mumbai Indians,Shubman Gill,Suryakumar Yadav,2,2,4,0,2,2
IPL2024_088,2024,2018-12-24,Mumbai,Wankhede Stadium,Royal Challengers Bengaluru,Mumbai Indians,Royal Challengers Bengaluru,bat,Mumbai Indians,23,0,Suryakumar Yadav,runs,1,Royal Challengers Bengaluru,Mumbai Indians,Bhuvneshwar Kumar,Faf du Plessis,0,0,0,0,2,3
IPL2024_088,2024,2018-12-24,Mumbai,Wankhede Stadium,Royal Challengers Bengaluru,Mumbai Indians,Royal Challengers Bengaluru,bat,Mumbai Indians,23,0,Suryakumar Yadav,runs,1,Royal Challengers Bengaluru,Mumbai Indians,Glenn Maxwell,Rishabh Pant,0,0,0,1,2,4
IPL2024_088,2024,2018-12-24,Mumbai,Wankhede Stadium,Royal Challengers Bengaluru,Mumbai Indians,Royal Challengers Bengaluru,bat,Mumbai Indians,23,0,Suryakumar Yadav,runs,2,Mumbai Indians,Royal Challengers Bengaluru,Faf du Plessis,Glenn Maxwell,2,0,2,0,1,1
IPL2024_088,2024,2018-12-24,Mumbai,Wankhede Stadium,Royal Challengers Bengaluru,Mumbai Indians,Royal Challengers Bengaluru,bat,Mumbai Indians,23,0,Suryakumar Yadav,runs,2,Mumbai Indians,Royal Challengers Bengaluru,Bhuvneshwar Kumar,Rohit Sharma,2,0,2,1,1,2
IPL2024_088,2024,2018-12-24,Mumbai,Wankhede Stadium,Royal Challengers Bengaluru,Mumbai Indians,Royal Challengers Bengaluru,bat,Mumbai Indians,23,0,Suryakumar Yadav,runs,2,Mumbai Indians,Royal Challengers Bengaluru,Bhuvneshwar Kumar,Ravindra Jadeja,3,0,3,0,1,3
IPL2024_088,2024,2018-12-24,Mumbai,Wankhede Stadium,Royal Challengers Bengaluru,Mumbai Indians,Royal Challengers Bengaluru,bat,Mumbai Indians,23,0,Suryakumar Yadav,runs,2,Mumbai Indians,Royal Challengers Bengaluru,Andre Russell,Faf du Plessis,4,0,4,0,1,4
IPL2024_088,2024,2018-12-24,Mumbai,Wankhede Stadium,Royal Challengers Bengaluru,Mumbai Indians,Royal Challengers Bengaluru,bat,Mumbai Indians,23,0,Suryakumar Yadav,runs,2,Mumbai Indians,Royal Challengers Bengaluru,Jasprit Bumrah,David Warner,1,0,1,0,1,5
IPL2024_088,2024,2018-12-24,Mumbai,Wankhede Stadium,Royal Challengers Bengaluru,Mumbai Indians,Royal Challengers Bengaluru,bat,Mumbai Indians,23,0,Suryakumar Yadav,runs,2,Mumbai Indians,Royal Challengers Bengaluru,Shubman Gill,Ravindra Jadeja,4,0,4,0,1,6
IPL2024_088,2024,2018-12-24,Mumbai,Wankhede Stadium,Royal Challengers Bengaluru,Mumbai Indians,Royal Challengers Bengaluru,bat,Mumbai Indians,23,0,Suryakumar Yadav,runs,2,Mumbai Indians,Royal Challengers Bengaluru,Glenn Maxwell,Pat Cummins,4,1,5,0,2,1
IPL2024_088,2024,2018-12-24,Mumbai,Wankhede Stadium,Royal Challengers Bengaluru,Mumbai Indians,Royal Challengers Bengaluru,bat,Mumbai Indians,23,0,Suryakumar Yadav,runs,2,Mumbai Indians,Royal Challengers Bengaluru,Bhuvneshwar Kumar,Rashid Khan,1,0,1,0,2,2
IPL2024_088,2024,2018-12-24,Mumbai,Wankhede Stadium,Royal Challengers Bengaluru,Mumbai Indians,Royal Challengers Bengaluru,bat,Mumbai Indians,23,0,Suryakumar Yadav,runs,2,Mumbai Indians,Royal Challengers Bengaluru,Ruturaj Gaikwad,Tilak Varma,0,0,0,0,2,3
IPL2024_088,2024,2018-12-24,Mumbai,Wankhede Stadium,Royal Challengers Bengaluru,Mumbai Indians,Royal Challengers Bengaluru,bat,Mumbai Indians,23,0,Suryakumar Yadav,runs,2,Mumbai Indians,Royal Challengers Bengaluru,Rohit Sharma,Andre Russell,0,0,0,0,2,4
IPL2025_089,2025,2018-12-27,Kolkata,Eden Gardens,Rajasthan Royals,Sunrisers Hyderabad,Rajasthan Royals,field,Rajasthan Royals,0,0,Jasprit Bumrah,normal,1,Rajasthan Royals,Sunrisers Hyderabad,Mohammed Siraj,Shikhar Dhawan,0,0,0,0,1,1
IPL2025_089,2025,2018-12-27,Kolkata,Eden Gardens,Rajasthan Royals,Sunrisers Hyderabad,Rajasthan Royals,field,Rajasthan Royals,0,0,Jasprit Bumrah,normal,1,Rajasthan Royals,Sunrisers Hyderabad,Rishabh Pant,Tilak Varma,0,0,0,0,1,2
IPL2025_089,2025,2018-12-27,Kolkata,Eden Gardens,Rajasthan Royals,Sunrisers Hyderabad,Rajasthan Royals,field,Rajasthan Royals,0,0,Jasprit Bumrah,normal,1,Rajasthan Royals,Sunrisers Hyderabad,Shikhar Dhawan,Trent Boult,0,0,0,0,1,3
IPL2025_089,2025,2018-12-27,Kolkata,Eden Gardens,Rajasthan Royals,Sunrisers Hyderabad,Rajasthan Royals,field,Rajasthan Royals,0,0,Jasprit Bumrah,normal,1,Rajasthan Royals,Sunrisers Hyderabad,Pat Cummins,David Warner,0,1,1,0,1,4
IPL2025_089,2025,2018-12-27,Kolkata,Eden Gardens,Rajasthan Royals,Sunrisers Hyderabad,Rajasthan Royals,field,Rajasthan Royals,0,0,Jasprit Bumrah,normal,1,Rajasthan Royals,Sunrisers Hyderabad,Sanju Samson,Trent Boult,1,0,1,0,1,5
IPL2025_089,2025,2018-12-27,Kolkata,Eden Gardens,Rajasthan Royals,Sunrisers Hyderabad,Rajasthan Royals,field,Rajasthan Royals,0,0,Jasprit Bumrah,normal,1,Rajasthan Royals,Sunrisers Hyderabad,Jos Buttler,Nicholas Pooran,0,0,0,0,1,6
IPL2025_089,2025,2018-12-27,Kolkata,Eden Gardens,Rajasthan Royals,Sunrisers Hyderabad,Rajasthan Royals,field,Rajasthan Royals,0,0,Jasprit Bumrah,normal,1,Rajasthan Royals,Sunrisers Hyderabad,Jasprit Bumrah,Glenn Maxwell,0,0,0,0,2,1
IPL2025_089,2025,2018-12-27,Kolkata,Eden Gardens,Rajasthan Royals,Sunrisers Hyderabad,Rajasthan Royals,field,Rajasthan Royals,0,0,Jasprit Bumrah,normal,1,Rajasthan Royals,Sunrisers Hyderabad,Jasprit Bumrah,Nicholas Pooran,1,0,1,0,2,2
IPL2025_089,2025,2018-12-27,Kolkata,Eden Gardens,Rajasthan Royals,Sunrisers Hyderabad,Rajasthan Royals,field,Rajasthan Royals,0,0,Jasprit Bumrah,normal,1,Rajasthan Royals,Sunrisers Hyderabad,Rohit Sharma,Mohammed Siraj,1,0,1,0,2,3
IPL2025_089,2025,2018-12-27,Kolkata,Eden Gardens,Rajasthan Royals,Sunrisers Hyderabad,Rajasthan Royals,field,Rajasthan Royals,0,0,Jasprit Bumrah,normal,1,Rajasthan Royals,Sunrisers Hyderabad,Rishabh Pant,Faf du Plessis,6,0,6,0,2,4
IPL2025_089,2025,2018-12-27,Kolkata,Eden Gardens,Rajasthan Royals,Sunrisers Hyderabad,Rajasthan Royals,field,Rajasthan Royals,0,0,Jasprit Bumrah,normal,2,Sunrisers Hyderabad,Rajasthan Royals,Suryakumar Yadav,Trent Boult,1,0,1,0,1,1
IPL2025_089,2025,2018-12-27,Kolkata,Eden Gardens,Rajasthan Royals,Sunrisers Hyderabad,Rajasthan Royals,field,Rajasthan Royals,0,0,Jasprit Bumrah,normal,2,Sunrisers Hyderabad,Rajasthan Royals,Faf du Plessis,Sanju Samson,6,0,6,0,1,2
IPL2025_089,2025,2018-12-27,Kolkata,Eden Gardens,Rajasthan Royals,Sunrisers Hyderabad,Rajasthan Royals,field,Rajasthan Royals,0,0,Jasprit Bumrah,normal,2,Sunrisers Hyderabad,Rajasthan Royals,KL Rahul,Shikhar Dhawan,2,0,2,0,1,3
IPL2025_089,2025,2018-12-27,Kolkata,Eden Gardens,Rajasthan Royals,Sunrisers Hyderabad,Rajasthan Royals,field,Rajasthan Royals,0,0,Jasprit Bumrah,normal,2,Sunrisers Hyderabad,Rajasthan Royals,Ruturaj Gaikwad,Ruturaj Gaikwad,2,0,2,0,1,4
IPL2025_089,2025,2018-12-27,Kolkata,Eden Gardens,Rajasthan Royals,Sunrisers Hyderabad,Rajasthan Royals,field,Rajasthan Royals,0,0,Jasprit Bumrah,normal,2,Sunrisers Hyderabad,Rajasthan Royals,Mohammed Siraj,Suryakumar Yadav,2,0,2,0,1,5
IPL2025_089,2025,2018-12-27,Kolkata,Eden Gardens,Rajasthan Royals,Sunrisers Hyderabad,Rajasthan Royals,field,Rajasthan Royals,0,0,Jasprit Bumrah,normal,2,Sunrisers Hyderabad,Rajasthan Royals,Tilak Varma,Yashasvi Jaiswal,0,0,0,0,1,6
IPL2025_089,2025,2018-12-27,Kolkata,Eden Gardens,Rajasthan Royals,Sunrisers Hyderabad,Rajasthan Royals,field,Rajasthan Royals,0,0,Jasprit Bumrah,normal,2,Sunrisers Hyderabad,Rajasthan Royals,Ishan Kishan,Shreyas Iyer,1,0,1,0,2,1
IPL2025_089,2025,2018-12-27,Kolkata,Eden Gardens,Rajasthan Royals,Sunrisers Hyderabad,Rajasthan Royals,field,Rajasthan Royals,0,0,Jasprit Bumrah,normal,2,Sunrisers Hyderabad,Rajasthan Royals,Glenn Maxwell,Shubman Gill,3,0,3,0,2,2
IPL2025_089,2025,2018-12-27,Kolkata,Eden Gardens,Rajasthan Royals,Sunrisers Hyderabad,Rajasthan Royals,field,Rajasthan Royals,0,0,Jasprit Bumrah,normal,2,Sunrisers Hyderabad,Rajasthan Royals,Jos Buttler,Bhuvneshwar Kumar,3,0,3,0,2,3
IPL2025_089,2025,2018-12-27,Kolkata,Eden Gardens,Rajasthan Royals,Sunrisers Hyderabad,Rajasthan Royals,field,Rajasthan Royals,0,0,Jasprit Bumrah,normal,2,Sunrisers Hyderabad,Rajasthan Royals,Nicholas Pooran,David Warner,1,0,1,1,2,4
IPL2026_090,2026,2018-12-30,Bengaluru,M. Chinnaswamy Stadium,Chennai Super Kings,Rajasthan Royals,Chennai Super Kings,bat,Chennai Super Kings,0,7,Shikhar Dhawan,wickets,1,Chennai Super Kings,Rajasthan Royals,Glenn Maxwell,Rashid Khan,1,0,1,0,1,1
IPL2026_090,2026,2018-12-30,Bengaluru,M. Chinnaswamy Stadium,Chennai Super Kings,Rajasthan Royals,Chennai Super Kings,bat,Chennai Super Kings,0,7,Shikhar Dhawan,wickets,1,Chennai Super Kings,Rajasthan Royals,Bhuvneshwar Kumar,Glenn Maxwell,1,0,1,0,1,2
IPL2026_090,2026,2018-12-30,Bengaluru,M. Chinnaswamy Stadium,Chennai Super Kings,Rajasthan Royals,Chennai Super Kings,bat,Chennai Super Kings,0,7,Shikhar Dhawan,wickets,1,Chennai Super Kings,Rajasthan Royals,Shreyas Iyer,Hardik Pandya,1,0,1,0,1,3
IPL2026_090,2026,2018-12-30,Bengaluru,M. Chinnaswamy Stadium,Chennai Super Kings,Rajasthan Royals,Chennai Super Kings,bat,Chennai Super Kings,0,7,Shikhar Dhawan,wickets,1,Chennai Super Kings,Rajasthan Royals,Sunil Narine,Jos Buttler,2,0,2,0,1,4
IPL2026_090,2026,2018-12-30,Bengaluru,M. Chinnaswamy Stadium,Chennai Super Kings,Rajasthan Royals,Chennai Super Kings,bat,Chennai Super Kings,0,7,Shikhar Dhawan,wickets,1,Chennai Super Kings,Rajasthan Royals,Mohammed Siraj,Pat Cummins,1,0,1,0,1,5
IPL2026_090,2026,2018-12-30,Bengaluru,M. Chinnaswamy Stadium,Chennai Super Kings,Rajasthan Royals,Chennai Super Kings,bat,Chennai Super Kings,0,7,Shikhar Dhawan,wickets,1,Chennai Super Kings,Rajasthan Royals,Suryakumar Yadav,Pat Cummins,0,1,1,0,1,6
IPL2026_090,2026,2018-12-30,Bengaluru,M. Chinnaswamy Stadium,Chennai Super Kings,Rajasthan Royals,Chennai Super Kings,bat,Chennai Super Kings,0,7,Shikhar Dhawan,wickets,1,Chennai Super Kings,Rajasthan Royals,David Warner,Hardik Pandya,0,0,0,0,2,1
IPL2026_090,2026,2018-12-30,Bengaluru,M. Chinnaswamy Stadium,Chennai Super Kings,Rajasthan Royals,Chennai Super Kings,bat,Chennai Super Kings,0,7,Shikhar Dhawan,wickets,1,Chennai Super Kings,Rajasthan Royals,Andre Russell,MS Dhoni,6,0,6,0,2,2
IPL2026_090,2026,2018-12-30,Bengaluru,M. Chinnaswamy Stadium,Chennai Super Kings,Rajasthan Royals,Chennai Super Kings,bat,Chennai Super Kings,0,7,Shikhar Dhawan,wickets,1,Chennai Super Kings,Rajasthan Royals,Pat Cummins,Nicholas Pooran,1,0,1,0,2,3
IPL2026_090,2026,2018-12-30,Bengaluru,M. Chinnaswamy Stadium,Chennai Super Kings,Rajasthan Royals,Chennai Super Kings,bat,Chennai Super Kings,0,7,Shikhar Dhawan,wickets,1,Chennai Super Kings,Rajasthan Royals,Ishan Kishan,Bhuvneshwar Kumar,2,0,2,1,2,4
IPL2026_090,2026,2018-12-30,Bengaluru,M. Chinnaswamy Stadium,Chennai Super Kings,Rajasthan Royals,Chennai Super Kings,bat,Chennai Super Kings,0,7,Shikhar Dhawan,wickets,2,Rajasthan Royals,Chennai Super Kings,MS Dhoni,Hardik Pandya,1,0,1,0,1,1
IPL2026_090,2026,2018-12-30,Bengaluru,M. Chinnaswamy Stadium,Chennai Super Kings,Rajasthan Royals,Chennai Super Kings,bat,Chennai Super Kings,0,7,Shikhar Dhawan,wickets,2,Rajasthan Royals,Chennai Super Kings,Yashasvi Jaiswal,Ravindra Jadeja,1,0,1,0,1,2
IPL2026_090,2026,2018-12-30,Bengaluru,M. Chinnaswamy Stadium,Chennai Super Kings,Rajasthan Royals,Chennai Super Kings,bat,Chennai Super Kings,0,7,Shikhar Dhawan,wickets,2,Rajasthan Royals,Chennai Super Kings,Suryakumar Yadav,Shikhar Dhawan,0,1,1,0,1,3
IPL2026_090,2026,2018-12-30,Bengaluru,M. Chinnaswamy Stadium,Chennai Super Kings,Rajasthan Royals,Chennai Super Kings,bat,Chennai Super Kings,0,7,Shikhar Dhawan,wickets,2,Rajasthan Royals,Chennai Super Kings,Prithvi Shaw,Ishan Kishan,1,0,1,0,1,4
IPL2026_090,2026,2018-12-30,Bengaluru,M. Chinnaswamy Stadium,Chennai Super Kings,Rajasthan Royals,Chennai Super Kings,bat,Chennai Super Kings,0,7,Shikhar Dhawan,wickets,2,Rajasthan Royals,Chennai Super Kings,Rishabh Pant,Andre Russell,0,0,0,0,1,5
IPL2026_090,2026,2018-12-30,Bengaluru,M. Chinnaswamy Stadium,Chennai Super Kings,Rajasthan Royals,Chennai Super Kings,bat,Chennai Super Kings,0,7,Shikhar Dhawan,wickets,2,Rajasthan Royals,Chennai Super Kings,Sunil Narine,KL Rahul,2,0,2,0,1,6
IPL2026_090,2026,2018-12-30,Bengaluru,M. Chinnaswamy Stadium,Chennai Super Kings,Rajasthan Royals,Chennai Super Kings,bat,Chennai Super Kings,0,7,Shikhar Dhawan,wickets,2,Rajasthan Royals,Chennai Super Kings,Mohammed Siraj,Virat Kohli,0,0,0,0,2,1
IPL2026_090,2026,2018-12-30,Bengaluru,M. Chinnaswamy Stadium,Chennai Super Kings,Rajasthan Royals,Chennai Super Kings,bat,Chennai Super Kings,0,7,Shikhar Dhawan,wickets,2,Rajasthan Royals,Chennai Super Kings,Tilak Varma,Bhuvneshwar Kumar,0,0,0,1,2,2
IPL2026_090,2026,2018-12-30,Bengaluru,M. Chinnaswamy Stadium,Chennai Super Kings,Rajasthan Royals,Chennai Super Kings,bat,Chennai Super Kings,0,7,Shikhar Dhawan,wickets,2,Rajasthan Royals,Chennai Super Kings,Tilak Varma,Ravindra Jadeja,4,0,4,0,2,3
IPL2026_090,2026,2018-12-30,Bengaluru,M. Chinnaswamy Stadium,Chennai Super Kings,Rajasthan Royals,Chennai Super Kings,bat,Chennai Super Kings,0,7,Shikhar Dhawan,wickets,2,Rajasthan Royals,Chennai Super Kings,MS Dhoni,Ravindra Jadeja,0,1,1,0,2,4
IPL2018_091,2018,2019-01-02,Delhi,Arun Jaitley Stadium,Punjab Kings,Sunrisers Hyderabad,Punjab Kings,field,Punjab Kings,48,0,Glenn Maxwell,runs,1,Punjab Kings,Sunrisers Hyderabad,Sunil Narine,Suryakumar Yadav,0,0,0,0,1,1
IPL2018_091,2018,2019-01-02,Delhi,Arun Jaitley Stadium,Punjab Kings,Sunrisers Hyderabad,Punjab Kings,field,Punjab Kings,48,0,Glenn Maxwell,runs,1,Punjab Kings,Sunrisers Hyderabad,KL Rahul,Glenn Maxwell,0,0,0,0,1,2
IPL2018_091,2018,2019-01-02,Delhi,Arun Jaitley Stadium,Punjab Kings,Sunrisers Hyderabad,Punjab Kings,field,Punjab Kings,48,0,Glenn Maxwell,runs,1,Punjab Kings,Sunrisers Hyderabad,Ruturaj Gaikwad,KL Rahul,2,0,2,1,1,3
IPL2018_091,2018,2019-01-02,Delhi,Arun Jaitley Stadium,Punjab Kings,Sunrisers Hyderabad,Punjab Kings,field,Punjab Kings,48,0,Glenn Maxwell,runs,1,Punjab Kings,Sunrisers Hyderabad,Faf du Plessis,Mohammed Siraj,1,0,1,0,1,4
IPL2018_091,2018,2019-01-02,Delhi,Arun Jaitley Stadium,Punjab Kings,Sunrisers Hyderabad,Punjab Kings,field,Punjab Kings,48,0,Glenn Maxwell,runs,1,Punjab Kings,Sunrisers Hyderabad,Jos Buttler,Mohammed Siraj,4,0,4,0,1,5
IPL2018_091,2018,2019-01-02,Delhi,Arun Jaitley Stadium,Punjab Kings,Sunrisers Hyderabad,Punjab Kings,field,Punjab Kings,48,0,Glenn Maxwell,runs,1,Punjab Kings,Sunrisers Hyderabad,Tilak Varma,Sunil Narine,0,0,0,0,1,6
IPL2018_091,2018,2019-01-02,Delhi,Arun Jaitley Stadium,Punjab Kings,Sunrisers Hyderabad,Punjab Kings,field,Punjab Kings,48,0,Glenn Maxwell,runs,1,Punjab Kings,Sunrisers Hyderabad,Nicholas Pooran,KL Rahul,0,0,0,0,2,1
IPL2018_091,2018,2019-01-02,Delhi,Arun Jaitley Stadium,Punjab Kings,Sunrisers Hyderabad,Punjab Kings,field,Punjab Kings,48,0,Glenn Maxwell,runs,1,Punjab Kings,Sunrisers Hyderabad,Ishan Kishan,Shreyas Iyer,2,0,2,0,2,2
IPL2018_091,2018,2019-01-02,Delhi,Arun Jaitley Stadium,Punjab Kings,Sunrisers Hyderabad,Punjab Kings,field,Punjab Kings,48,0,Glenn Maxwell,runs,1,Punjab Kings,Sunrisers Hyderabad,Bhuvneshwar Kumar,Rohit Sharma,0,0,0,0,2,3
IPL2018_091,2018,2019-01-02,Delhi,Arun Jaitley Stadium,Punjab Kings,Sunrisers Hyderabad,Punjab Kings,field,Punjab Kings,48,0,Glenn Maxwell,runs,1,Punjab Kings,Sunrisers Hyderabad,Rohit Sharma,Shubman Gill,6,0,6,0,2,4
IPL2018_091,2018,2019-01-02,Delhi,Arun Jaitley Stadium,Punjab Kings,Sunrisers Hyderabad,Punjab Kings,field,Punjab Kings,48,0,Glenn Maxwell,runs,2,Sunrisers Hyderabad,Punjab Kings,Pat Cummins,Nicholas Pooran,0,0,0,0,1,1
IPL2018_091,2018,2019-01-02,Delhi,Arun Jaitley Stadium,Punjab Kings,Sunrisers Hyderabad,Punjab Kings,field,Punjab Kings,48,0,Glenn Maxwell,runs,2,Sunrisers Hyderabad,Punjab Kings,Glenn Maxwell,Andre Russell,0,0,0,0,1,2
IPL2018_091,2018,2019-01-02,Delhi,Arun Jaitley Stadium,Punjab Kings,Sunrisers Hyderabad,Punjab Kings,field,Punjab Kings,48,0,Glenn Maxwell,runs,2,Sunrisers Hyderabad,Punjab Kings,Virat Kohli,Shubman Gill,6,0,6,0,1,3
IPL2018_091,2018,2019-01-02,Delhi,Arun Jaitley Stadium,Punjab Kings,Sunrisers Hyderabad,Punjab Kings,field,Punjab Kings,48,0,Glenn Maxwell,runs,2,Sunrisers Hyderabad,Punjab Kings,Prithvi Shaw,Tilak Varma,0,0,0,0,1,4
IPL2018_091,2018,2019-01-02,Delhi,Arun Jaitley Stadium,Punjab Kings,Sunrisers Hyderabad,Punjab Kings,field,Punjab Kings,48,0,Glenn Maxwell,runs,2,Sunrisers Hyderabad,Punjab Kings,Sanju Samson,Andre Russell,1,0,1,0,1,5
IPL2018_091,2018,2019-01-02,Delhi,Arun Jaitley Stadium,Punjab Kings,Sunrisers Hyderabad,Punjab Kings,field,Punjab Kings,48,0,Glenn Maxwell,runs,2,Sunrisers Hyderabad,Punjab Kings,Andre Russell,Virat Kohli,1,0,1,1,1,6
IPL2018_091,2018,2019-01-02,Delhi,Arun Jaitley Stadium,Punjab Kings,Sunrisers Hyderabad,Punjab Kings,field,Punjab Kings,48,0,Glenn Maxwell,runs,2,Sunrisers Hyderabad,Punjab Kings,David Warner,Jasprit Bumrah,0,0,0,0,2,1
IPL2018_091,2018,2019-01-02,Delhi,Arun Jaitley Stadium,Punjab Kings,Sunrisers Hyderabad,Punjab Kings,field,Punjab Kings,48,0,Glenn Maxwell,runs,2,Sunrisers Hyderabad,Punjab Kings,Shikhar Dhawan,Prithvi Shaw,0,0,0,0,2,2
IPL2018_091,2018,2019-01-02,Delhi,Arun Jaitley Stadium,Punjab Kings,Sunrisers Hyderabad,Punjab Kings,field,Punjab Kings,48,0,Glenn Maxwell,runs,2,Sunrisers Hyderabad,Punjab Kings,Jos Buttler,Ishan Kishan,1,0,1,0,2,3
IPL2018_091,2018,2019-01-02,Delhi,Arun Jaitley Stadium,Punjab Kings,Sunrisers Hyderabad,Punjab Kings,field,Punjab Kings,48,0,Glenn Maxwell,runs,2,Sunrisers Hyderabad,Punjab Kings,Pat Cummins,Ruturaj Gaikwad,0,1,1,0,2,4
IPL2019_092,2019,2019-01-05,Chennai,MA Chidambaram Stadium,Royal Challengers Bengaluru,Rajasthan Royals,Royal Challengers Bengaluru,field,Rajasthan Royals,0,0,Rishabh Pant,normal,1,Royal Challengers Bengaluru,Rajasthan Royals,Ishan Kishan,Pat Cummins,2,0,2,0,1,1
IPL2019_092,2019,2019-01-05,Chennai,MA Chidambaram Stadium,Royal Challengers Bengaluru,Rajasthan Royals,Royal Challengers Bengaluru,field,Rajasthan Royals,0,0,Rishabh Pant,normal,1,Royal Challengers Bengaluru,Rajasthan Royals,Sanju Samson,Rohit Sharma,1,0,1,0,1,2
IPL2019_092,2019,2019-01-05,Chennai,MA Chidambaram Stadium,Royal Challengers Bengaluru,Rajasthan Royals,Royal Challengers Bengaluru,field,Rajasthan Royals,0,0,Rishabh Pant,normal,1,Royal Challengers Bengaluru,Rajasthan Royals,Hardik Pandya,Pat Cummins,0,0,0,0,1,3
IPL2019_092,2019,2019-01-05,Chennai,MA Chidambaram Stadium,Royal Challengers Bengaluru,Rajasthan Royals,Royal Challengers Bengaluru,field,Rajasthan Royals,0,0,Rishabh Pant,normal,1,Royal Challengers Bengaluru,Rajasthan Royals,Ruturaj Gaikwad,Ravindra Jadeja,0,0,0,0,1,4
IPL2019_092,2019,2019-01-05,Chennai,MA Chidambaram Stadium,Royal Challengers Bengaluru,Rajasthan Royals,Royal Challengers Bengaluru,field,Rajasthan Royals,0,0,Rishabh Pant,normal,1,Royal Challengers Bengaluru,Rajasthan Royals,Shikhar Dhawan,Bhuvneshwar Kumar,1,0,1,0,1,5
IPL2019_092,2019,2019-01-05,Chennai,MA Chidambaram Stadium,Royal Challengers Bengaluru,Rajasthan Royals,Royal Challengers Bengaluru,field,Rajasthan Royals,0,0,Rishabh Pant,normal,1,Royal Challengers Bengaluru,Rajasthan Royals,Rashid Khan,David Warner,2,0,2,0,1,6
IPL2019_092,2019,2019-01-05,Chennai,MA Chidambaram Stadium,Royal Challengers Bengaluru,Rajasthan Royals,Royal Challengers Bengaluru,field,Rajasthan Royals,0,0,Rishabh Pant,normal,1,Royal Challengers Bengaluru,Rajasthan Royals,Pat Cummins,MS Dhoni,0,0,0,0,2,1
IPL2019_092,2019,2019-01-05,Chennai,MA Chidambaram Stadium,Royal Challengers Bengaluru,Rajasthan Royals,Royal Challengers Bengaluru,field,Rajasthan Royals,0,0,Rishabh Pant,normal,1,Royal Challengers Bengaluru,Rajasthan Royals,Shikhar Dhawan,Shubman Gill,4,0,4,0,2,2
IPL2019_092,2019,2019-01-05,Chennai,MA Chidambaram Stadium,Royal Challengers Bengaluru,Rajasthan Royals,Royal Challengers Bengaluru,field,Rajasthan Royals,0,0,Rishabh Pant,normal,1,Royal Challengers Bengaluru,Rajasthan Royals,Virat Kohli,Jasprit Bumrah,0,0,0,0,2,3
IPL2019_092,2019,2019-01-05,Chennai,MA Chidambaram Stadium,Royal Challengers Bengaluru,Rajasthan Royals,Royal Challengers Bengaluru,field,Rajasthan Royals,0,0,Rishabh Pant,normal,1,Royal Challengers Bengaluru,Rajasthan Royals,Sunil Narine,MS Dhoni,0,0,0,0,2,4
IPL2019_092,2019,2019-01-05,Chennai,MA Chidambaram Stadium,Royal Challengers Bengaluru,Rajasthan Royals,Royal Challengers Bengaluru,field,Rajasthan Royals,0,0,Rishabh Pant,normal,2,Rajasthan Royals,Royal Challengers Bengaluru,Jos Buttler,Mohammed Siraj,1,0,1,0,1,1
IPL2019_092,2019,2019-01-05,Chennai,MA Chidambaram Stadium,Royal Challengers Bengaluru,Rajasthan Royals,Royal Challengers Bengaluru,field,Rajasthan Royals,0,0,Rishabh Pant,normal,2,Rajasthan Royals,Royal Challengers Bengaluru,Rashid Khan,Yashasvi Jaiswal,0,0,0,0,1,2
IPL2019_092,2019,2019-01-05,Chennai,MA Chidambaram Stadium,Royal Challengers Bengaluru,Rajasthan Royals,Royal Challengers Bengaluru,field,Rajasthan Royals,0,0,Rishabh Pant,normal,2,Rajasthan Royals,Royal Challengers Bengaluru,Shreyas Iyer,Andre Russell,0,0,0,0,1,3
IPL2019_092,2019,2019-01-05,Chennai,MA Chidambaram Stadium,Royal Challengers Bengaluru,Rajasthan Royals,Royal Challengers Bengaluru,field,Rajasthan Royals,0,0,Rishabh Pant,normal,2,Rajasthan Royals,Royal Challengers Bengaluru,Virat Kohli,Virat Kohli,0,0,0,0,1,4
IPL2019_092,2019,2019-01-05,Chennai,MA Chidambaram Stadium,Royal Challengers Bengaluru,Rajasthan Royals,Royal Challengers Bengaluru,field,Rajasthan Royals,0,0,Rishabh Pant,normal,2,Rajasthan Royals,Royal Challengers Bengaluru,Shikhar Dhawan,KL Rahul,1,0,1,0,1,5
IPL2019_092,2019,2019-01-05,Chennai,MA Chidambaram Stadium,Royal Challengers Bengaluru,Rajasthan Royals,Royal Challengers Bengaluru,field,Rajasthan Royals,0,0,Rishabh Pant,normal,2,Rajasthan Royals,Royal Challengers Bengaluru,Glenn Maxwell,Shubman Gill,1,0,1,0,1,6
IPL2019_092,2019,2019-01-05,Chennai,MA Chidambaram Stadium,Royal Challengers Bengaluru,Rajasthan Royals,Royal Challengers Bengaluru,field,Rajasthan Royals,0,0,Rishabh Pant,normal,2,Rajasthan Royals,Royal Challengers Bengaluru,Tilak Varma,David Warner,1,0,1,0,2,1
IPL2019_092,2019,2019-01-05,Chennai,MA Chidambaram Stadium,Royal Challengers Bengaluru,Rajasthan Royals,Royal Challengers Bengaluru,field,Rajasthan Royals,0,0,Rishabh Pant,normal,2,Rajasthan Royals,Royal Challengers Bengaluru,Shikhar Dhawan,Jos Buttler,4,0,4,0,2,2
IPL2019_092,2019,2019-01-05,Chennai,MA Chidambaram Stadium,Royal Challengers Bengaluru,Rajasthan Royals,Royal Challengers Bengaluru,field,Rajasthan Royals,0,0,Rishabh Pant,normal,2,Rajasthan Royals,Royal Challengers Bengaluru,Sunil Narine,MS Dhoni,1,0,1,0,2,3
IPL2019_092,2019,2019-01-05,Chennai,MA Chidambaram Stadium,Royal Challengers Bengaluru,Rajasthan Royals,Royal Challengers Bengaluru,field,Rajasthan Royals,0,0,Rishabh Pant,normal,2,Rajasthan Royals,Royal Challengers Bengaluru,Rashid Khan,Hardik Pandya,2,0,2,0,2,4
IPL2020_093,2020,2019-01-08,Jaipur,Sawai Mansingh Stadium,Mumbai Indians,Lucknow Super Giants,Mumbai Indians,field,Lucknow Super Giants,0,1,Jos Buttler,wickets,1,Mumbai Indians,Lucknow Super Giants,Bhuvneshwar Kumar,Glenn Maxwell,4,1,5,0,1,1
IPL2020_093,2020,2019-01-08,Jaipur,Sawai Mansingh Stadium,Mumbai Indians,Lucknow Super Giants,Mumbai Indians,field,Lucknow Super Giants,0,1,Jos Buttler,wickets,1,Mumbai Indians,Lucknow Super Giants,Bhuvneshwar Kumar,Tilak Varma,0,0,0,0,1,2
IPL2020_093,2020,2019-01-08,Jaipur,Sawai Mansingh Stadium,Mumbai Indians,Lucknow Super Giants,Mumbai Indians,field,Lucknow Super Giants,0,1,Jos Buttler,wickets,1,Mumbai Indians,Lucknow Super Giants,Jos Buttler,Pat Cummins,2,0,2,0,1,3
IPL2020_093,2020,2019-01-08,Jaipur,Sawai Mansingh Stadium,Mumbai Indians,Lucknow Super Giants,Mumbai Indians,field,Lucknow Super Giants,0,1,Jos Buttler,wickets,1,Mumbai Indians,Lucknow Super Giants,Shreyas Iyer,Jos Buttler,6,0,6,0,1,4
IPL2020_093,2020,2019-01-08,Jaipur,Sawai Mansingh Stadium,Mumbai Indians,Lucknow Super Giants,Mumbai Indians,field,Lucknow Super Giants,0,1,Jos Buttler,wickets,1,Mumbai Indians,Lucknow Super Giants,MS Dhoni,Yashasvi Jaiswal,0,0,0,0,1,5
IPL2020_093,2020,2019-01-08,Jaipur,Sawai Mansingh Stadium,Mumbai Indians,Lucknow Super Giants,Mumbai Indians,field,Lucknow Super Giants,0,1,Jos Buttler,wickets,1,Mumbai Indians,Lucknow Super Giants,Mohammed Siraj,Virat Kohli,2,0,2,0,1,6
IPL2020_093,2020,2019-01-08,Jaipur,Sawai Mansingh Stadium,Mumbai Indians,Lucknow Super Giants,Mumbai Indians,field,Lucknow Super Giants,0,1,Jos Buttler,wickets,1,Mumbai Indians,Lucknow Super Giants,Trent Boult,Pat Cummins,1,0,1,0,2,1
IPL2020_093,2020,2019-01-08,Jaipur,Sawai Mansingh Stadium,Mumbai Indians,Lucknow Super Giants,Mumbai Indians,field,Lucknow Super Giants,0,1,Jos Buttler,wickets,1,Mumbai Indians,Lucknow Super Giants,Sanju Samson,Andre Russell,2,0,2,0,2,2
IPL2020_093,2020,2019-01-08,Jaipur,Sawai Mansingh Stadium,Mumbai Indians,Lucknow Super Giants,Mumbai Indians,field,Lucknow Super Giants,0,1,Jos Buttler,wickets,1,Mumbai Indians,Lucknow Super Giants,Rishabh Pant,Ravindra Jadeja,0,1,1,0,2,3
IPL2020_093,2020,2019-01-08,Jaipur,Sawai Mansingh Stadium,Mumbai Indians,Lucknow Super Giants,Mumbai Indians,field,Lucknow Super Giants,0,1,Jos Buttler,wickets,1,Mumbai Indians,Lucknow Super Giants,Jasprit Bumrah,Pat Cummins,1,0,1,0,2,4
IPL2020_093,2020,2019-01-08,Jaipur,Sawai Mansingh Stadium,Mumbai Indians,Lucknow Super Giants,Mumbai Indians,field,Lucknow Super Giants,0,1,Jos Buttler,wickets,2,Lucknow Super Giants,Mumbai Indians,Ravindra Jadeja,Jos Buttler,2,0,2,0,1,1
IPL2020_093,2020,2019-01-08,Jaipur,Sawai Mansingh Stadium,Mumbai Indians,Lucknow Super Giants,Mumbai Indians,field,Lucknow Super Giants,0,1,Jos Buttler,wickets,2,Lucknow Super Giants,Mumbai Indians,Prithvi Shaw,David Warner,0,0,0,0,1,2
IPL2020_093,2020,2019-01-08,Jaipur,Sawai Mansingh Stadium,Mumbai Indians,Lucknow Super Giants,Mumbai Indians,field,Lucknow Super Giants,0,1,Jos Buttler,wickets,2,Lucknow Super Giants,Mumbai Indians,Trent Boult,Shreyas Iyer,0,0,0,0,1,3
IPL2020_093,2020,2019-01-08,Jaipur,Sawai Mansingh Stadium,Mumbai Indians,Lucknow Super Giants,Mumbai Indians,field,Lucknow Super Giants,0,1,Jos Buttler,wickets,2,Lucknow Super Giants,Mumbai Indians,Andre Russell,Tilak Varma,4,0,4,0,1,4
IPL2020_093,2020,2019-01-08,Jaipur,Sawai Mansingh Stadium,Mumbai Indians,Lucknow Super Giants,Mumbai Indians,field,Lucknow Super Giants,0,1,Jos Buttler,wickets,2,Lucknow Super Giants,Mumbai Indians,Jasprit Bumrah,MS Dhoni,0,0,0,0,1,5
IPL2020_093,2020,2019-01-08,Jaipur,Sawai Mansingh Stadium,Mumbai Indians,Lucknow Super Giants,Mumbai Indians,field,Lucknow Super Giants,0,1,Jos Buttler,wickets,2,Lucknow Super Giants,Mumbai Indians,Ishan Kishan,Shubman Gill,0,0,0,0,1,6
IPL2020_093,2020,2019-01-08,Jaipur,Sawai Mansingh Stadium,Mumbai Indians,Lucknow Super Giants,Mumbai Indians,field,Lucknow Super Giants,0,1,Jos Buttler,wickets,2,Lucknow Super Giants,Mumbai Indians,Jos Buttler,Bhuvneshwar Kumar,4,0,4,0,2,1
IPL2020_093,2020,2019-01-08,Jaipur,Sawai Mansingh Stadium,Mumbai Indians,Lucknow Super Giants,Mumbai Indians,field,Lucknow Super Giants,0,1,Jos Buttler,wickets,2,Lucknow Super Giants,Mumbai Indians,Shubman Gill,Mohammed Siraj,0,0,0,0,2,2
IPL2020_093,2020,2019-01-08,Jaipur,Sawai Mansingh Stadium,Mumbai Indians,Lucknow Super Giants,Mumbai Indians,field,Lucknow Super Giants,0,1,Jos Buttler,wickets,2,Lucknow Super Giants,Mumbai Indians,Ravindra Jadeja,Hardik Pandya,4,0,4,1,2,3
IPL2020_093,2020,2019-01-08,Jaipur,Sawai Mansingh Stadium,Mumbai Indians,Lucknow Super Giants,Mumbai Indians,field,Lucknow Super Giants,0,1,Jos Buttler,wickets,2,Lucknow Super Giants,Mumbai Indians,Rishabh Pant,David Warner,4,0,4,0,2,4
IPL2021_094,2021,2019-01-11,Kolkata,Eden Gardens,Sunrisers Hyderabad,Royal Challengers Bengaluru,Sunrisers Hyderabad,field,Sunrisers Hyderabad,0,0,Faf du Plessis,normal,1,Sunrisers Hyderabad,Royal Challengers Bengaluru,Trent Boult,Ravindra Jadeja,1,0,1,0,1,1
IPL2021_094,2021,2019-01-11,Kolkata,Eden Gardens,Sunrisers Hyderabad,Royal Challengers Bengaluru,Sunrisers Hyderabad,field,Sunrisers Hyderabad,0,0,Faf du Plessis,normal,1,Sunrisers Hyderabad,Royal Challengers Bengaluru,Trent Boult,Ruturaj Gaikwad,1,0,1,0,1,2
IPL2021_094,2021,2019-01-11,Kolkata,Eden Gardens,Sunrisers Hyderabad,Royal Challengers Bengaluru,Sunrisers Hyderabad,field,Sunrisers Hyderabad,0,0,Faf du Plessis,normal,1,Sunrisers Hyderabad,Royal Challengers Bengaluru,Bhuvneshwar Kumar,Shikhar Dhawan,0,0,0,0,1,3
IPL2021_094,2021,2019-01-11,Kolkata,Eden Gardens,Sunrisers Hyderabad,Royal Challengers Bengaluru,Sunrisers Hyderabad,field,Sunrisers Hyderabad,0,0,Faf du Plessis,normal,1,Sunrisers Hyderabad,Royal Challengers Bengaluru,Virat Kohli,Tilak Varma,4,0,4,1,1,4
IPL2021_094,2021,2019-01-11,Kolkata,Eden Gardens,Sunrisers Hyderabad,Royal Challengers Bengaluru,Sunrisers Hyderabad,field,Sunrisers Hyderabad,0,0,Faf du Plessis,normal,1,Sunrisers Hyderabad,Royal Challengers Bengaluru,Tilak Varma,Shreyas Iyer,1,0,1,0,1,5
IPL2021_094,2021,2019-01-11,Kolkata,Eden Gardens,Sunrisers Hyderabad,Royal Challengers Bengaluru,Sunrisers Hyderabad,field,Sunrisers Hyderabad,0,0,Faf du Plessis,normal,1,Sunrisers Hyderabad,Royal Challengers Bengaluru,Ishan Kishan,Ruturaj Gaikwad,1,0,1,0,1,6
IPL2021_094,2021,2019-01-11,Kolkata,Eden Gardens,Sunrisers Hyderabad,Royal Challengers Bengaluru,Sunrisers Hyderabad,field,Sunrisers Hyderabad,0,0,Faf du Plessis,normal,1,Sunrisers Hyderabad,Royal Challengers Bengaluru,Jasprit Bumrah,Yashasvi Jaiswal,0,0,0,0,2,1
IPL2021_094,2021,2019-01-11,Kolkata,Eden Gardens,Sunrisers Hyderabad,Royal Challengers Bengaluru,Sunrisers Hyderabad,field,Sunrisers Hyderabad,0,0,Faf du Plessis,normal,1,Sunrisers Hyderabad,Royal Challengers Bengaluru,Trent Boult,Yashasvi Jaiswal,1,0,1,0,2,2
IPL2021_094,2021,2019-01-11,Kolkata,Eden Gardens,Sunrisers Hyderabad,Royal Challengers Bengaluru,Sunrisers Hyderabad,field,Sunrisers Hyderabad,0,0,Faf du Plessis,normal,1,Sunrisers Hyderabad,Royal Challengers Bengaluru,Jasprit Bumrah,Ravindra Jadeja,0,0,0,0,2,3
IPL2021_094,2021,2019-01-11,Kolkata,Eden Gardens,Sunrisers Hyderabad,Royal Challengers Bengaluru,Sunrisers Hyderabad,field,Sunrisers Hyderabad,0,0,Faf du Plessis,normal,1,Sunrisers Hyderabad,Royal Challengers Bengaluru,Hardik Pandya,Ruturaj Gaikwad,0,0,0,0,2,4
IPL2021_094,2021,2019-01-11,Kolkata,Eden Gardens,Sunrisers Hyderabad,Royal Challengers Bengaluru,Sunrisers Hyderabad,field,Sunrisers Hyderabad,0,0,Faf du Plessis,normal,2,Royal Challengers Bengaluru,Sunrisers Hyderabad,Pat Cummins,Rohit Sharma,6,0,6,0,1,1
IPL2021_094,2021,2019-01-11,Kolkata,Eden Gardens,Sunrisers Hyderabad,Royal Challengers Bengaluru,Sunrisers Hyderabad,field,Sunrisers Hyderabad,0,0,Faf du Plessis,normal,2,Royal Challengers Bengaluru,Sunrisers Hyderabad,Nicholas Pooran,Ishan Kishan,0,0,0,0,1,2
IPL2021_094,2021,2019-01-11,Kolkata,Eden Gardens,Sunrisers Hyderabad,Royal Challengers Bengaluru,Sunrisers Hyderabad,field,Sunrisers Hyderabad,0,0,Faf du Plessis,normal,2,Royal Challengers Bengaluru,Sunrisers Hyderabad,Nicholas Pooran,Rashid Khan,2,0,2,0,1,3
IPL2021_094,2021,2019-01-11,Kolkata,Eden Gardens,Sunrisers Hyderabad,Royal Challengers Bengaluru,Sunrisers Hyderabad,field,Sunrisers Hyderabad,0,0,Faf du Plessis,normal,2,Royal Challengers Bengaluru,Sunrisers Hyderabad,Sunil Narine,Hardik Pandya,4,0,4,0,1,4
IPL2021_094,2021,2019-01-11,Kolkata,Eden Gardens,Sunrisers Hyderabad,Royal Challengers Bengaluru,Sunrisers Hyderabad,field,Sunrisers Hyderabad,0,0,Faf du Plessis,normal,2,Royal Challengers Bengaluru,Sunrisers Hyderabad,Shubman Gill,Rashid Khan,4,0,4,0,1,5
IPL2021_094,2021,2019-01-11,Kolkata,Eden Gardens,Sunrisers Hyderabad,Royal Challengers Bengaluru,Sunrisers Hyderabad,field,Sunrisers Hyderabad,0,0,Faf du Plessis,normal,2,Royal Challengers Bengaluru,Sunrisers Hyderabad,Sunil Narine,Pat Cummins,0,1,1,1,1,6
IPL2021_094,2021,2019-01-11,Kolkata,Eden Gardens,Sunrisers Hyderabad,Royal Challengers Bengaluru,Sunrisers Hyderabad,field,Sunrisers Hyderabad,0,0,Faf du Plessis,normal,2,Royal Challengers Bengaluru,Sunrisers Hyderabad,Trent Boult,MS Dhoni,1,0,1,0,2,1
IPL2021_094,2021,2019-01-11,Kolkata,Eden Gardens,Sunrisers Hyderabad,Royal Challengers Bengaluru,Sunrisers Hyderabad,field,Sunrisers Hyderabad,0,0,Faf du Plessis,normal,2,Royal Challengers Bengaluru,Sunrisers Hyderabad,Yashasvi Jaiswal,Ishan Kishan,0,0,0,0,2,2
IPL2021_094,2021,2019-01-11,Kolkata,Eden Gardens,Sunrisers Hyderabad,Royal Challengers Bengaluru,Sunrisers Hyderabad,field,Sunrisers Hyderabad,0,0,Faf du Plessis,normal,2,Royal Challengers Bengaluru,Sunrisers Hyderabad,Virat Kohli,Rishabh Pant,4,0,4,0,2,3
IPL2021_094,2021,2019-01-11,Kolkata,Eden Gardens,Sunrisers Hyderabad,Royal Challengers Bengaluru,Sunrisers Hyderabad,field,Sunrisers Hyderabad,0,0,Faf du Plessis,normal,2,Royal Challengers Bengaluru,Sunrisers Hyderabad,Prithvi Shaw,KL Rahul,2,0,2,0,2,4
IPL2022_095,2022,2019-01-14,Ahmedabad,Narendra Modi Stadium,Royal Challengers Bengaluru,Delhi Capitals,Delhi Capitals,field,Royal Challengers Bengaluru,16,0,Bhuvneshwar Kumar,runs,1,Royal Challengers Bengaluru,Delhi Capitals,Virat Kohli,Mohammed Siraj,2,0,2,0,1,1
IPL2022_095,2022,2019-01-14,Ahmedabad,Narendra Modi Stadium,Royal Challengers Bengaluru,Delhi Capitals,Delhi Capitals,field,Royal Challengers Bengaluru,16,0,Bhuvneshwar Kumar,runs,1,Royal Challengers Bengaluru,Delhi Capitals,MS Dhoni,Virat Kohli,1,0,1,0,1,2
IPL2022_095,2022,2019-01-14,Ahmedabad,Narendra Modi Stadium,Royal Challengers Bengaluru,Delhi Capitals,Delhi Capitals,field,Royal Challengers Bengaluru,16,0,Bhuvneshwar Kumar,runs,1,Royal Challengers Bengaluru,Delhi Capitals,Suryakumar Yadav,Jasprit Bumrah,1,0,1,0,1,3
IPL2022_095,2022,2019-01-14,Ahmedabad,Narendra Modi Stadium,Royal Challengers Bengaluru,Delhi Capitals,Delhi Capitals,field,Royal Challengers Bengaluru,16,0,Bhuvneshwar Kumar,runs,1,Royal Challengers Bengaluru,Delhi Capitals,Rohit Sharma,Prithvi Shaw,0,0,0,0,1,4
IPL2022_095,2022,2019-01-14,Ahmedabad,Narendra Modi Stadium,Royal Challengers Bengaluru,Delhi Capitals,Delhi Capitals,field,Royal Challengers Bengaluru,16,0,Bhuvneshwar Kumar,runs,1,Royal Challengers Bengaluru,Delhi Capitals,Rohit Sharma,Nicholas Pooran,4,0,4,0,1,5
IPL2022_095,2022,2019-01-14,Ahmedabad,Narendra Modi Stadium,Royal Challengers Bengaluru,Delhi Capitals,Delhi Capitals,field,Royal Challengers Bengaluru,16,0,Bhuvneshwar Kumar,runs,1,Royal Challengers Bengaluru,Delhi Capitals,Hardik Pandya,Yashasvi Jaiswal,1,0,1,0,1,6
IPL2022_095,2022,2019-01-14,Ahmedabad,Narendra Modi Stadium,Royal Challengers Bengaluru,Delhi Capitals,Delhi Capitals,field,Royal Challengers Bengaluru,16,0,Bhuvneshwar Kumar,runs,1,Royal Challengers Bengaluru,Delhi Capitals,Ruturaj Gaikwad,Pat Cummins,0,1,1,0,2,1
IPL2022_095,2022,2019-01-14,Ahmedabad,Narendra Modi Stadium,Royal Challengers Bengaluru,Delhi Capitals,Delhi Capitals,field,Royal Challengers Bengaluru,16,0,Bhuvneshwar Kumar,runs,1,Royal Challengers Bengaluru,Delhi Capitals,Shikhar Dhawan,Yashasvi Jaiswal,2,0,2,0,2,2
IPL2022_095,2022,2019-01-14,Ahmedabad,Narendra Modi Stadium,Royal Challengers Bengaluru,Delhi Capitals,Delhi Capitals,field,Royal Challengers Bengaluru,16,0,Bhuvneshwar Kumar,runs,1,Royal Challengers Bengaluru,Delhi Capitals,Bhuvneshwar Kumar,David Warner,2,0,2,0,2,3
IPL2022_095,2022,2019-01-14,Ahmedabad,Narendra Modi Stadium,Royal Challengers Bengaluru,Delhi Capitals,Delhi Capitals,field,Royal Challengers Bengaluru,16,0,Bhuvneshwar Kumar,runs,1,Royal Challengers Bengaluru,Delhi Capitals,David Warner,Shikhar Dhawan,1,0,1,0,2,4
IPL2022_095,2022,2019-01-14,Ahmedabad,Narendra Modi Stadium,Royal Challengers Bengaluru,Delhi Capitals,Delhi Capitals,field,Royal Challengers Bengaluru,16,0,Bhuvneshwar Kumar,runs,2,Delhi Capitals,Royal Challengers Bengaluru,Hardik Pandya,MS Dhoni,1,0,1,0,1,1
IPL2022_095,2022,2019-01-14,Ahmedabad,Narendra Modi Stadium,Royal Challengers Bengaluru,Delhi Capitals,Delhi Capitals,field,Royal Challengers Bengaluru,16,0,Bhuvneshwar Kumar,runs,2,Delhi Capitals,Royal Challengers Bengaluru,Pat Cummins,Faf du Plessis,1,0,1,0,1,2
IPL2022_095,2022,2019-01-14,Ahmedabad,Narendra Modi Stadium,Royal Challengers Bengaluru,Delhi Capitals,Delhi Capitals,field,Royal Challengers Bengaluru,16,0,Bhuvneshwar Kumar,runs,2,Delhi Capitals,Royal Challengers Bengaluru,Faf du Plessis,Trent Boult,1,0,1,0,1,3
IPL2022_095,2022,2019-01-14,Ahmedabad,Narendra Modi Stadium,Royal Challengers Bengaluru,Delhi Capitals,Delhi Capitals,field,Royal Challengers Bengaluru,16,0,Bhuvneshwar Kumar,runs,2,Delhi Capitals,Royal Challengers Bengaluru,Jos Buttler,Suryakumar Yadav,1,0,1,0,1,4
IPL2022_095,2022,2019-01-14,Ahmedabad,Narendra Modi Stadium,Royal Challengers Bengaluru,Delhi Capitals,Delhi Capitals,field,Royal Challengers Bengaluru,16,0,Bhuvneshwar Kumar,runs,2,Delhi Capitals,Royal Challengers Bengaluru,MS Dhoni,Ruturaj Gaikwad,0,0,0,0,1,5
IPL2022_095,2022,2019-01-14,Ahmedabad,Narendra Modi Stadium,Royal Challengers Bengaluru,Delhi Capitals,Delhi Capitals,field,Royal Challengers Bengaluru,16,0,Bhuvneshwar Kumar,runs,2,Delhi Capitals,Royal Challengers Bengaluru,MS Dhoni,Yashasvi Jaiswal,0,0,0,0,1,6
IPL2022_095,2022,2019-01-14,Ahmedabad,Narendra Modi Stadium,Royal Challengers Bengaluru,Delhi Capitals,Delhi Capitals,field,Royal Challengers Bengaluru,16,0,Bhuvneshwar Kumar,runs,2,Delhi Capitals,Royal Challengers Bengaluru,Prithvi Shaw,Jasprit Bumrah,0,0,0,0,2,1
IPL2022_095,2022,2019-01-14,Ahmedabad,Narendra Modi Stadium,Royal Challengers Bengaluru,Delhi Capitals,Delhi Capitals,field,Royal Challengers Bengaluru,16,0,Bhuvneshwar Kumar,runs,2,Delhi Capitals,Royal Challengers Bengaluru,Nicholas Pooran,Jos Buttler,1,0,1,0,2,2
IPL2022_095,2022,2019-01-14,Ahmedabad,Narendra Modi Stadium,Royal Challengers Bengaluru,Delhi Capitals,Delhi Capitals,field,Royal Challengers Bengaluru,16,0,Bhuvneshwar Kumar,runs,2,Delhi Capitals,Royal Challengers Bengaluru,Faf du Plessis,KL Rahul,1,0,1,0,2,3
IPL2022_095,2022,2019-01-14,Ahmedabad,Narendra Modi Stadium,Royal Challengers Bengaluru,Delhi Capitals,Delhi Capitals,field,Royal Challengers Bengaluru,16,0,Bhuvneshwar Kumar,runs,2,Delhi Capitals,Royal Challengers Bengaluru,Hardik Pandya,Mohammed Siraj,0,0,0,0,2,4
IPL2023_096,2023,2019-01-17,Kolkata,Eden Gardens,Mumbai Indians,Rajasthan Royals,Rajasthan Royals,bat,Mumbai Indians,0,7,MS Dhoni,wickets,1,Mumbai Indians,Rajasthan Royals,Shubman Gill,Andre Russell,0,0,0,0,1,1
IPL2023_096,2023,2019-01-17,Kolkata,Eden Gardens,Mumbai Indians,Rajasthan Royals,Rajasthan Royals,bat,Mumbai Indians,0,7,MS Dhoni,wickets,1,Mumbai Indians,Rajasthan Royals,Trent Boult,Trent Boult,0,0,0,0,1,2
IPL2023_096,2023,2019-01-17,Kolkata,Eden Gardens,Mumbai Indians,Rajasthan Royals,Rajasthan Royals,bat,Mumbai Indians,0,7,MS Dhoni,wickets,1,Mumbai Indians,Rajasthan Royals,Rohit Sharma,Ruturaj Gaikwad,1,0,1,0,1,3
IPL2023_096,2023,2019-01-17,Kolkata,Eden Gardens,Mumbai Indians,Rajasthan Royals,Rajasthan Royals,bat,Mumbai Indians,0,7,MS Dhoni,wickets,1,Mumbai Indians,Rajasthan Royals,Shreyas Iyer,Ravindra Jadeja,0,0,0,0,1,4
IPL2023_096,2023,2019-01-17,Kolkata,Eden Gardens,Mumbai Indians,Rajasthan Royals,Rajasthan Royals,bat,Mumbai Indians,0,7,MS Dhoni,wickets,1,Mumbai Indians,Rajasthan Royals,Shreyas Iyer,Ravindra Jadeja,1,1,2,0,1,5
IPL2023_096,2023,2019-01-17,Kolkata,Eden Gardens,Mumbai Indians,Rajasthan Royals,Rajasthan Royals,bat,Mumbai Indians,0,7,MS Dhoni,wickets,1,Mumbai Indians,Rajasthan Royals,Sanju Samson,Shubman Gill,0,0,0,0,1,6
IPL2023_096,2023,2019-01-17,Kolkata,Eden Gardens,Mumbai Indians,Rajasthan Royals,Rajasthan Royals,bat,Mumbai Indians,0,7,MS Dhoni,wickets,1,Mumbai Indians,Rajasthan Royals,Virat Kohli,Shikhar Dhawan,4,0,4,1,2,1
IPL2023_096,2023,2019-01-17,Kolkata,Eden Gardens,Mumbai Indians,Rajasthan Royals,Rajasthan Royals,bat,Mumbai Indians,0,7,MS Dhoni,wickets,1,Mumbai Indians,Rajasthan Royals,Jos Buttler,Shikhar Dhawan,0,0,0,0,2,2
IPL2023_096,2023,2019-01-17,Kolkata,Eden Gardens,Mumbai Indians,Rajasthan Royals,Rajasthan Royals,bat,Mumbai Indians,0,7,MS Dhoni,wickets,1,Mumbai Indians,Rajasthan Royals,Virat Kohli,Sanju Samson,3,0,3,0,2,3
IPL2023_096,2023,2019-01-17,Kolkata,Eden Gardens,Mumbai Indians,Rajasthan Royals,Rajasthan Royals,bat,Mumbai Indians,0,7,MS Dhoni,wickets,1,Mumbai Indians,Rajasthan Royals,Sunil Narine,Rishabh Pant,1,0,1,0,2,4
IPL2023_096,2023,2019-01-17,Kolkata,Eden Gardens,Mumbai Indians,Rajasthan Royals,Rajasthan Royals,bat,Mumbai Indians,0,7,MS Dhoni,wickets,2,Rajasthan Royals,Mumbai Indians,Yashasvi Jaiswal,Yashasvi Jaiswal,4,1,5,0,1,1
IPL2023_096,2023,2019-01-17,Kolkata,Eden Gardens,Mumbai Indians,Rajasthan Royals,Rajasthan Royals,bat,Mumbai Indians,0,7,MS Dhoni,wickets,2,Rajasthan Royals,Mumbai Indians,Nicholas Pooran,Glenn Maxwell,0,0,0,0,1,2
IPL2023_096,2023,2019-01-17,Kolkata,Eden Gardens,Mumbai Indians,Rajasthan Royals,Rajasthan Royals,bat,Mumbai Indians,0,7,MS Dhoni,wickets,2,Rajasthan Royals,Mumbai Indians,Ravindra Jadeja,Suryakumar Yadav,4,0,4,1,1,3
IPL2023_096,2023,2019-01-17,Kolkata,Eden Gardens,Mumbai Indians,Rajasthan Royals,Rajasthan Royals,bat,Mumbai Indians,0,7,MS Dhoni,wickets,2,Rajasthan Royals,Mumbai Indians,Sanju Samson,Rishabh Pant,3,0,3,0,1,4
IPL2023_096,2023,2019-01-17,Kolkata,Eden Gardens,Mumbai Indians,Rajasthan Royals,Rajasthan Royals,bat,Mumbai Indians,0,7,MS Dhoni,wickets,2,Rajasthan Royals,Mumbai Indians,Jos Buttler,Ravindra Jadeja,2,0,2,0,1,5
IPL2023_096,2023,2019-01-17,Kolkata,Eden Gardens,Mumbai Indians,Rajasthan Royals,Rajasthan Royals,bat,Mumbai Indians,0,7,MS Dhoni,wickets,2,Rajasthan Royals,Mumbai Indians,Bhuvneshwar Kumar,Tilak Varma,2,0,2,0,1,6
IPL2023_096,2023,2019-01-17,Kolkata,Eden Gardens,Mumbai Indians,Rajasthan Royals,Rajasthan Royals,bat,Mumbai Indians,0,7,MS Dhoni,wickets,2,Rajasthan Royals,Mumbai Indians,Suryakumar Yadav,Ravindra Jadeja,1,0,1,0,2,1
IPL2023_096,2023,2019-01-17,Kolkata,Eden Gardens,Mumbai Indians,Rajasthan Royals,Rajasthan Royals,bat,Mumbai Indians,0,7,MS Dhoni,wickets,2,Rajasthan Royals,Mumbai Indians,Ishan Kishan,Shubman Gill,1,0,1,0,2,2
IPL2023_096,2023,2019-01-17,Kolkata,Eden Gardens,Mumbai Indians,Rajasthan Royals,Rajasthan Royals,bat,Mumbai Indians,0,7,MS Dhoni,wickets,2,Rajasthan Royals,Mumbai Indians,Bhuvneshwar Kumar,Ishan Kishan,0,0,0,0,2,3
IPL2023_096,2023,2019-01-17,Kolkata,Eden Gardens,Mumbai Indians,Rajasthan Royals,Rajasthan Royals,bat,Mumbai Indians,0,7,MS Dhoni,wickets,2,Rajasthan Royals,Mumbai Indians,Virat Kohli,KL Rahul,1,0,1,0,2,4
IPL2024_097,2024,2019-01-20,Ahmedabad,Narendra Modi Stadium,Delhi Capitals,Rajasthan Royals,Delhi Capitals,field,Delhi Capitals,0,0,Andre Russell,normal,1,Delhi Capitals,Rajasthan Royals,Rishabh Pant,Rohit Sharma,2,0,2,0,1,1
IPL2024_097,2024,2019-01-20,Ahmedabad,Narendra Modi Stadium,Delhi Capitals,Rajasthan Royals,Delhi Capitals,field,Delhi Capitals,0,0,Andre Russell,normal,1,Delhi Capitals,Rajasthan Royals,Sunil Narine,Tilak Varma,0,0,0,0,1,2
IPL2024_097,2024,2019-01-20,Ahmedabad,Narendra Modi Stadium,Delhi Capitals,Rajasthan Royals,Delhi Capitals,field,Delhi Capitals,0,0,Andre Russell,normal,1,Delhi Capitals,Rajasthan Royals,Mohammed Siraj,Sanju Samson,2,0,2,0,1,3
IPL2024_097,2024,2019-01-20,Ahmedabad,Narendra Modi Stadium,Delhi Capitals,Rajasthan Royals,Delhi Capitals,field,Delhi Capitals,0,0,Andre Russell,normal,1,Delhi Capitals,Rajasthan Royals,Rishabh Pant,Sanju Samson,0,0,0,0,1,4
IPL2024_097,2024,2019-01-20,Ahmedabad,Narendra Modi Stadium,Delhi Capitals,Rajasthan Royals,Delhi Capitals,field,Delhi Capitals,0,0,Andre Russell,normal,1,Delhi Capitals,Rajasthan Royals,Suryakumar Yadav,Bhuvneshwar Kumar,0,0,0,0,1,5
IPL2024_097,2024,2019-01-20,Ahmedabad,Narendra Modi Stadium,Delhi Capitals,Rajasthan Royals,Delhi Capitals,field,Delhi Capitals,0,0,Andre Russell,normal,1,Delhi Capitals,Rajasthan Royals,Shubman Gill,Ishan Kishan,1,0,1,0,1,6
IPL2024_097,2024,2019-01-20,Ahmedabad,Narendra Modi Stadium,Delhi Capitals,Rajasthan Royals,Delhi Capitals,field,Delhi Capitals,0,0,Andre Russell,normal,1,Delhi Capitals,Rajasthan Royals,Mohammed Siraj,Shreyas Iyer,0,0,0,0,2,1
IPL2024_097,2024,2019-01-20,Ahmedabad,Narendra Modi Stadium,Delhi Capitals,Rajasthan Royals,Delhi Capitals,field,Delhi Capitals,0,0,Andre Russell,normal,1,Delhi Capitals,Rajasthan Royals,Ravindra Jadeja,Shubman Gill,0,0,0,0,2,2
IPL2024_097,2024,2019-01-20,Ahmedabad,Narendra Modi Stadium,Delhi Capitals,Rajasthan Royals,Delhi Capitals,field,Delhi Capitals,0,0,Andre Russell,normal,1,Delhi Capitals,Rajasthan Royals,Rashid Khan,Ravindra Jadeja,1,0,1,0,2,3
IPL2024_097,2024,2019-01-20,Ahmedabad,Narendra Modi Stadium,Delhi Capitals,Rajasthan Royals,Delhi Capitals,field,Delhi Capitals,0,0,Andre Russell,normal,1,Delhi Capitals,Rajasthan Royals,Yashasvi Jaiswal,Virat Kohli,4,0,4,0,2,4
IPL2024_097,2024,2019-01-20,Ahmedabad,Narendra Modi Stadium,Delhi Capitals,Rajasthan Royals,Delhi Capitals,field,Delhi Capitals,0,0,Andre Russell,normal,2,Rajasthan Royals,Delhi Capitals,Rohit Sharma,Tilak Varma,4,0,4,0,1,1
IPL2024_097,2024,2019-01-20,Ahmedabad,Narendra Modi Stadium,Delhi Capitals,Rajasthan Royals,Delhi Capitals,field,Delhi Capitals,0,0,Andre Russell,normal,2,Rajasthan Royals,Delhi Capitals,Tilak Varma,Virat Kohli,0,0,0,0,1,2
IPL2024_097,2024,2019-01-20,Ahmedabad,Narendra Modi Stadium,Delhi Capitals,Rajasthan Royals,Delhi Capitals,field,Delhi Capitals,0,0,Andre Russell,normal,2,Rajasthan Royals,Delhi Capitals,Rashid Khan,Rohit Sharma,1,0,1,0,1,3
IPL2024_097,2024,2019-01-20,Ahmedabad,Narendra Modi Stadium,Delhi Capitals,Rajasthan Royals,Delhi Capitals,field,Delhi Capitals,0,0,Andre Russell,normal,2,Rajasthan Royals,Delhi Capitals,Sunil Narine,Rishabh Pant,2,0,2,0,1,4
IPL2024_097,2024,2019-01-20,Ahmedabad,Narendra Modi Stadium,Delhi Capitals,Rajasthan Royals,Delhi Capitals,field,Delhi Capitals,0,0,Andre Russell,normal,2,Rajasthan Royals,Delhi Capitals,Hardik Pandya,Prithvi Shaw,0,0,0,0,1,5
IPL2024_097,2024,2019-01-20,Ahmedabad,Narendra Modi Stadium,Delhi Capitals,Rajasthan Royals,Delhi Capitals,field,Delhi Capitals,0,0,Andre Russell,normal,2,Rajasthan Royals,Delhi Capitals,Jos Buttler,Sanju Samson,1,0,1,0,1,6
IPL2024_097,2024,2019-01-20,Ahmedabad,Narendra Modi Stadium,Delhi Capitals,Rajasthan Royals,Delhi Capitals,field,Delhi Capitals,0,0,Andre Russell,normal,2,Rajasthan Royals,Delhi Capitals,Prithvi Shaw,Tilak Varma,4,0,4,0,2,1
IPL2024_097,2024,2019-01-20,Ahmedabad,Narendra Modi Stadium,Delhi Capitals,Rajasthan Royals,Delhi Capitals,field,Delhi Capitals,0,0,Andre Russell,normal,2,Rajasthan Royals,Delhi Capitals,Rohit Sharma,Faf du Plessis,1,0,1,0,2,2
IPL2024_097,2024,2019-01-20,Ahmedabad,Narendra Modi Stadium,Delhi Capitals,Rajasthan Royals,Delhi Capitals,field,Delhi Capitals,0,0,Andre Russell,normal,2,Rajasthan Royals,Delhi Capitals,Nicholas Pooran,Prithvi Shaw,2,0,2,0,2,3
IPL2024_097,2024,2019-01-20,Ahmedabad,Narendra Modi Stadium,Delhi Capitals,Rajasthan Royals,Delhi Capitals,field,Delhi Capitals,0,0,Andre Russell,normal,2,Rajasthan Royals,Delhi Capitals,Shikhar Dhawan,Ravindra Jadeja,0,2,2,0,2,4
IPL2025_098,2025,2019-01-23,Abu Dhabi,Sheikh Zayed Stadium,Delhi Capitals,Kolkata Knight Riders,Kolkata Knight Riders,bat,Kolkata Knight Riders,0,8,KL Rahul,wickets,1,Delhi Capitals,Kolkata Knight Riders,Glenn Maxwell,MS Dhoni,0,0,0,0,1,1
IPL2025_098,2025,2019-01-23,Abu Dhabi,Sheikh Zayed Stadium,Delhi Capitals,Kolkata Knight Riders,Kolkata Knight Riders,bat,Kolkata Knight Riders,0,8,KL Rahul,wickets,1,Delhi Capitals,Kolkata Knight Riders,Mohammed Siraj,Rishabh Pant,1,0,1,0,1,2
IPL2025_098,2025,2019-01-23,Abu Dhabi,Sheikh Zayed Stadium,Delhi Capitals,Kolkata Knight Riders,Kolkata Knight Riders,bat,Kolkata Knight Riders,0,8,KL Rahul,wickets,1,Delhi Capitals,Kolkata Knight Riders,Shubman Gill,Yashasvi Jaiswal,2,0,2,0,1,3
IPL2025_098,2025,2019-01-23,Abu Dhabi,Sheikh Zayed Stadium,Delhi Capitals,Kolkata Knight Riders,Kolkata Knight Riders,bat,Kolkata Knight Riders,0,8,KL Rahul,wickets,1,Delhi Capitals,Kolkata Knight Riders,Shreyas Iyer,Ishan Kishan,0,0,0,0,1,4
IPL2025_098,2025,2019-01-23,Abu Dhabi,Sheikh Zayed Stadium,Delhi Capitals,Kolkata Knight Riders,Kolkata Knight Riders,bat,Kolkata Knight Riders,0,8,KL Rahul,wickets,1,Delhi Capitals,Kolkata Knight Riders,Rohit Sharma,Sanju Samson,6,0,6,0,1,5
IPL2025_098,2025,2019-01-23,Abu Dhabi,Sheikh Zayed Stadium,Delhi Capitals,Kolkata Knight Riders,Kolkata Knight Riders,bat,Kolkata Knight Riders,0,8,KL Rahul,wickets,1,Delhi Capitals,Kolkata Knight Riders,Rashid Khan,Nicholas Pooran,1,0,1,0,1,6
IPL2025_098,2025,2019-01-23,Abu Dhabi,Sheikh Zayed Stadium,Delhi Capitals,Kolkata Knight Riders,Kolkata Knight Riders,bat,Kolkata Knight Riders,0,8,KL Rahul,wickets,1,Delhi Capitals,Kolkata Knight Riders,Yashasvi Jaiswal,Rohit Sharma,1,0,1,0,2,1
IPL2025_098,2025,2019-01-23,Abu Dhabi,Sheikh Zayed Stadium,Delhi Capitals,Kolkata Knight Riders,Kolkata Knight Riders,bat,Kolkata Knight Riders,0,8,KL Rahul,wickets,1,Delhi Capitals,Kolkata Knight Riders,Hardik Pandya,MS Dhoni,1,0,1,0,2,2
IPL2025_098,2025,2019-01-23,Abu Dhabi,Sheikh Zayed Stadium,Delhi Capitals,Kolkata Knight Riders,Kolkata Knight Riders,bat,Kolkata Knight Riders,0,8,KL Rahul,wickets,1,Delhi Capitals,Kolkata Knight Riders,Ishan Kishan,Andre Russell,0,0,0,0,2,3
IPL2025_098,2025,2019-01-23,Abu Dhabi,Sheikh Zayed Stadium,Delhi Capitals,Kolkata Knight Riders,Kolkata Knight Riders,bat,Kolkata Knight Riders,0,8,KL Rahul,wickets,1,Delhi Capitals,Kolkata Knight Riders,Tilak Varma,Ruturaj Gaikwad,6,0,6,0,2,4
IPL2025_098,2025,2019-01-23,Abu Dhabi,Sheikh Zayed Stadium,Delhi Capitals,Kolkata Knight Riders,Kolkata Knight Riders,bat,Kolkata Knight Riders,0,8,KL Rahul,wickets,2,Kolkata Knight Riders,Delhi Capitals,Bhuvneshwar Kumar,Tilak Varma,1,0,1,0,1,1
IPL2025_098,2025,2019-01-23,Abu Dhabi,Sheikh Zayed Stadium,Delhi Capitals,Kolkata Knight Riders,Kolkata Knight Riders,bat,Kolkata Knight Riders,0,8,KL Rahul,wickets,2,Kolkata Knight Riders,Delhi Capitals,Ruturaj Gaikwad,KL Rahul,0,0,0,0,1,2
IPL2025_098,2025,2019-01-23,Abu Dhabi,Sheikh Zayed Stadium,Delhi Capitals,Kolkata Knight Riders,Kolkata Knight Riders,bat,Kolkata Knight Riders,0,8,KL Rahul,wickets,2,Kolkata Knight Riders,Delhi Capitals,MS Dhoni,Faf du Plessis,2,0,2,0,1,3
IPL2025_098,2025,2019-01-23,Abu Dhabi,Sheikh Zayed Stadium,Delhi Capitals,Kolkata Knight Riders,Kolkata Knight Riders,bat,Kolkata Knight Riders,0,8,KL Rahul,wickets,2,Kolkata Knight Riders,Delhi Capitals,Andre Russell,Virat Kohli,1,1,2,0,1,4
IPL2025_098,2025,2019-01-23,Abu Dhabi,Sheikh Zayed Stadium,Delhi Capitals,Kolkata Knight Riders,Kolkata Knight Riders,bat,Kolkata Knight Riders,0,8,KL Rahul,wickets,2,Kolkata Knight Riders,Delhi Capitals,Rishabh Pant,Jasprit Bumrah,1,0,1,0,1,5
IPL2025_098,2025,2019-01-23,Abu Dhabi,Sheikh Zayed Stadium,Delhi Capitals,Kolkata Knight Riders,Kolkata Knight Riders,bat,Kolkata Knight Riders,0,8,KL Rahul,wickets,2,Kolkata Knight Riders,Delhi Capitals,Ruturaj Gaikwad,Mohammed Siraj,6,0,6,0,1,6
IPL2025_098,2025,2019-01-23,Abu Dhabi,Sheikh Zayed Stadium,Delhi Capitals,Kolkata Knight Riders,Kolkata Knight Riders,bat,Kolkata Knight Riders,0,8,KL Rahul,wickets,2,Kolkata Knight Riders,Delhi Capitals,Nicholas Pooran,Ruturaj Gaikwad,1,0,1,0,2,1
IPL2025_098,2025,2019-01-23,Abu Dhabi,Sheikh Zayed Stadium,Delhi Capitals,Kolkata Knight Riders,Kolkata Knight Riders,bat,Kolkata Knight Riders,0,8,KL Rahul,wickets,2,Kolkata Knight Riders,Delhi Capitals,Ravindra Jadeja,Trent Boult,0,0,0,0,2,2
IPL2025_098,2025,2019-01-23,Abu Dhabi,Sheikh Zayed Stadium,Delhi Capitals,Kolkata Knight Riders,Kolkata Knight Riders,bat,Kolkata Knight Riders,0,8,KL Rahul,wickets,2,Kolkata Knight Riders,Delhi Capitals,Rashid Khan,Andre Russell,2,0,2,0,2,3
IPL2025_098,2025,2019-01-23,Abu Dhabi,Sheikh Zayed Stadium,Delhi Capitals,Kolkata Knight Riders,Kolkata Knight Riders,bat,Kolkata Knight Riders,0,8,KL Rahul,wickets,2,Kolkata Knight Riders,Delhi Capitals,Rishabh Pant,Mohammed Siraj,2,0,2,0,2,4
IPL2026_099,2026,2019-01-26,Delhi,Arun Jaitley Stadium,Punjab Kings,Kolkata Knight Riders,Punjab Kings,bat,Punjab Kings,2,0,Virat Kohli,runs,1,Punjab Kings,Kolkata Knight Riders,Faf du Plessis,Rishabh Pant,0,0,0,0,1,1
IPL2026_099,2026,2019-01-26,Delhi,Arun Jaitley Stadium,Punjab Kings,Kolkata Knight Riders,Punjab Kings,bat,Punjab Kings,2,0,Virat Kohli,runs,1,Punjab Kings,Kolkata Knight Riders,Pat Cummins,Glenn Maxwell,1,2,3,0,1,2
IPL2026_099,2026,2019-01-26,Delhi,Arun Jaitley Stadium,Punjab Kings,Kolkata Knight Riders,Punjab Kings,bat,Punjab Kings,2,0,Virat Kohli,runs,1,Punjab Kings,Kolkata Knight Riders,Shikhar Dhawan,Ishan Kishan,4,0,4,1,1,3
IPL2026_099,2026,2019-01-26,Delhi,Arun Jaitley Stadium,Punjab Kings,Kolkata Knight Riders,Punjab Kings,bat,Punjab Kings,2,0,Virat Kohli,runs,1,Punjab Kings,Kolkata Knight Riders,Virat Kohli,KL Rahul,0,1,1,0,1,4
IPL2026_099,2026,2019-01-26,Delhi,Arun Jaitley Stadium,Punjab Kings,Kolkata Knight Riders,Punjab Kings,bat,Punjab Kings,2,0,Virat Kohli,runs,1,Punjab Kings,Kolkata Knight Riders,Virat Kohli,Bhuvneshwar Kumar,0,0,0,0,1,5
IPL2026_099,2026,2019-01-26,Delhi,Arun Jaitley Stadium,Punjab Kings,Kolkata Knight Riders,Punjab Kings,bat,Punjab Kings,2,0,Virat Kohli,runs,1,Punjab Kings,Kolkata Knight Riders,Shreyas Iyer,Hardik Pandya,0,2,2,0,1,6
IPL2026_099,2026,2019-01-26,Delhi,Arun Jaitley Stadium,Punjab Kings,Kolkata Knight Riders,Punjab Kings,bat,Punjab Kings,2,0,Virat Kohli,runs,1,Punjab Kings,Kolkata Knight Riders,Tilak Varma,Ravindra Jadeja,1,2,3,0,2,1
IPL2026_099,2026,2019-01-26,Delhi,Arun Jaitley Stadium,Punjab Kings,Kolkata Knight Riders,Punjab Kings,bat,Punjab Kings,2,0,Virat Kohli,runs,1,Punjab Kings,Kolkata Knight Riders,Ravindra Jadeja,Ruturaj Gaikwad,2,0,2,0,2,2
IPL2026_099,2026,2019-01-26,Delhi,Arun Jaitley Stadium,Punjab Kings,Kolkata Knight Riders,Punjab Kings,bat,Punjab Kings,2,0,Virat Kohli,runs,1,Punjab Kings,Kolkata Knight Riders,Shubman Gill,Jasprit Bumrah,2,0,2,0,2,3
IPL2026_099,2026,2019-01-26,Delhi,Arun Jaitley Stadium,Punjab Kings,Kolkata Knight Riders,Punjab Kings,bat,Punjab Kings,2,0,Virat Kohli,runs,1,Punjab Kings,Kolkata Knight Riders,Yashasvi Jaiswal,Rashid Khan,0,0,0,0,2,4
IPL2026_099,2026,2019-01-26,Delhi,Arun Jaitley Stadium,Punjab Kings,Kolkata Knight Riders,Punjab Kings,bat,Punjab Kings,2,0,Virat Kohli,runs,2,Kolkata Knight Riders,Punjab Kings,David Warner,Sunil Narine,0,0,0,1,1,1
IPL2026_099,2026,2019-01-26,Delhi,Arun Jaitley Stadium,Punjab Kings,Kolkata Knight Riders,Punjab Kings,bat,Punjab Kings,2,0,Virat Kohli,runs,2,Kolkata Knight Riders,Punjab Kings,Rohit Sharma,Jos Buttler,0,0,0,0,1,2
IPL2026_099,2026,2019-01-26,Delhi,Arun Jaitley Stadium,Punjab Kings,Kolkata Knight Riders,Punjab Kings,bat,Punjab Kings,2,0,Virat Kohli,runs,2,Kolkata Knight Riders,Punjab Kings,Shikhar Dhawan,Suryakumar Yadav,1,0,1,0,1,3
IPL2026_099,2026,2019-01-26,Delhi,Arun Jaitley Stadium,Punjab Kings,Kolkata Knight Riders,Punjab Kings,bat,Punjab Kings,2,0,Virat Kohli,runs,2,Kolkata Knight Riders,Punjab Kings,MS Dhoni,Rohit Sharma,0,0,0,0,1,4
IPL2026_099,2026,2019-01-26,Delhi,Arun Jaitley Stadium,Punjab Kings,Kolkata Knight Riders,Punjab Kings,bat,Punjab Kings,2,0,Virat Kohli,runs,2,Kolkata Knight Riders,Punjab Kings,Prithvi Shaw,Rashid Khan,0,1,1,0,1,5
IPL2026_099,2026,2019-01-26,Delhi,Arun Jaitley Stadium,Punjab Kings,Kolkata Knight Riders,Punjab Kings,bat,Punjab Kings,2,0,Virat Kohli,runs,2,Kolkata Knight Riders,Punjab Kings,Ishan Kishan,Tilak Varma,1,0,1,0,1,6
IPL2026_099,2026,2019-01-26,Delhi,Arun Jaitley Stadium,Punjab Kings,Kolkata Knight Riders,Punjab Kings,bat,Punjab Kings,2,0,Virat Kohli,runs,2,Kolkata Knight Riders,Punjab Kings,Yashasvi Jaiswal,David Warner,0,0,0,0,2,1
IPL2026_099,2026,2019-01-26,Delhi,Arun Jaitley Stadium,Punjab Kings,Kolkata Knight Riders,Punjab Kings,bat,Punjab Kings,2,0,Virat Kohli,runs,2,Kolkata Knight Riders,Punjab Kings,Shikhar Dhawan,Ishan Kishan,1,0,1,0,2,2
IPL2026_099,2026,2019-01-26,Delhi,Arun Jaitley Stadium,Punjab Kings,Kolkata Knight Riders,Punjab Kings,bat,Punjab Kings,2,0,Virat Kohli,runs,2,Kolkata Knight Riders,Punjab Kings,Rishabh Pant,Andre Russell,2,0,2,1,2,3
IPL2026_099,2026,2019-01-26,Delhi,Arun Jaitley Stadium,Punjab Kings,Kolkata Knight Riders,Punjab Kings,bat,Punjab Kings,2,0,Virat Kohli,runs,2,Kolkata Knight Riders,Punjab Kings,Ravindra Jadeja,MS Dhoni,1,0,1,0,2,4
IPL2018_100,2018,2019-01-29,Mohali,Punjab Cricket Association Stadium,Lucknow Super Giants,Mumbai Indians,Lucknow Super Giants,field,Lucknow Super Giants,20,0,Mohammed Siraj,runs,1,Lucknow Super Giants,Mumbai Indians,David Warner,Shreyas Iyer,1,0,1,0,1,1
IPL2018_100,2018,2019-01-29,Mohali,Punjab Cricket Association Stadium,Lucknow Super Giants,Mumbai Indians,Lucknow Super Giants,field,Lucknow Super Giants,20,0,Mohammed Siraj,runs,1,Lucknow Super Giants,Mumbai Indians,Jos Buttler,Rashid Khan,1,0,1,0,1,2
IPL2018_100,2018,2019-01-29,Mohali,Punjab Cricket Association Stadium,Lucknow Super Giants,Mumbai Indians,Lucknow Super Giants,field,Lucknow Super Giants,20,0,Mohammed Siraj,runs,1,Lucknow Super Giants,Mumbai Indians,Ruturaj Gaikwad,Suryakumar Yadav,0,0,0,0,1,3
IPL2018_100,2018,2019-01-29,Mohali,Punjab Cricket Association Stadium,Lucknow Super Giants,Mumbai Indians,Lucknow Super Giants,field,Lucknow Super Giants,20,0,Mohammed Siraj,runs,1,Lucknow Super Giants,Mumbai Indians,Tilak Varma,KL Rahul,4,0,4,0,1,4
IPL2018_100,2018,2019-01-29,Mohali,Punjab Cricket Association Stadium,Lucknow Super Giants,Mumbai Indians,Lucknow Super Giants,field,Lucknow Super Giants,20,0,Mohammed Siraj,runs,1,Lucknow Super Giants,Mumbai Indians,Prithvi Shaw,Nicholas Pooran,6,0,6,0,1,5
IPL2018_100,2018,2019-01-29,Mohali,Punjab Cricket Association Stadium,Lucknow Super Giants,Mumbai Indians,Lucknow Super Giants,field,Lucknow Super Giants,20,0,Mohammed Siraj,runs,1,Lucknow Super Giants,Mumbai Indians,Hardik Pandya,Shikhar Dhawan,2,0,2,0,1,6
IPL2018_100,2018,2019-01-29,Mohali,Punjab Cricket Association Stadium,Lucknow Super Giants,Mumbai Indians,Lucknow Super Giants,field,Lucknow Super Giants,20,0,Mohammed Siraj,runs,1,Lucknow Super Giants,Mumbai Indians,Glenn Maxwell,Ravindra Jadeja,4,1,5,0,2,1
IPL2018_100,2018,2019-01-29,Mohali,Punjab Cricket Association Stadium,Lucknow Super Giants,Mumbai Indians,Lucknow Super Giants,field,Lucknow Super Giants,20,0,Mohammed Siraj,runs,1,Lucknow Super Giants,Mumbai Indians,KL Rahul,KL Rahul,1,0,1,0,2,2
IPL2018_100,2018,2019-01-29,Mohali,Punjab Cricket Association Stadium,Lucknow Super Giants,Mumbai Indians,Lucknow Super Giants,field,Lucknow Super Giants,20,0,Mohammed Siraj,runs,1,Lucknow Super Giants,Mumbai Indians,Andre Russell,Suryakumar Yadav,1,0,1,0,2,3
IPL2018_100,2018,2019-01-29,Mohali,Punjab Cricket Association Stadium,Lucknow Super Giants,Mumbai Indians,Lucknow Super Giants,field,Lucknow Super Giants,20,0,Mohammed Siraj,runs,1,Lucknow Super Giants,Mumbai Indians,Rashid Khan,MS Dhoni,1,0,1,0,2,4
IPL2018_100,2018,2019-01-29,Mohali,Punjab Cricket Association Stadium,Lucknow Super Giants,Mumbai Indians,Lucknow Super Giants,field,Lucknow Super Giants,20,0,Mohammed Siraj,runs,2,Mumbai Indians,Lucknow Super Giants,Jasprit Bumrah,Jos Buttler,0,0,0,0,1,1
IPL2018_100,2018,2019-01-29,Mohali,Punjab Cricket Association Stadium,Lucknow Super Giants,Mumbai Indians,Lucknow Super Giants,field,Lucknow Super Giants,20,0,Mohammed Siraj,runs,2,Mumbai Indians,Lucknow Super Giants,Bhuvneshwar Kumar,Bhuvneshwar Kumar,4,0,4,0,1,2
IPL2018_100,2018,2019-01-29,Mohali,Punjab Cricket Association Stadium,Lucknow Super Giants,Mumbai Indians,Lucknow Super Giants,field,Lucknow Super Giants,20,0,Mohammed Siraj,runs,2,Mumbai Indians,Lucknow Super Giants,Mohammed Siraj,Shubman Gill,0,0,0,0,1,3
IPL2018_100,2018,2019-01-29,Mohali,Punjab Cricket Association Stadium,Lucknow Super Giants,Mumbai Indians,Lucknow Super Giants,field,Lucknow Super Giants,20,0,Mohammed Siraj,runs,2,Mumbai Indians,Lucknow Super Giants,Jos Buttler,Shubman Gill,3,0,3,0,1,4
IPL2018_100,2018,2019-01-29,Mohali,Punjab Cricket Association Stadium,Lucknow Super Giants,Mumbai Indians,Lucknow Super Giants,field,Lucknow Super Giants,20,0,Mohammed Siraj,runs,2,Mumbai Indians,Lucknow Super Giants,Sanju Samson,Andre Russell,0,0,0,0,1,5
IPL2018_100,2018,2019-01-29,Mohali,Punjab Cricket Association Stadium,Lucknow Super Giants,Mumbai Indians,Lucknow Super Giants,field,Lucknow Super Giants,20,0,Mohammed Siraj,runs,2,Mumbai Indians,Lucknow Super Giants,Andre Russell,KL Rahul,0,0,0,0,1,6
IPL2018_100,2018,2019-01-29,Mohali,Punjab Cricket Association Stadium,Lucknow Super Giants,Mumbai Indians,Lucknow Super Giants,field,Lucknow Super Giants,20,0,Mohammed Siraj,runs,2,Mumbai Indians,Lucknow Super Giants,David Warner,Shubman Gill,0,0,0,0,2,1
IPL2018_100,2018,2019-01-29,Mohali,Punjab Cricket Association Stadium,Lucknow Super Giants,Mumbai Indians,Lucknow Super Giants,field,Lucknow Super Giants,20,0,Mohammed Siraj,runs,2,Mumbai Indians,Lucknow Super Giants,Faf du Plessis,Rishabh Pant,2,0,2,0,2,2
IPL2018_100,2018,2019-01-29,Mohali,Punjab Cricket Association Stadium,Lucknow Super Giants,Mumbai Indians,Lucknow Super Giants,field,Lucknow Super Giants,20,0,Mohammed Siraj,runs,2,Mumbai Indians,Lucknow Super Giants,Bhuvneshwar Kumar,Jasprit Bumrah,1,0,1,0,2,3
IPL2018_100,2018,2019-01-29,Mohali,Punjab Cricket Association Stadium,Lucknow Super Giants,Mumbai Indians,Lucknow Super Giants,field,Lucknow Super Giants,20,0,Mohammed Siraj,runs,2,Mumbai Indians,Lucknow Super Giants,Andre Russell,Ruturaj Gaikwad,1,1,2,0,2,4
